Format:
VecDecl_node_id Vector_element_id_0 Vector_element_id_1 ...
54 53 52 51 50 49 48 47
63 60 61 62
64 1 1 1
151 20476 20475
152 33 33
202 201 199 196 193 190
203 1 1 1 1 1
206 20464 20463 20462 20461 20460
207 1 1 1 1 1
227 226 224 221 218
228 1 1 1 1
242 241 239 235 236
243 1 1 1 1
252 251 249
253 1 1
277 20476 20475
278 125 119
311 309 310
312 1 1
431 430 429 428 427 426 425 424
461 460 451 452
462 4 33 33
466 465 451 452
467 1 1 1
519 20464 20463 20462 20461 20460 20459 20458 20457
520 486 487 488 489 490 491 492 493
547 546 545 544 543 542 541 540
577 576 567 568
578 4 33 33
582 581 567 568
583 1 1 1
802 801 800 799 798 797 796 795
831 830 821 822
832 4 33 33
836 835 821 822
837 1 1 1
854 853 852 851 850 849 848 847
883 882 873 874
884 4 33 33
888 887 873 874
889 1 1 1
918 902 903 904 905 906 907 908 909 910 911 912 913 914 915 916 917
959 927 928 929 930 931 932 933 934 935 936 937 938 939 940 941 942 943 944 945 946 947 948 949 950 951 952 953 954 955 956 957 958
977 976 975 974 973
990 989 988 987 986
1044 1043 1042 1041 1040 1039 1038 1037 1036 1035 1034 1033 1032 1031 1030 1029 1028 1027 1026 1025 1024 1023 1022 1021 1020 1019 1018 1017 1016 1015 1014 1013 1012 1011
1197 1196 1195 1194 1193 1192 1191 1190 1189 1188 1187 1186 1185 1184 1183 1182 1181 1180 1179 1178 1177 1176 1175 1174 1173 1172 1171 1170 1169 1168 1167 1166 1165 1164
1241 1237 1238 1239 1240
1258 1257 1256 1255 1254
1272 1271 1270 1269 1268
1319 1318 1317 1316 1315 1314 1313 1312 1311 1310 1309 1308 1307 1306 1305 1304 1303 1302 1301 1300 1299 1298 1297 1296 1295 1294 1293 1292 1291 1290 1289 1288 1287 1286 1285 1284 1283
1380 1379 1378 1377 1376 1375 1374 1373 1372 1371 1370 1369 1368 1367 1366 1365 1364 1363 1362 1361 1360 1359 1358 1357 1356 1355 1354 1353 1352 1351 1350 1349 1348 1347 1346 1345 1344
1426 1422 1423 1424 1425
1489 1 6454
1490 970 966
1505 1261 1262 1263 1264
1506 980 981 982 983
1509 980 981 982 983
1510 1 1 1 1
1703 638 639 640 641
1704 1 1 1 1
1706 1695 1696 1697 1698 1699 1700 1701 1702
1707 1 1 1 1 1 1 1 1
1709 1 1671 1672 1673 1674 1675 1676 1677 1678
1710 1 1695 1696 1697 1698 1699 1700 1701 1702
1716 1671 1672 1673 1674 1675 1676 1677 1678
1717 1 1 1 1 1 1 1 4
1844 1843 1842 1841 1840 1839 1838 1837
1873 1872 1863 1864
1874 4 33 33
1878 1877 1863 1864
1879 1 1 1
1924 1892 1893 1894 1895 1896 1897 1898 1899 1900 1901 1902 1903 1904 1905 1906 1907 1908 1909 1910 1911 1912 1913 1914 1915 1916 1917 1918 1919 1920 1921 1922 1923
1943 1942 1941 1940 1939
1990 1989 1988 1987 1986 1985 1984 1983 1982 1981 1980 1979 1978 1977 1976 1975 1974 1973 1972 1971 1970 1969 1968 1967 1966 1965 1964 1963 1962 1961 1960 1959 1958 1957 1956 1955 1954
2036 2032 2033 2034 2035
2043 1 6454
2044 1935 1931
2153 1728 1729 1730 1731
2154 1 1 1 1
2156 2145 2146 2147 2148 2149 2150 2151 2152
2157 1 1 1 1 1 1 1 1
2159 1 2121 2122 2123 2124 2125 2126 2127 2128
2160 1 2145 2146 2147 2148 2149 2150 2151 2152
2394 2121 2122 2123 2124 2125 2126 2127 2128
2395 1 1 1 1 1 1 1 4
2421 2420 2419 2418 2417 2416 2415 2414
2430 2427 2428 2429
2431 1 1 1
2545 314831 314830 314829 314828 314827
2546 1 1 1 1 1
2562 2561 2559 2556 2553 2550
2563 1 1 1 1 1
2576 2575 2573 2570 2567
2577 1 1 1 1
2584 2583 2581 2524 2525
2585 1 1 1 1
2592 2591 2589
2593 1 1
2627 314833 314832
2628 33 33
2699 314833 314832
2700 2492 2486
2752 2750 2751
2753 1 1
2929 2928 2926 2923 2920 2917
2930 1 1 1 1 1
2941 2940 2938
2942 1 1
2958 2957 2955 2951 2952
2959 1 1 1 1
2963 88608 88606 88603 88600 88597
2964 1 1 1 1 1
2986 2985 2983 2980 2977
2987 1 1 1 1
3006 3005 1
3007 1 1
3058 3057 3056 3055 3054 3053 3052 3051
3067 3064 3065 3066
3068 1 1 1
3092 3091 3089 3086 3083 3080
3093 1 1 1 1 1
3104 3103 3101
3105 1 1
3121 3120 3118 3114 3115
3122 1 1 1 1
3126 315298 315297 315296 315295 315294
3127 1 1 1 1 1
3149 3148 3146 3143 3140
3150 1 1 1 1
3316 3315 3314 3313 3312 3311 3310 3309
3346 3345 3336 3337
3347 4 33 33
3351 3350 3336 3337
3352 1 1 1
3404 314831 314830 314829 314828 314827 314826 314825 314824
3405 3371 3372 3373 3374 3375 3376 3377 3378
3432 3431 3430 3429 3428 3427 3426 3425
3462 3461 3452 3453
3463 4 33 33
3467 3466 3452 3453
3468 1 1 1
3535 3534 3525 3526
3536 4 33 33
3540 3539 3525 3526
3541 1 1 1
3575 88608 88606 88603 88600 88597 88594 88591 1
3576 3554 3555 3556 3557 3558 3559 3560 3561
3600 3599 3598 3597 3596 3595 3594 3593
3630 3629 3620 3621
3631 4 33 33
3635 3634 3620 3621
3636 1 1 1
3688 315298 315297 315296 315295 315294 315293 315292 315291
3689 3655 3656 3657 3658 3659 3660 3661 3662
3766 3765 3764 3763 3762 3761 3760 3759
3795 3794 3785 3786
3796 4 33 33
3800 3799 3785 3786
3801 1 1 1
3818 3817 3816 3815 3814 3813 3812 3811
3847 3846 3837 3838
3848 4 33 33
3852 3851 3837 3838
3853 1 1 1
3871 3866 3867 3868 3869 3870
3890 3880 3881 3882 3883 3884 3885 3886 3887 3888 3889
3904 3903 3902
3914 3913 3912
3951 3950 3949 3948 3947 3946 3945 3944 3943 3942 3941 3940 3939 3938 3937 3936 3935 3934
4029 4028 4027 4026 4025 4024 4023 4022 4021 4020 4019 4018 4017 4016 4015 4014 4013 4012
4049 4047 4048
4064 4063 4062
4075 4074 4073
4105 4104 4103 4102 4101 4100 4099 4098 4097 4096 4095 4094 4093 4092 4091 4090 4089 4088 4087 4086 4085
4139 4138 4137 4136 4135 4134 4133 4132 4131 4130 4129 4128 4127 4126 4125 4124 4123 4122 4121 4120 4119
4161 4159 4160
4224 1 6769
4225 3899 3895
4244 4241 3909
4245 4243 4069
4250 4249 3909
4251 1 1
4341 4340 3708
4342 1 1
4344 4331 4332 4333 4334 4335 4336 4337 4338
4345 1 1 1 1 1 1 1 1
4347 1 4307 4308 4309 4310 4311 4312 4313 4314
4348 1 4331 4332 4333 4334 4335 4336 4337 4338
4354 4307 4308 4309 4310 4311 4312 4313 4314
4355 1 1 1 1 1 1 1 4
4410 4409 4408 4407 4406 4405 4404 4403
4439 4438 4429 4430
4440 4 33 33
4444 4443 4429 4430
4445 1 1 1
4462 4461 4460 4459 4458 4457 4456 4455
4491 4490 4481 4482
4492 4 33 33
4496 4495 4481 4482
4497 1 1 1
4520 4510 4511 4512 4513 4514 4515 4516 4517 4518 4519
4539 4538 4537
4550 4549 4548
4629 4628 4627 4626 4625 4624 4623 4622 4621 4620 4619 4618 4617 4616 4615 4614 4613 4612
4649 4647 4648
4662 4661 4660
4673 4672 4671
4703 4702 4701 4700 4699 4698 4697 4696 4695 4694 4693 4692 4691 4690 4689 4688 4687 4686 4685 4684 4683
4727 4725 4726
4741 1 6769
4742 4529 4525
4759 4758 4544
4760 1 1
4767 4764 4544
4768 4766 4667
4844 4843 4367
4845 1 1
4847 4834 4835 4836 4837 4838 4839 4840 4841
4848 1 1 1 1 1 1 1 1
4850 1 4810 4811 4812 4813 4814 4815 4816 4817
4851 1 4834 4835 4836 4837 4838 4839 4840 4841
4857 4810 4811 4812 4813 4814 4815 4816 4817
4858 1 1 1 1 1 1 1 4
4880 4879 4878 4877 4876 4875 4874 4873
4909 4908 4899 4900
4910 4 33 33
4914 4913 4899 4900
4915 1 1 1
5426 5425 5424 5423 5422 5421 5420 5419
5451 5450 5449 5448 5447 5446 5445 5444
5476 5475 5474 5473 5472 5471 5470 5469
5499 5498 5497 5496 5495 5494 5493
5515 5514 5513 5512 5511 5510 5509
5580 5579 5570 5571
5581 1 1 1
5651 5642 5570 5571
5652 5650 5648 5645
5778 5777 5768 5769
5779 1 1 1
5849 5840 5768 5769
5850 5848 5846 5843
5990 5989 5980 5981
5991 1 1 1
6061 6052 5980 5981
6062 6060 6058 6055
6202 6201 6192 6193
6203 1 1 1
6320 6311 6192 6193
6321 6319 6317 6314
6474 6473 6464 6465
6475 1 1 1
6632 6623 6464 6465
6633 6631 6629 6626
6791 6790 6789 6788 6787 6786 6785 6784
6800 6797 6798 6799
6801 1 1 1
6888 20476 20475
6889 33 33
6939 6938 6936 6933 6930 6927
6940 1 1 1 1 1
6943 20464 20463 20462 20461 20460
6944 1 1 1 1 1
6964 6963 6961 6958 6955
6965 1 1 1 1
6979 6978 6976 6972 6973
6980 1 1 1 1
6989 6988 6986
6990 1 1
7014 20476 20475
7015 6862 6856
7048 7046 7047
7049 1 1
7168 7167 7166 7165 7164 7163 7162 7161
7198 7197 7188 7189
7199 4 33 33
7203 7202 7188 7189
7204 1 1 1
7256 20464 20463 20462 20461 20460 20459 20458 20457
7257 7223 7224 7225 7226 7227 7228 7229 7230
7284 7283 7282 7281 7280 7279 7278 7277
7314 7313 7304 7305
7315 4 33 33
7319 7318 7304 7305
7320 1 1 1
7539 7538 7537 7536 7535 7534 7533 7532
7568 7567 7558 7559
7569 4 33 33
7573 7572 7558 7559
7574 1 1 1
7591 7590 7589 7588 7587 7586 7585 7584
7620 7619 7610 7611
7621 4 33 33
7625 7624 7610 7611
7626 1 1 1
7655 7639 7640 7641 7642 7643 7644 7645 7646 7647 7648 7649 7650 7651 7652 7653 7654
7696 7664 7665 7666 7667 7668 7669 7670 7671 7672 7673 7674 7675 7676 7677 7678 7679 7680 7681 7682 7683 7684 7685 7686 7687 7688 7689 7690 7691 7692 7693 7694 7695
7714 7713 7712 7711 7710
7727 7726 7725 7724 7723
7781 7780 7779 7778 7777 7776 7775 7774 7773 7772 7771 7770 7769 7768 7767 7766 7765 7764 7763 7762 7761 7760 7759 7758 7757 7756 7755 7754 7753 7752 7751 7750 7749 7748
7934 7933 7932 7931 7930 7929 7928 7927 7926 7925 7924 7923 7922 7921 7920 7919 7918 7917 7916 7915 7914 7913 7912 7911 7910 7909 7908 7907 7906 7905 7904 7903 7902 7901
7978 7974 7975 7976 7977
7995 7994 7993 7992 7991
8009 8008 8007 8006 8005
8056 8055 8054 8053 8052 8051 8050 8049 8048 8047 8046 8045 8044 8043 8042 8041 8040 8039 8038 8037 8036 8035 8034 8033 8032 8031 8030 8029 8028 8027 8026 8025 8024 8023 8022 8021 8020
8117 8116 8115 8114 8113 8112 8111 8110 8109 8108 8107 8106 8105 8104 8103 8102 8101 8100 8099 8098 8097 8096 8095 8094 8093 8092 8091 8090 8089 8088 8087 8086 8085 8084 8083 8082 8081
8163 8159 8160 8161 8162
8226 1 6454
8227 7707 7703
8242 7998 7999 8000 8001
8243 7717 7718 7719 7720
8246 7717 7718 7719 7720
8247 1 1 1 1
8440 7375 7376 7377 7378
8441 1 1 1 1
8443 8432 8433 8434 8435 8436 8437 8438 8439
8444 1 1 1 1 1 1 1 1
8446 1 8408 8409 8410 8411 8412 8413 8414 8415
8447 1 8432 8433 8434 8435 8436 8437 8438 8439
8453 8408 8409 8410 8411 8412 8413 8414 8415
8454 1 1 1 1 1 1 1 4
8581 8580 8579 8578 8577 8576 8575 8574
8610 8609 8600 8601
8611 4 33 33
8615 8614 8600 8601
8616 1 1 1
8661 8629 8630 8631 8632 8633 8634 8635 8636 8637 8638 8639 8640 8641 8642 8643 8644 8645 8646 8647 8648 8649 8650 8651 8652 8653 8654 8655 8656 8657 8658 8659 8660
8680 8679 8678 8677 8676
8727 8726 8725 8724 8723 8722 8721 8720 8719 8718 8717 8716 8715 8714 8713 8712 8711 8710 8709 8708 8707 8706 8705 8704 8703 8702 8701 8700 8699 8698 8697 8696 8695 8694 8693 8692 8691
8773 8769 8770 8771 8772
8780 1 6454
8781 8672 8668
8890 8465 8466 8467 8468
8891 1 1 1 1
8893 8882 8883 8884 8885 8886 8887 8888 8889
8894 1 1 1 1 1 1 1 1
8896 1 8858 8859 8860 8861 8862 8863 8864 8865
8897 1 8882 8883 8884 8885 8886 8887 8888 8889
9131 8858 8859 8860 8861 8862 8863 8864 8865
9132 1 1 1 1 1 1 1 4
9158 9157 9156 9155 9154 9153 9152 9151
9167 9164 9165 9166
9168 1 1 1
9282 314831 314830 314829 314828 314827
9283 1 1 1 1 1
9299 9298 9296 9293 9290 9287
9300 1 1 1 1 1
9313 9312 9310 9307 9304
9314 1 1 1 1
9321 9320 9318 9261 9262
9322 1 1 1 1
9329 9328 9326
9330 1 1
9364 314833 314832
9365 33 33
9436 314833 314832
9437 9229 9223
9489 9487 9488
9490 1 1
9666 9665 9663 9660 9657 9654
9667 1 1 1 1 1
9678 9677 9675
9679 1 1
9695 9694 9692 9688 9689
9696 1 1 1 1
9700 88608 88606 88603 88600 88597
9701 1 1 1 1 1
9723 9722 9720 9717 9714
9724 1 1 1 1
9743 9742 1
9744 1 1
9795 9794 9793 9792 9791 9790 9789 9788
9804 9801 9802 9803
9805 1 1 1
9829 9828 9826 9823 9820 9817
9830 1 1 1 1 1
9841 9840 9838
9842 1 1
9858 9857 9855 9851 9852
9859 1 1 1 1
9863 315298 315297 315296 315295 315294
9864 1 1 1 1 1
9886 9885 9883 9880 9877
9887 1 1 1 1
10053 10052 10051 10050 10049 10048 10047 10046
10083 10082 10073 10074
10084 4 33 33
10088 10087 10073 10074
10089 1 1 1
10141 314831 314830 314829 314828 314827 314826 314825 314824
10142 10108 10109 10110 10111 10112 10113 10114 10115
10169 10168 10167 10166 10165 10164 10163 10162
10199 10198 10189 10190
10200 4 33 33
10204 10203 10189 10190
10205 1 1 1
10272 10271 10262 10263
10273 4 33 33
10277 10276 10262 10263
10278 1 1 1
10312 88608 88606 88603 88600 88597 88594 88591 1
10313 10291 10292 10293 10294 10295 10296 10297 10298
10337 10336 10335 10334 10333 10332 10331 10330
10367 10366 10357 10358
10368 4 33 33
10372 10371 10357 10358
10373 1 1 1
10425 315298 315297 315296 315295 315294 315293 315292 315291
10426 10392 10393 10394 10395 10396 10397 10398 10399
10503 10502 10501 10500 10499 10498 10497 10496
10532 10531 10522 10523
10533 4 33 33
10537 10536 10522 10523
10538 1 1 1
10555 10554 10553 10552 10551 10550 10549 10548
10584 10583 10574 10575
10585 4 33 33
10589 10588 10574 10575
10590 1 1 1
10608 10603 10604 10605 10606 10607
10627 10617 10618 10619 10620 10621 10622 10623 10624 10625 10626
10641 10640 10639
10651 10650 10649
10688 10687 10686 10685 10684 10683 10682 10681 10680 10679 10678 10677 10676 10675 10674 10673 10672 10671
10766 10765 10764 10763 10762 10761 10760 10759 10758 10757 10756 10755 10754 10753 10752 10751 10750 10749
10786 10784 10785
10801 10800 10799
10812 10811 10810
10842 10841 10840 10839 10838 10837 10836 10835 10834 10833 10832 10831 10830 10829 10828 10827 10826 10825 10824 10823 10822
10876 10875 10874 10873 10872 10871 10870 10869 10868 10867 10866 10865 10864 10863 10862 10861 10860 10859 10858 10857 10856
10898 10896 10897
10961 1 6769
10962 10636 10632
10981 10978 10646
10982 10980 10806
10987 10986 10646
10988 1 1
11078 11077 10445
11079 1 1
11081 11068 11069 11070 11071 11072 11073 11074 11075
11082 1 1 1 1 1 1 1 1
11084 1 11044 11045 11046 11047 11048 11049 11050 11051
11085 1 11068 11069 11070 11071 11072 11073 11074 11075
11091 11044 11045 11046 11047 11048 11049 11050 11051
11092 1 1 1 1 1 1 1 4
11147 11146 11145 11144 11143 11142 11141 11140
11176 11175 11166 11167
11177 4 33 33
11181 11180 11166 11167
11182 1 1 1
11199 11198 11197 11196 11195 11194 11193 11192
11228 11227 11218 11219
11229 4 33 33
11233 11232 11218 11219
11234 1 1 1
11257 11247 11248 11249 11250 11251 11252 11253 11254 11255 11256
11276 11275 11274
11287 11286 11285
11366 11365 11364 11363 11362 11361 11360 11359 11358 11357 11356 11355 11354 11353 11352 11351 11350 11349
11386 11384 11385
11399 11398 11397
11410 11409 11408
11440 11439 11438 11437 11436 11435 11434 11433 11432 11431 11430 11429 11428 11427 11426 11425 11424 11423 11422 11421 11420
11464 11462 11463
11478 1 6769
11479 11266 11262
11496 11495 11281
11497 1 1
11504 11501 11281
11505 11503 11404
11581 11580 11104
11582 1 1
11584 11571 11572 11573 11574 11575 11576 11577 11578
11585 1 1 1 1 1 1 1 1
11587 1 11547 11548 11549 11550 11551 11552 11553 11554
11588 1 11571 11572 11573 11574 11575 11576 11577 11578
11594 11547 11548 11549 11550 11551 11552 11553 11554
11595 1 1 1 1 1 1 1 4
11617 11616 11615 11614 11613 11612 11611 11610
11646 11645 11636 11637
11647 4 33 33
11651 11650 11636 11637
11652 1 1 1
12126 12125 12124 12123 12122 12121 12120 12119
12156 12155 12146 12147
12157 4 33 33
12161 12160 12146 12147
12162 1 1 1
12180 12179 12178 12177 12176 12175 12174 12173
12210 12209 12200 12201
12211 4 33 33
12215 12214 12200 12201
12216 1 1 1
12437 1 1 1 1 1 1 1 12436
12455 1 1 1 1 1 1 1 12454
12528 1 1 1 1 1 1 1 12527
12550 1 1 1 1 1 1 1 12549
12597 1 1 1 1 1 1 1 12596
12602 1 1 1 1 1 1 1 12601
12632 1 1 1 1 1 1 1 12631
12650 1 1 1 1 1 1 1 12649
12723 1 1 1 1 1 1 1 12722
12744 1 1 1 1 1 1 1 12743
12811 1 1 1 1 1 1 1 12810
12817 1 1 1 1 1 1 1 12816
12848 1 1 1 1 1 1 1 12847
12854 1 1 1 1 1 1 1 12853
12970 1 1 1 1 1 1 1 12969
12976 1 1 1 1 1 1 1 12975
13007 1 1 1 1 1 1 1 13006
13013 1 1 1 1 1 1 1 13012
13110 9 9 9 9 9 9 9 9 9 12947 12930 12913 12896 12882 12845 12805
13115 9 9 9 9 9 9 9 9 9 12940 12923 12906 12889 12881 12844 12798
13120 1 1 1 1 1 1 1 1 1 12936 12919 12902 12885 12857 12820 12794
13122 9 9 9 9 9 9 9 9 9 12934 12917 12900 12883 12855 12818 12792
13123 1 1 1 1 1 1 1 1 1 12935 12918 12901 12884 12856 12819 12793
13163 9 9 9 9 9 9 9 9 9 13106 13089 13072 13055 13041 13004 12964
13168 9 9 9 9 9 9 9 9 9 13099 13082 13065 13048 13040 13003 12957
13177 1 1 1 1 1 1 1 1 1 13095 13078 13061 13044 13016 12979 12953
13179 9 9 9 9 9 9 9 9 9 13093 13076 13059 13042 13014 12977 12951
13180 1 1 1 1 1 1 1 1 1 13094 13077 13060 13043 13015 12978 12952
13215 1 1 1 1 1 1 1 13214
13238 1 1 1 1 1 1 1 13237
13302 1 1 1 1 1 1 1 13301
13325 1 1 1 1 1 1 1 13324
13389 1 1 1 1 1 1 1 13388
13412 1 1 1 1 1 1 1 13411
13476 1 1 1 1 1 1 1 13475
13499 1 1 1 1 1 1 1 13498
13563 1 1 1 1 1 1 1 13562
13586 1 1 1 1 1 1 1 13585
13650 1 1 1 1 1 1 1 13649
13673 1 1 1 1 1 1 1 13672
13737 1 1 1 1 1 1 1 13736
13760 1 1 1 1 1 1 1 13759
14201 14200 14194
14202 1 1
14213 14208 14212
14214 1 1
14240 1 1 1 1 1 1 1 1 1 13780 13693 13606 13519 13432 13345 13258
14242 1 1 1 1 1 1 1 1 1 13764 13677 13590 13503 13416 13329 13242
14243 1 1 1 1 1 1 1 1 1 13765 13678 13591 13504 13417 13330 13243
14244 1 1 1 1 1 1 1 1 1 13766 13679 13592 13505 13418 13331 13244
14245 1 1 1 1 1 1 1 1 1 13767 13680 13593 13506 13419 13332 13245
14246 1 1 1 1 1 1 1 1 1 13768 13681 13594 13507 13420 13333 13246
14247 1 1 1 1 1 1 1 1 1 13769 13682 13595 13508 13421 13334 13247
14248 1 1 1 1 1 1 1 1 1 13770 13683 13596 13509 13422 13335 13248
14249 1 1 1 1 1 1 1 1 1 13771 13684 13597 13510 13423 13336 13249
14250 1 1 1 1 1 1 1 1 1 13772 13685 13598 13511 13424 13337 13250
14251 1 1 1 1 1 1 1 1 1 13773 13686 13599 13512 13425 13338 13251
14252 1 1 1 1 1 1 1 1 1 13774 13687 13600 13513 13426 13339 13252
14253 1 1 1 1 1 1 1 1 1 13775 13688 13601 13514 13427 13340 13253
14254 1 1 1 1 1 1 1 1 1 13776 13689 13602 13515 13428 13341 13254
14255 1 1 1 1 1 1 1 1 1 13777 13690 13603 13516 13429 13342 13255
14256 1 1 1 1 1 1 1 1 1 13778 13691 13604 13517 13430 13343 13256
14257 1 1 1 1 1 1 1 1 1 13779 13692 13605 13518 13431 13344 13257
14274 32 32 32 32 32 32 32 32 32 13791 13704 13617 13530 13443 13356 13269
14276 1 1 1 1 1 1 1 1 1 13795 13708 13621 13534 13447 13360 13273
14320 9 9 9 9 9 9 9 9 9 14279 14285 14291 14297 14303 14309 14315
14321 1 1 1 1 1 1 1 1 1 14283 14289 14295 14301 14307 14313 14319
14324 9 9 9 9 9 9 9 9 9 13796 13709 13622 13535 13448 13361 13274
14342 9 9 9 9 9 9 9 9 9 13821 13734 13647 13560 13473 13386 13299
14384 14383 6181
14385 4 2
14389 14388 6181
14390 4 42
14399 14398 14397 14396 14395 14394 14393
14406 14404 14405
14407 1 1
14507 6139 6140
14508 33 33
14568 6139 6140
14569 14468 14462
14617 14615 14616
14618 1 1
14677 14676 17703
14678 4 2
14682 14681 17703
14683 4 42
14745 14744 14743 14742 14741 14740 14739
14766 14765 14759
14767 4 33
14771 14770 14759
14772 1 1
14824 14821 6181
14825 14823 14788
14834 14831 6169 6170 6171 6172 6173 6174 6175
14835 14833 14792 14793 14794 14795 14796 14797 14798
14862 14861 14860 14859 14858 14857 14856
14883 14882 14876
14884 4 33
14888 14887 14876
14889 1 1
14921 14918 17703
14922 14920 14903
15151 15150 15149 15148 15147 15146 15145
15171 15170 15164
15172 4 33
15176 15175 15164
15177 1 1
15191 15190 15189 15188 15187 15186 15185
15211 15210 15204
15212 4 33
15216 15215 15204
15217 1 1
15251 15230 15231 15232 15233 15234 15235 15236 15237 15238 15239 15240 15241 15242 15243 15244 15245 15246 15247 15248 15249 15250
15306 15264 15265 15266 15267 15268 15269 15270 15271 15272 15273 15274 15275 15276 15277 15278 15279 15280 15281 15282 15283 15284 15285 15286 15287 15288 15289 15290 15291 15292 15293 15294 15295 15296 15297 15298 15299 15300 15301 15302 15303 15304 15305
15328 15327 15326 15325 15324 15323 15322 15321 15320
15350 15349 15348 15347 15346 15345 15344 15343 15342
15443 15442 15441 15440 15439 15438 15437 15436 15435 15434 15433 15432 15431 15430 15429 15428 15427 15426 15425 15424 15423 15422 15421 15420 15419 15418 15417 15416 15415 15414 15413 15412 15411 15410 15409 15408 15407 15406 15405 15404 15403 15402 15401 15400 15399 15398 15397 15396 15395 15394 15393 15392 15391 15390 15389 15388 15387 15386 15385 15384 15383 15382 15381 15380 15379 15378
15733 15732 15731 15730 15729 15728 15727 15726 15725 15724 15723 15722 15721 15720 15719 15718 15717 15716 15715 15714 15713 15712 15711 15710 15709 15708 15707 15706 15705 15704 15703 15702 15701 15700 15699 15698 15697 15696 15695 15694 15693 15692 15691 15690 15689 15688 15687 15686 15685 15684 15683 15682 15681 15680 15679 15678 15677 15676 15675 15674 15673 15672 15671 15670 15669 15668
15791 15785 15786 15787 15788 15789 15790
15814 15813 15812 15811 15810 15809 15808 15807 15806
15837 15836 15835 15834 15833 15832 15831 15830 15829
15923 15922 15921 15920 15919 15918 15917 15916 15915 15914 15913 15912 15911 15910 15909 15908 15907 15906 15905 15904 15903 15902 15901 15900 15899 15898 15897 15896 15895 15894 15893 15892 15891 15890 15889 15888 15887 15886 15885 15884 15883 15882 15881 15880 15879 15878 15877 15876 15875 15874 15873 15872 15871 15870 15869 15868 15867 15866 15865 15864 15863 15862 15861 15860 15859 15858 15857 15856 15855
16025 16024 16023 16022 16021 16020 16019 16018 16017 16016 16015 16014 16013 16012 16011 16010 16009 16008 16007 16006 16005 16004 16003 16002 16001 16000 15999 15998 15997 15996 15995 15994 15993 15992 15991 15990 15989 15988 15987 15986 15985 15984 15983 15982 15981 15980 15979 15978 15977 15976 15975 15974 15973 15972 15971 15970 15969 15968 15967 15966 15965 15964 15963 15962 15961 15960 15959 15958 15957
16078 16075 6181
16079 16077 17703
16091 16085 16086 16087 16088 16089 16090
16156 1 17701
16157 15317 15313
16166 16163 6181
16167 16165 17703
16182 16179 15335 15336 15337 15338 15339
16183 16181 15821 15822 15823 15824 15825
16188 16187 15335 15336 15337 15338 15339
16189 1 1 1 1 1 1
16435 16434 14938 14939 14940 14941 14942
16436 1 1 1 1 1 1
16438 16425 16426 16427 16428 16429 16430 16431 16432
16439 1 1 1 1 1 1 1 1
16441 1 16401 16402 16403 16404 16405 16406 16407 16408
16442 1 16425 16426 16427 16428 16429 16430 16431 16432
16448 16401 16402 16403 16404 16405 16406 16407 16408
16449 1 1 1 1 1 1 1 4
16611 16610 16609 16608 16607 16606 16605
16631 16630 16624
16632 4 33
16636 16635 16624
16637 1 1
16692 16650 16651 16652 16653 16654 16655 16656 16657 16658 16659 16660 16661 16662 16663 16664 16665 16666 16667 16668 16669 16670 16671 16672 16673 16674 16675 16676 16677 16678 16679 16680 16681 16682 16683 16684 16685 16686 16687 16688 16689 16690 16691
16715 16714 16713 16712 16711 16710 16709 16708 16707
16801 16800 16799 16798 16797 16796 16795 16794 16793 16792 16791 16790 16789 16788 16787 16786 16785 16784 16783 16782 16781 16780 16779 16778 16777 16776 16775 16774 16773 16772 16771 16770 16769 16768 16767 16766 16765 16764 16763 16762 16761 16760 16759 16758 16757 16756 16755 16754 16753 16752 16751 16750 16749 16748 16747 16746 16745 16744 16743 16742 16741 16740 16739 16738 16737 16736 16735 16734 16733
16861 16855 16856 16857 16858 16859 16860
16870 1 17701
16871 16703 16699
17006 17005 16461 16462 16463 16464 16465
17007 1 1 1 1 1 1
17009 16996 16997 16998 16999 17000 17001 17002 17003
17010 1 1 1 1 1 1 1 1
17012 1 16972 16973 16974 16975 16976 16977 16978 16979
17013 1 16996 16997 16998 16999 17000 17001 17002 17003
17247 16972 16973 16974 16975 16976 16977 16978 16979
17248 1 1 1 1 1 1 1 4
17268 17267 17266 17265 17264 17263 17262
17288 17287 17281
17289 4 33
17293 17292 17281
17294 1 1
17298 17297 17281
17299 1 4
17303 17302 17279
17304 1 1
17617 17616 17615 17614 17613 17612 17611 17610
17648 17777 17777 17777 17777 17777 17777 17777 17777 17777 17777 17777 17723 17812 17869 17850 17831 17811 17811 17811 17811 17811 17811 17811 17811 17777 17777 17777 17777 17777 17777 17777 17777
17924 17923 17922 17921 17920 17919 17918 17917
17933 17930 17931 17932
17934 1 1 1
18021 23181 23180
18022 33 33
18072 18071 18069 18066 18063 18060
18073 1 1 1 1 1
18076 23169 23168 23167 23166 23165
18077 1 1 1 1 1
18097 18096 18094 18091 18088
18098 1 1 1 1
18112 18111 18109 18105 18106
18113 1 1 1 1
18122 18121 18119
18123 1 1
18147 23181 23180
18148 17995 17989
18181 18179 18180
18182 1 1
18301 18300 18299 18298 18297 18296 18295 18294
18331 18330 18321 18322
18332 4 33 33
18336 18335 18321 18322
18337 1 1 1
18389 23169 23168 23167 23166 23165 23164 23163 23162
18390 18356 18357 18358 18359 18360 18361 18362 18363
18417 18416 18415 18414 18413 18412 18411 18410
18447 18446 18437 18438
18448 4 33 33
18452 18451 18437 18438
18453 1 1 1
18672 18671 18670 18669 18668 18667 18666 18665
18701 18700 18691 18692
18702 4 33 33
18706 18705 18691 18692
18707 1 1 1
18724 18723 18722 18721 18720 18719 18718 18717
18753 18752 18743 18744
18754 4 33 33
18758 18757 18743 18744
18759 1 1 1
18788 18772 18773 18774 18775 18776 18777 18778 18779 18780 18781 18782 18783 18784 18785 18786 18787
18829 18797 18798 18799 18800 18801 18802 18803 18804 18805 18806 18807 18808 18809 18810 18811 18812 18813 18814 18815 18816 18817 18818 18819 18820 18821 18822 18823 18824 18825 18826 18827 18828
18847 18846 18845 18844 18843
18860 18859 18858 18857 18856
18914 18913 18912 18911 18910 18909 18908 18907 18906 18905 18904 18903 18902 18901 18900 18899 18898 18897 18896 18895 18894 18893 18892 18891 18890 18889 18888 18887 18886 18885 18884 18883 18882 18881
19067 19066 19065 19064 19063 19062 19061 19060 19059 19058 19057 19056 19055 19054 19053 19052 19051 19050 19049 19048 19047 19046 19045 19044 19043 19042 19041 19040 19039 19038 19037 19036 19035 19034
19111 19107 19108 19109 19110
19128 19127 19126 19125 19124
19142 19141 19140 19139 19138
19189 19188 19187 19186 19185 19184 19183 19182 19181 19180 19179 19178 19177 19176 19175 19174 19173 19172 19171 19170 19169 19168 19167 19166 19165 19164 19163 19162 19161 19160 19159 19158 19157 19156 19155 19154 19153
19250 19249 19248 19247 19246 19245 19244 19243 19242 19241 19240 19239 19238 19237 19236 19235 19234 19233 19232 19231 19230 19229 19228 19227 19226 19225 19224 19223 19222 19221 19220 19219 19218 19217 19216 19215 19214
19296 19292 19293 19294 19295
19359 1 20588
19360 18840 18836
19375 18850 18851 18852 18853
19376 19131 19132 19133 19134
19379 18850 18851 18852 18853
19380 1 1 1 1
19573 18508 18509 18510 18511
19574 1 1 1 1
19576 19565 19566 19567 19568 19569 19570 19571 19572
19577 1 1 1 1 1 1 1 1
19579 1 19541 19542 19543 19544 19545 19546 19547 19548
19580 1 19565 19566 19567 19568 19569 19570 19571 19572
19586 19541 19542 19543 19544 19545 19546 19547 19548
19587 1 1 1 1 1 1 1 4
19714 19713 19712 19711 19710 19709 19708 19707
19743 19742 19733 19734
19744 4 33 33
19748 19747 19733 19734
19749 1 1 1
19794 19762 19763 19764 19765 19766 19767 19768 19769 19770 19771 19772 19773 19774 19775 19776 19777 19778 19779 19780 19781 19782 19783 19784 19785 19786 19787 19788 19789 19790 19791 19792 19793
19813 19812 19811 19810 19809
19860 19859 19858 19857 19856 19855 19854 19853 19852 19851 19850 19849 19848 19847 19846 19845 19844 19843 19842 19841 19840 19839 19838 19837 19836 19835 19834 19833 19832 19831 19830 19829 19828 19827 19826 19825 19824
19906 19902 19903 19904 19905
19913 1 20588
19914 19805 19801
20023 19598 19599 19600 19601
20024 1 1 1 1
20026 20015 20016 20017 20018 20019 20020 20021 20022
20027 1 1 1 1 1 1 1 1
20029 1 19991 19992 19993 19994 19995 19996 19997 19998
20030 1 20015 20016 20017 20018 20019 20020 20021 20022
20264 19991 19992 19993 19994 19995 19996 19997 19998
20265 1 1 1 1 1 1 1 4
20277 1 1 1 1 1 1 1 20276
20312 1 1 1 1 1 1 1 20311
20521 1 1 1 1 1 1 1 20520
20545 1 1 1 1 1 1 1 20544
20629 20628 20627 20626 20625 20624 20623 20622
20638 20635 20636 20637
20639 1 1 1
20726 26347 26348
20727 33 33
20777 20776 20774 20771 20768 20765
20778 1 1 1 1 1
20781 26366 26367 26368 26369 26370
20782 1 1 1 1 1
20802 20801 20799 20796 20793
20803 1 1 1 1
20817 20816 20814 20810 20811
20818 1 1 1 1
20827 20826 20824
20828 1 1
20852 26347 26348
20853 20700 20694
20886 20884 20885
20887 1 1
21006 21005 21004 21003 21002 21001 21000 20999
21036 21035 21026 21027
21037 4 33 33
21041 21040 21026 21027
21042 1 1 1
21094 26366 26367 26368 26369 26370 26371 26372 26373
21095 21061 21062 21063 21064 21065 21066 21067 21068
21122 21121 21120 21119 21118 21117 21116 21115
21152 21151 21142 21143
21153 4 33 33
21157 21156 21142 21143
21158 1 1 1
21377 21376 21375 21374 21373 21372 21371 21370
21406 21405 21396 21397
21407 4 33 33
21411 21410 21396 21397
21412 1 1 1
21429 21428 21427 21426 21425 21424 21423 21422
21458 21457 21448 21449
21459 4 33 33
21463 21462 21448 21449
21464 1 1 1
21493 21477 21478 21479 21480 21481 21482 21483 21484 21485 21486 21487 21488 21489 21490 21491 21492
21534 21502 21503 21504 21505 21506 21507 21508 21509 21510 21511 21512 21513 21514 21515 21516 21517 21518 21519 21520 21521 21522 21523 21524 21525 21526 21527 21528 21529 21530 21531 21532 21533
21552 21551 21550 21549 21548
21565 21564 21563 21562 21561
21619 21618 21617 21616 21615 21614 21613 21612 21611 21610 21609 21608 21607 21606 21605 21604 21603 21602 21601 21600 21599 21598 21597 21596 21595 21594 21593 21592 21591 21590 21589 21588 21587 21586
21772 21771 21770 21769 21768 21767 21766 21765 21764 21763 21762 21761 21760 21759 21758 21757 21756 21755 21754 21753 21752 21751 21750 21749 21748 21747 21746 21745 21744 21743 21742 21741 21740 21739
21816 21812 21813 21814 21815
21833 21832 21831 21830 21829
21847 21846 21845 21844 21843
21894 21893 21892 21891 21890 21889 21888 21887 21886 21885 21884 21883 21882 21881 21880 21879 21878 21877 21876 21875 21874 21873 21872 21871 21870 21869 21868 21867 21866 21865 21864 21863 21862 21861 21860 21859 21858
21955 21954 21953 21952 21951 21950 21949 21948 21947 21946 21945 21944 21943 21942 21941 21940 21939 21938 21937 21936 21935 21934 21933 21932 21931 21930 21929 21928 21927 21926 21925 21924 21923 21922 21921 21920 21919
22001 21997 21998 21999 22000
22064 1 23293
22065 21545 21541
22080 21836 21837 21838 21839
22081 21555 21556 21557 21558
22084 21555 21556 21557 21558
22085 1 1 1 1
22278 21213 21214 21215 21216
22279 1 1 1 1
22281 22270 22271 22272 22273 22274 22275 22276 22277
22282 1 1 1 1 1 1 1 1
22284 1 22246 22247 22248 22249 22250 22251 22252 22253
22285 1 22270 22271 22272 22273 22274 22275 22276 22277
22291 22246 22247 22248 22249 22250 22251 22252 22253
22292 1 1 1 1 1 1 1 4
22419 22418 22417 22416 22415 22414 22413 22412
22448 22447 22438 22439
22449 4 33 33
22453 22452 22438 22439
22454 1 1 1
22499 22467 22468 22469 22470 22471 22472 22473 22474 22475 22476 22477 22478 22479 22480 22481 22482 22483 22484 22485 22486 22487 22488 22489 22490 22491 22492 22493 22494 22495 22496 22497 22498
22518 22517 22516 22515 22514
22565 22564 22563 22562 22561 22560 22559 22558 22557 22556 22555 22554 22553 22552 22551 22550 22549 22548 22547 22546 22545 22544 22543 22542 22541 22540 22539 22538 22537 22536 22535 22534 22533 22532 22531 22530 22529
22611 22607 22608 22609 22610
22618 1 23293
22619 22510 22506
22728 22303 22304 22305 22306
22729 1 1 1 1
22731 22720 22721 22722 22723 22724 22725 22726 22727
22732 1 1 1 1 1 1 1 1
22734 1 22696 22697 22698 22699 22700 22701 22702 22703
22735 1 22720 22721 22722 22723 22724 22725 22726 22727
22969 22696 22697 22698 22699 22700 22701 22702 22703
22970 1 1 1 1 1 1 1 4
22982 1 1 1 1 1 1 1 22981
23017 1 1 1 1 1 1 1 23016
23226 1 1 1 1 1 1 1 23225
23250 1 1 1 1 1 1 1 23249
23334 23333 23332 23331 23330 23329 23328 23327
23343 23340 23341 23342
23344 1 1 1
23431 26347 26348
23432 33 33
23482 23481 23479 23476 23473 23470
23483 1 1 1 1 1
23486 26366 26367 26368 26369 26370
23487 1 1 1 1 1
23507 23506 23504 23501 23498
23508 1 1 1 1
23522 23521 23519 23515 23516
23523 1 1 1 1
23532 23531 23529
23533 1 1
23557 26347 26348
23558 23405 23399
23591 23589 23590
23592 1 1
23711 23710 23709 23708 23707 23706 23705 23704
23741 23740 23731 23732
23742 4 33 33
23746 23745 23731 23732
23747 1 1 1
23799 26366 26367 26368 26369 26370 26371 26372 26373
23800 23766 23767 23768 23769 23770 23771 23772 23773
23828 23827 23826 23825 23824 23823 23822 23821
23861 23860 23851 23852
23862 4 33 33
23866 23865 23851 23852
23867 1 1 1
24086 24085 24084 24083 24082 24081 24080 24079
24115 24114 24105 24106
24116 4 33 33
24120 24119 24105 24106
24121 1 1 1
24139 24138 24137 24136 24135 24134 24133 24132
24171 24170 24161 24162
24172 4 33 33
24176 24175 24161 24162
24177 1 1 1
24206 24190 24191 24192 24193 24194 24195 24196 24197 24198 24199 24200 24201 24202 24203 24204 24205
24247 24215 24216 24217 24218 24219 24220 24221 24222 24223 24224 24225 24226 24227 24228 24229 24230 24231 24232 24233 24234 24235 24236 24237 24238 24239 24240 24241 24242 24243 24244 24245 24246
24265 24264 24263 24262 24261
24278 24277 24276 24275 24274
24332 24331 24330 24329 24328 24327 24326 24325 24324 24323 24322 24321 24320 24319 24318 24317 24316 24315 24314 24313 24312 24311 24310 24309 24308 24307 24306 24305 24304 24303 24302 24301 24300 24299
24485 24484 24483 24482 24481 24480 24479 24478 24477 24476 24475 24474 24473 24472 24471 24470 24469 24468 24467 24466 24465 24464 24463 24462 24461 24460 24459 24458 24457 24456 24455 24454 24453 24452
24529 24525 24526 24527 24528
24547 24546 24545 24544 24543
24565 24564 24563 24562 24561
24615 24614 24613 24612 24611 24610 24609 24608 24607 24606 24605 24604 24603 24602 24601 24600 24599 24598 24597 24596 24595 24594 24593 24592 24591 24590 24589 24588 24587 24586 24585 24584 24583 24582 24581 24580 24579
24676 24675 24674 24673 24672 24671 24670 24669 24668 24667 24666 24665 24664 24663 24662 24661 24660 24659 24658 24657 24656 24655 24654 24653 24652 24651 24650 24649 24648 24647 24646 24645 24644 24643 24642 24641 24640
24723 24719 24720 24721 24722
24789 1 23293
24790 24258 24254
24805 24553 24554 24555 24556
24806 24268 24269 24270 24271
24809 24268 24269 24270 24271
24810 1 1 1 1
25003 23922 23923 23924 23925
25004 1 1 1 1
25006 24995 24996 24997 24998 24999 25000 25001 25002
25007 1 1 1 1 1 1 1 1
25009 1 24971 24972 24973 24974 24975 24976 24977 24978
25010 1 24995 24996 24997 24998 24999 25000 25001 25002
25016 24971 24972 24973 24974 24975 24976 24977 24978
25017 1 1 1 1 1 1 1 4
25145 25144 25143 25142 25141 25140 25139 25138
25177 25176 25167 25168
25178 4 33 33
25182 25181 25167 25168
25183 1 1 1
25228 25196 25197 25198 25199 25200 25201 25202 25203 25204 25205 25206 25207 25208 25209 25210 25211 25212 25213 25214 25215 25216 25217 25218 25219 25220 25221 25222 25223 25224 25225 25226 25227
25248 25247 25246 25245 25244
25298 25297 25296 25295 25294 25293 25292 25291 25290 25289 25288 25287 25286 25285 25284 25283 25282 25281 25280 25279 25278 25277 25276 25275 25274 25273 25272 25271 25270 25269 25268 25267 25266 25265 25264 25263 25262
25345 25341 25342 25343 25344
25355 1 23293
25356 25239 25235
25465 25028 25029 25030 25031
25466 1 1 1 1
25468 25457 25458 25459 25460 25461 25462 25463 25464
25469 1 1 1 1 1 1 1 1
25471 1 25433 25434 25435 25436 25437 25438 25439 25440
25472 1 25457 25458 25459 25460 25461 25462 25463 25464
25706 25433 25434 25435 25436 25437 25438 25439 25440
25707 1 1 1 1 1 1 1 4
25728 25727 25726 25725 25724 25723 25722 25721
25758 25757 25748 25749
25759 4 33 33
25763 25762 25748 25749
25764 1 1 1
25783 25782 25781 25780 25779 25778 25777 25776
25816 25815 25806 25807
25817 4 33 33
25821 25820 25806 25807
25822 1 1 1
26059 26058 26056 26053 26050 26047
26060 1 1 1 1 1
26062 1 1 1 1 1
26063 1 1 1 1 1
26083 26082 26080 26077 26074
26084 1 1 1 1
26098 26097 26095 26091 26092
26099 1 1 1 1
26108 26107 26105
26109 1 1
26211 26210 26208 26205 26202 26199
26212 1 1 1 1 1
26214 1 1 1 1 1
26215 1 1 1 1 1
26229 26228 26226 26222 26223
26230 1 1 1 1
26239 26238 26236
26240 1 1
26293 26287 26288
26294 1 1
26394 26393 26392 26391 26390 26389 26388 26387
26426 26425 26416 26417
26427 4 33 33
26431 26430 26416 26417
26432 1 1 1
26436 26435 26416 26417
26437 1 1 4
26441 26440 26413 26414
26442 1 1 1
26645 1 1 1 1 1 1 1 26644
26665 1 1 1 1 1 1 1 26664
26803 26802 26793 26794
26804 1 1 1
26811 26810 26807 26808
26812 1 1 4
26844 26843 37199
26845 4 2
26849 26848 37199
26850 4 42
26860 26859 26858 26857 26856 26855 26854 26853
26869 26866 26867 26868
26870 1 1 1
26962 37208 37207 37206 37205
26963 1 1 1 1
26976 26975 26973 26970 26967
26977 1 1 1 1
26987 26986 26984 26981
26988 1 1 1
26992 26991 26952 26953
26993 1 1 1
27025 37210 37209
27026 33 33
27091 37210 37209
27092 26931 26925
27141 27139 27140
27142 1 1
27237 27236 33940
27238 4 2
27242 27241 33940
27243 4 42
27325 27324 27323 27322 27321 27320 27319 27318
27355 27354 27345 27346
27356 4 33 33
27360 27359 27345 27346
27361 1 1 1
27413 27410 37199
27414 27412 27379
27419 37208 37207 37206 37205 37204 37203 37202
27420 27382 27383 27384 27385 27386 27387 27388
27447 27446 27445 27444 27443 27442 27441 27440
27477 27476 27467 27468
27478 4 33 33
27482 27481 27467 27468
27483 1 1 1
27525 27522 33940
27526 27524 27501
27762 27761 27760 27759 27758 27757 27756 27755
27791 27790 27781 27782
27792 4 33 33
27796 27795 27781 27782
27797 1 1 1
27814 27813 27812 27811 27810 27809 27808 27807
27843 27842 27833 27834
27844 4 33 33
27848 27847 27833 27834
27849 1 1 1
27885 27864 27865 27866 27867 27868 27869 27870 27871 27872 27873 27874 27875 27876 27877 27878 27879 27880 27881 27882 27883 27884
27940 27898 27899 27900 27901 27902 27903 27904 27905 27906 27907 27908 27909 27910 27911 27912 27913 27914 27915 27916 27917 27918 27919 27920 27921 27922 27923 27924 27925 27926 27927 27928 27929 27930 27931 27932 27933 27934 27935 27936 27937 27938 27939
27962 27961 27960 27959 27958 27957 27956 27955 27954
28055 28054 28053 28052 28051 28050 28049 28048 28047 28046 28045 28044 28043 28042 28041 28040 28039 28038 28037 28036 28035 28034 28033 28032 28031 28030 28029 28028 28027 28026 28025 28024 28023 28022 28021 28020 28019 28018 28017 28016 28015 28014 28013 28012 28011 28010 28009 28008 28007 28006 28005 28004 28003 28002 28001 28000 27999 27998 27997 27996 27995 27994 27993 27992 27991 27990
28345 28344 28343 28342 28341 28340 28339 28338 28337 28336 28335 28334 28333 28332 28331 28330 28329 28328 28327 28326 28325 28324 28323 28322 28321 28320 28319 28318 28317 28316 28315 28314 28313 28312 28311 28310 28309 28308 28307 28306 28305 28304 28303 28302 28301 28300 28299 28298 28297 28296 28295 28294 28293 28292 28291 28290 28289 28288 28287 28286 28285 28284 28283 28282 28281 28280
28403 28397 28398 28399 28400 28401 28402
28427 28426 28425 28424 28423 28422 28421 28420 28419
28513 28512 28511 28510 28509 28508 28507 28506 28505 28504 28503 28502 28501 28500 28499 28498 28497 28496 28495 28494 28493 28492 28491 28490 28489 28488 28487 28486 28485 28484 28483 28482 28481 28480 28479 28478 28477 28476 28475 28474 28473 28472 28471 28470 28469 28468 28467 28466 28465 28464 28463 28462 28461 28460 28459 28458 28457 28456 28455 28454 28453 28452 28451 28450 28449 28448 28447 28446 28445
28615 28614 28613 28612 28611 28610 28609 28608 28607 28606 28605 28604 28603 28602 28601 28600 28599 28598 28597 28596 28595 28594 28593 28592 28591 28590 28589 28588 28587 28586 28585 28584 28583 28582 28581 28580 28579 28578 28577 28576 28575 28574 28573 28572 28571 28570 28569 28568 28567 28566 28565 28564 28563 28562 28561 28560 28559 28558 28557 28556 28555 28554 28553 28552 28551 28550 28549 28548 28547
28669 28666 37199
28670 28668 33940
28683 28677 28678 28679 28680 28681 28682
28748 1 33949
28749 27951 27947
28758 28755 37199
28759 28757 33940
29011 29010 27548 27549 27550 27551 27552
29012 1 1 1 1 1 1
29014 29001 29002 29003 29004 29005 29006 29007 29008
29015 1 1 1 1 1 1 1 1
29017 1 28977 28978 28979 28980 28981 28982 28983 28984
29018 1 29001 29002 29003 29004 29005 29006 29007 29008
29024 28977 28978 28979 28980 28981 28982 28983 28984
29025 1 1 1 1 1 1 1 4
29188 29187 29186 29185 29184 29183 29182 29181
29217 29216 29207 29208
29218 4 33 33
29222 29221 29207 29208
29223 1 1 1
29280 29238 29239 29240 29241 29242 29243 29244 29245 29246 29247 29248 29249 29250 29251 29252 29253 29254 29255 29256 29257 29258 29259 29260 29261 29262 29263 29264 29265 29266 29267 29268 29269 29270 29271 29272 29273 29274 29275 29276 29277 29278 29279
29303 29302 29301 29300 29299 29298 29297 29296 29295
29389 29388 29387 29386 29385 29384 29383 29382 29381 29380 29379 29378 29377 29376 29375 29374 29373 29372 29371 29370 29369 29368 29367 29366 29365 29364 29363 29362 29361 29360 29359 29358 29357 29356 29355 29354 29353 29352 29351 29350 29349 29348 29347 29346 29345 29344 29343 29342 29341 29340 29339 29338 29337 29336 29335 29334 29333 29332 29331 29330 29329 29328 29327 29326 29325 29324 29323 29322 29321
29449 29443 29444 29445 29446 29447 29448
29458 1 33949
29459 29291 29287
29594 29593 29037 29038 29039 29040 29041
29595 1 1 1 1 1 1
29597 29584 29585 29586 29587 29588 29589 29590 29591
29598 1 1 1 1 1 1 1 1
29600 1 29560 29561 29562 29563 29564 29565 29566 29567
29601 1 29584 29585 29586 29587 29588 29589 29590 29591
29831 29560 29561 29562 29563 29564 29565 29566 29567
29832 1 1 1 1 1 1 1 4
29909 29908 29907 29906 29905 29904 29903 29902
29939 29938 29929 29930
29940 4 33 33
29944 29943 29929 29930
29945 1 1 1
29963 29962 29961 29960 29959 29958 29957 29956
29993 29992 29983 29984
29994 4 33 33
29998 29997 29983 29984
29999 1 1 1
30061 30060 37199
30062 1 1
30068 30067 37199
30069 1 4
30075 30074 37199
30076 1 41
30082 30081 37199
30083 1 2
30089 30088 37199
30090 1 42
30096 30095 37199
30097 1 6778
30103 30102 37199
30104 1 11
30110 30109 37199
30111 1 5
30117 30116 37199
30118 1 37
30124 30123 37199
30125 1 43
30131 30130 37199
30132 1 6779
30138 30137 37199
30139 1 6780
30145 30144 37199
30146 1 6781
30152 30151 37199
30153 1 44
30159 30158 37199
30160 1 6782
30166 30165 37199
30167 1 33
30176 30175 33940
30177 1 1
30184 30183 33940
30185 1 4
30192 30191 33940
30193 1 41
30200 30199 33940
30201 1 2
30208 30207 33940
30209 1 42
30216 30215 33940
30217 1 6778
30224 30223 33940
30225 1 11
30232 30231 33940
30233 1 5
30240 30239 33940
30241 1 37
30248 30247 33940
30249 1 43
30256 30255 33940
30257 1 6779
30264 30263 33940
30265 1 6780
30272 30271 33940
30273 1 6781
30280 30279 33940
30281 1 44
30288 30287 33940
30289 1 6782
30296 30295 33940
30297 1 33
30362 30361 37199
30363 4 2
30367 30366 37199
30368 4 42
30378 30377 30376 30375 30374 30373 30372 30371
30387 30384 30385 30386
30388 1 1 1
30480 37208 37207 37206 37205
30481 1 1 1 1
30494 30493 30491 30488 30485
30495 1 1 1 1
30505 30504 30502 30499
30506 1 1 1
30510 30509 30470 30471
30511 1 1 1
30543 37210 37209
30544 33 33
30609 37210 37209
30610 30449 30443
30659 30657 30658
30660 1 1
30755 30754 33940
30756 4 2
30760 30759 33940
30761 4 42
30843 30842 30841 30840 30839 30838 30837 30836
30873 30872 30863 30864
30874 4 33 33
30878 30877 30863 30864
30879 1 1 1
30931 30928 37199
30932 30930 30897
30937 37208 37207 37206 37205 37204 37203 37202
30938 30900 30901 30902 30903 30904 30905 30906
30965 30964 30963 30962 30961 30960 30959 30958
30995 30994 30985 30986
30996 4 33 33
31000 30999 30985 30986
31001 1 1 1
31043 31040 33940
31044 31042 31019
31280 31279 31278 31277 31276 31275 31274 31273
31309 31308 31299 31300
31310 4 33 33
31314 31313 31299 31300
31315 1 1 1
31332 31331 31330 31329 31328 31327 31326 31325
31361 31360 31351 31352
31362 4 33 33
31366 31365 31351 31352
31367 1 1 1
31403 31382 31383 31384 31385 31386 31387 31388 31389 31390 31391 31392 31393 31394 31395 31396 31397 31398 31399 31400 31401 31402
31458 31416 31417 31418 31419 31420 31421 31422 31423 31424 31425 31426 31427 31428 31429 31430 31431 31432 31433 31434 31435 31436 31437 31438 31439 31440 31441 31442 31443 31444 31445 31446 31447 31448 31449 31450 31451 31452 31453 31454 31455 31456 31457
31480 31479 31478 31477 31476 31475 31474 31473 31472
31573 31572 31571 31570 31569 31568 31567 31566 31565 31564 31563 31562 31561 31560 31559 31558 31557 31556 31555 31554 31553 31552 31551 31550 31549 31548 31547 31546 31545 31544 31543 31542 31541 31540 31539 31538 31537 31536 31535 31534 31533 31532 31531 31530 31529 31528 31527 31526 31525 31524 31523 31522 31521 31520 31519 31518 31517 31516 31515 31514 31513 31512 31511 31510 31509 31508
31863 31862 31861 31860 31859 31858 31857 31856 31855 31854 31853 31852 31851 31850 31849 31848 31847 31846 31845 31844 31843 31842 31841 31840 31839 31838 31837 31836 31835 31834 31833 31832 31831 31830 31829 31828 31827 31826 31825 31824 31823 31822 31821 31820 31819 31818 31817 31816 31815 31814 31813 31812 31811 31810 31809 31808 31807 31806 31805 31804 31803 31802 31801 31800 31799 31798
31921 31915 31916 31917 31918 31919 31920
31945 31944 31943 31942 31941 31940 31939 31938 31937
32031 32030 32029 32028 32027 32026 32025 32024 32023 32022 32021 32020 32019 32018 32017 32016 32015 32014 32013 32012 32011 32010 32009 32008 32007 32006 32005 32004 32003 32002 32001 32000 31999 31998 31997 31996 31995 31994 31993 31992 31991 31990 31989 31988 31987 31986 31985 31984 31983 31982 31981 31980 31979 31978 31977 31976 31975 31974 31973 31972 31971 31970 31969 31968 31967 31966 31965 31964 31963
32133 32132 32131 32130 32129 32128 32127 32126 32125 32124 32123 32122 32121 32120 32119 32118 32117 32116 32115 32114 32113 32112 32111 32110 32109 32108 32107 32106 32105 32104 32103 32102 32101 32100 32099 32098 32097 32096 32095 32094 32093 32092 32091 32090 32089 32088 32087 32086 32085 32084 32083 32082 32081 32080 32079 32078 32077 32076 32075 32074 32073 32072 32071 32070 32069 32068 32067 32066 32065
32187 32184 37199
32188 32186 33940
32201 32195 32196 32197 32198 32199 32200
32266 1 33949
32267 31469 31465
32276 32273 37199
32277 32275 33940
32529 32528 31066 31067 31068 31069 31070
32530 1 1 1 1 1 1
32532 32519 32520 32521 32522 32523 32524 32525 32526
32533 1 1 1 1 1 1 1 1
32535 1 32495 32496 32497 32498 32499 32500 32501 32502
32536 1 32519 32520 32521 32522 32523 32524 32525 32526
32542 32495 32496 32497 32498 32499 32500 32501 32502
32543 1 1 1 1 1 1 1 4
32706 32705 32704 32703 32702 32701 32700 32699
32735 32734 32725 32726
32736 4 33 33
32740 32739 32725 32726
32741 1 1 1
32798 32756 32757 32758 32759 32760 32761 32762 32763 32764 32765 32766 32767 32768 32769 32770 32771 32772 32773 32774 32775 32776 32777 32778 32779 32780 32781 32782 32783 32784 32785 32786 32787 32788 32789 32790 32791 32792 32793 32794 32795 32796 32797
32821 32820 32819 32818 32817 32816 32815 32814 32813
32907 32906 32905 32904 32903 32902 32901 32900 32899 32898 32897 32896 32895 32894 32893 32892 32891 32890 32889 32888 32887 32886 32885 32884 32883 32882 32881 32880 32879 32878 32877 32876 32875 32874 32873 32872 32871 32870 32869 32868 32867 32866 32865 32864 32863 32862 32861 32860 32859 32858 32857 32856 32855 32854 32853 32852 32851 32850 32849 32848 32847 32846 32845 32844 32843 32842 32841 32840 32839
32967 32961 32962 32963 32964 32965 32966
32976 1 33949
32977 32809 32805
33112 33111 32555 32556 32557 32558 32559
33113 1 1 1 1 1 1
33115 33102 33103 33104 33105 33106 33107 33108 33109
33116 1 1 1 1 1 1 1 1
33118 1 33078 33079 33080 33081 33082 33083 33084 33085
33119 1 33102 33103 33104 33105 33106 33107 33108 33109
33349 33078 33079 33080 33081 33082 33083 33084 33085
33350 1 1 1 1 1 1 1 4
33428 33427 33426 33425 33424 33423 33422 33421
33451 33450 33449 33448 33447 33446 33445
33467 33466 33465 33464 33463 33462 33461
33483 33482 33481 33480 33479 33478 33477
33499 33498 33497 33496 33495 33494 33493
33532 33531 33522 33523
33533 1 1 1
33607 33606 33604
33608 1 1
33721 33712 33522 33523
33722 33720 33718 33715
33978 33977 41697
33979 4 2
33983 33982 41697
33984 4 42
33994 33993 33992 33991 33990 33989 33988 33987
34003 34000 34001 34002
34004 1 1 1
34096 41685 41686 41687 41688
34097 1 1 1 1
34110 34109 34107 34104 34101
34111 1 1 1 1
34121 34120 34118 34115
34122 1 1 1
34126 34125 34086 34087
34127 1 1 1
34159 41669 41670
34160 33 33
34225 41669 41670
34226 34065 34059
34275 34273 34274
34276 1 1
34371 34370 37325
34372 4 2
34376 34375 37325
34377 4 42
34459 34458 34457 34456 34455 34454 34453 34452
34489 34488 34479 34480
34490 4 33 33
34494 34493 34479 34480
34495 1 1 1
34547 34544 41697
34548 34546 34513
34553 41685 41686 41687 41688 41689 41690 41691
34554 34516 34517 34518 34519 34520 34521 34522
34581 34580 34579 34578 34577 34576 34575 34574
34611 34610 34601 34602
34612 4 33 33
34616 34615 34601 34602
34617 1 1 1
34659 34656 37325
34660 34658 34635
34896 34895 34894 34893 34892 34891 34890 34889
34925 34924 34915 34916
34926 4 33 33
34930 34929 34915 34916
34931 1 1 1
34948 34947 34946 34945 34944 34943 34942 34941
34977 34976 34967 34968
34978 4 33 33
34982 34981 34967 34968
34983 1 1 1
35019 34998 34999 35000 35001 35002 35003 35004 35005 35006 35007 35008 35009 35010 35011 35012 35013 35014 35015 35016 35017 35018
35074 35032 35033 35034 35035 35036 35037 35038 35039 35040 35041 35042 35043 35044 35045 35046 35047 35048 35049 35050 35051 35052 35053 35054 35055 35056 35057 35058 35059 35060 35061 35062 35063 35064 35065 35066 35067 35068 35069 35070 35071 35072 35073
35096 35095 35094 35093 35092 35091 35090 35089 35088
35118 35117 35116 35115 35114 35113 35112 35111 35110
35211 35210 35209 35208 35207 35206 35205 35204 35203 35202 35201 35200 35199 35198 35197 35196 35195 35194 35193 35192 35191 35190 35189 35188 35187 35186 35185 35184 35183 35182 35181 35180 35179 35178 35177 35176 35175 35174 35173 35172 35171 35170 35169 35168 35167 35166 35165 35164 35163 35162 35161 35160 35159 35158 35157 35156 35155 35154 35153 35152 35151 35150 35149 35148 35147 35146
35501 35500 35499 35498 35497 35496 35495 35494 35493 35492 35491 35490 35489 35488 35487 35486 35485 35484 35483 35482 35481 35480 35479 35478 35477 35476 35475 35474 35473 35472 35471 35470 35469 35468 35467 35466 35465 35464 35463 35462 35461 35460 35459 35458 35457 35456 35455 35454 35453 35452 35451 35450 35449 35448 35447 35446 35445 35444 35443 35442 35441 35440 35439 35438 35437 35436
35559 35553 35554 35555 35556 35557 35558
35582 35581 35580 35579 35578 35577 35576 35575 35574
35605 35604 35603 35602 35601 35600 35599 35598 35597
35691 35690 35689 35688 35687 35686 35685 35684 35683 35682 35681 35680 35679 35678 35677 35676 35675 35674 35673 35672 35671 35670 35669 35668 35667 35666 35665 35664 35663 35662 35661 35660 35659 35658 35657 35656 35655 35654 35653 35652 35651 35650 35649 35648 35647 35646 35645 35644 35643 35642 35641 35640 35639 35638 35637 35636 35635 35634 35633 35632 35631 35630 35629 35628 35627 35626 35625 35624 35623
35793 35792 35791 35790 35789 35788 35787 35786 35785 35784 35783 35782 35781 35780 35779 35778 35777 35776 35775 35774 35773 35772 35771 35770 35769 35768 35767 35766 35765 35764 35763 35762 35761 35760 35759 35758 35757 35756 35755 35754 35753 35752 35751 35750 35749 35748 35747 35746 35745 35744 35743 35742 35741 35740 35739 35738 35737 35736 35735 35734 35733 35732 35731 35730 35729 35728 35727 35726 35725
35846 35843 41697
35847 35845 37325
35859 35853 35854 35855 35856 35857 35858
35924 1 37324
35925 35085 35081
35934 35931 41697
35935 35933 37325
35950 35947 35103 35104 35105 35106 35107
35951 35949 35589 35590 35591 35592 35593
35956 35955 35103 35104 35105 35106 35107
35957 1 1 1 1 1 1
36203 36202 34682 34683 34684 34685 34686
36204 1 1 1 1 1 1
36206 36193 36194 36195 36196 36197 36198 36199 36200
36207 1 1 1 1 1 1 1 1
36209 1 36169 36170 36171 36172 36173 36174 36175 36176
36210 1 36193 36194 36195 36196 36197 36198 36199 36200
36216 36169 36170 36171 36172 36173 36174 36175 36176
36217 1 1 1 1 1 1 1 4
36380 36379 36378 36377 36376 36375 36374 36373
36409 36408 36399 36400
36410 4 33 33
36414 36413 36399 36400
36415 1 1 1
36472 36430 36431 36432 36433 36434 36435 36436 36437 36438 36439 36440 36441 36442 36443 36444 36445 36446 36447 36448 36449 36450 36451 36452 36453 36454 36455 36456 36457 36458 36459 36460 36461 36462 36463 36464 36465 36466 36467 36468 36469 36470 36471
36495 36494 36493 36492 36491 36490 36489 36488 36487
36581 36580 36579 36578 36577 36576 36575 36574 36573 36572 36571 36570 36569 36568 36567 36566 36565 36564 36563 36562 36561 36560 36559 36558 36557 36556 36555 36554 36553 36552 36551 36550 36549 36548 36547 36546 36545 36544 36543 36542 36541 36540 36539 36538 36537 36536 36535 36534 36533 36532 36531 36530 36529 36528 36527 36526 36525 36524 36523 36522 36521 36520 36519 36518 36517 36516 36515 36514 36513
36641 36635 36636 36637 36638 36639 36640
36650 1 37324
36651 36483 36479
36786 36785 36229 36230 36231 36232 36233
36787 1 1 1 1 1 1
36789 36776 36777 36778 36779 36780 36781 36782 36783
36790 1 1 1 1 1 1 1 1
36792 1 36752 36753 36754 36755 36756 36757 36758 36759
36793 1 36776 36777 36778 36779 36780 36781 36782 36783
37027 36752 36753 36754 36755 36756 36757 36758 36759
37028 1 1 1 1 1 1 1 4
37040 1 1 1 1 1 1 1 37039
37072 1 1 1 1 1 1 1 37071
37255 1 1 1 1 1 1 1 37254
37279 1 1 1 1 1 1 1 37278
37373 37372 5757
37374 4 2
37378 37377 5757
37379 4 42
37389 37388 37387 37386 37385 37384 37383 37382
37398 37395 37396 37397
37399 1 1 1
37491 5745 5746 5747 5748
37492 1 1 1 1
37505 37504 37502 37499 37496
37506 1 1 1 1
37516 37515 37513 37510
37517 1 1 1
37521 37520 37481 37482
37522 1 1 1
37554 5729 5730
37555 33 33
37620 5729 5730
37621 37460 37454
37670 37668 37669
37671 1 1
37768 37767 37325
37769 4 2
37773 37772 37325
37774 4 42
37856 37855 37854 37853 37852 37851 37850 37849
37886 37885 37876 37877
37887 4 33 33
37891 37890 37876 37877
37892 1 1 1
37944 37941 5757
37945 37943 37910
37950 5745 5746 5747 5748 5749 5750 5751
37951 37913 37914 37915 37916 37917 37918 37919
37979 37978 37977 37976 37975 37974 37973 37972
38012 38011 38002 38003
38013 4 33 33
38017 38016 38002 38003
38018 1 1 1
38060 38057 37325
38061 38059 38036
38303 38302 38301 38300 38299 38298 38297 38296
38332 38331 38322 38323
38333 4 33 33
38337 38336 38322 38323
38338 1 1 1
38356 38355 38354 38353 38352 38351 38350 38349
38388 38387 38378 38379
38389 4 33 33
38393 38392 38378 38379
38394 1 1 1
38430 38409 38410 38411 38412 38413 38414 38415 38416 38417 38418 38419 38420 38421 38422 38423 38424 38425 38426 38427 38428 38429
38485 38443 38444 38445 38446 38447 38448 38449 38450 38451 38452 38453 38454 38455 38456 38457 38458 38459 38460 38461 38462 38463 38464 38465 38466 38467 38468 38469 38470 38471 38472 38473 38474 38475 38476 38477 38478 38479 38480 38481 38482 38483 38484
38507 38506 38505 38504 38503 38502 38501 38500 38499
38529 38528 38527 38526 38525 38524 38523 38522 38521
38622 38621 38620 38619 38618 38617 38616 38615 38614 38613 38612 38611 38610 38609 38608 38607 38606 38605 38604 38603 38602 38601 38600 38599 38598 38597 38596 38595 38594 38593 38592 38591 38590 38589 38588 38587 38586 38585 38584 38583 38582 38581 38580 38579 38578 38577 38576 38575 38574 38573 38572 38571 38570 38569 38568 38567 38566 38565 38564 38563 38562 38561 38560 38559 38558 38557
38912 38911 38910 38909 38908 38907 38906 38905 38904 38903 38902 38901 38900 38899 38898 38897 38896 38895 38894 38893 38892 38891 38890 38889 38888 38887 38886 38885 38884 38883 38882 38881 38880 38879 38878 38877 38876 38875 38874 38873 38872 38871 38870 38869 38868 38867 38866 38865 38864 38863 38862 38861 38860 38859 38858 38857 38856 38855 38854 38853 38852 38851 38850 38849 38848 38847
38970 38964 38965 38966 38967 38968 38969
38994 38993 38992 38991 38990 38989 38988 38987 38986
39019 39018 39017 39016 39015 39014 39013 39012 39011
39106 39105 39104 39103 39102 39101 39100 39099 39098 39097 39096 39095 39094 39093 39092 39091 39090 39089 39088 39087 39086 39085 39084 39083 39082 39081 39080 39079 39078 39077 39076 39075 39074 39073 39072 39071 39070 39069 39068 39067 39066 39065 39064 39063 39062 39061 39060 39059 39058 39057 39056 39055 39054 39053 39052 39051 39050 39049 39048 39047 39046 39045 39044 39043 39042 39041 39040 39039 39038
39208 39207 39206 39205 39204 39203 39202 39201 39200 39199 39198 39197 39196 39195 39194 39193 39192 39191 39190 39189 39188 39187 39186 39185 39184 39183 39182 39181 39180 39179 39178 39177 39176 39175 39174 39173 39172 39171 39170 39169 39168 39167 39166 39165 39164 39163 39162 39161 39160 39159 39158 39157 39156 39155 39154 39153 39152 39151 39150 39149 39148 39147 39146 39145 39144 39143 39142 39141 39140
39261 39258 5757
39262 39260 37325
39275 39269 39270 39271 39272 39273 39274
39341 1 37324
39342 38496 38492
39351 39348 5757
39352 39350 37325
39367 39364 38514 38515 38516 38517 38518
39368 39366 39002 39003 39004 39005 39006
39373 39372 38514 38515 38516 38517 38518
39374 1 1 1 1 1 1
39620 39619 38089 38090 38091 38092 38093
39621 1 1 1 1 1 1
39623 39610 39611 39612 39613 39614 39615 39616 39617
39624 1 1 1 1 1 1 1 1
39626 1 39586 39587 39588 39589 39590 39591 39592 39593
39627 1 39610 39611 39612 39613 39614 39615 39616 39617
39633 39586 39587 39588 39589 39590 39591 39592 39593
39634 1 1 1 1 1 1 1 4
39798 39797 39796 39795 39794 39793 39792 39791
39830 39829 39820 39821
39831 4 33 33
39835 39834 39820 39821
39836 1 1 1
39893 39851 39852 39853 39854 39855 39856 39857 39858 39859 39860 39861 39862 39863 39864 39865 39866 39867 39868 39869 39870 39871 39872 39873 39874 39875 39876 39877 39878 39879 39880 39881 39882 39883 39884 39885 39886 39887 39888 39889 39890 39891 39892
39917 39916 39915 39914 39913 39912 39911 39910 39909
40004 40003 40002 40001 40000 39999 39998 39997 39996 39995 39994 39993 39992 39991 39990 39989 39988 39987 39986 39985 39984 39983 39982 39981 39980 39979 39978 39977 39976 39975 39974 39973 39972 39971 39970 39969 39968 39967 39966 39965 39964 39963 39962 39961 39960 39959 39958 39957 39956 39955 39954 39953 39952 39951 39950 39949 39948 39947 39946 39945 39944 39943 39942 39941 39940 39939 39938 39937 39936
40065 40059 40060 40061 40062 40063 40064
40075 1 37324
40076 39904 39900
40211 40210 39646 39647 39648 39649 39650
40212 1 1 1 1 1 1
40214 40201 40202 40203 40204 40205 40206 40207 40208
40215 1 1 1 1 1 1 1 1
40217 1 40177 40178 40179 40180 40181 40182 40183 40184
40218 1 40201 40202 40203 40204 40205 40206 40207 40208
40452 40177 40178 40179 40180 40181 40182 40183 40184
40453 1 1 1 1 1 1 1 4
41387 41306 41307 41308 41309 41310 41311 41312 41313 41314 41315 41316 41317 41318 41319 41320 41321
41388 41371 41372 41373 41374 41375 41376 41377 41378 41379 41380 41381 41382 41383 41384 41385 41386
41523 41522 41521 41520 41519 41518 41517 41516
41551 41550 41541 41542
41552 1 1 1
41590 41581 41541 41542
41591 41589 41587 41584
41759 41758 41757 41756 41755 41754 41753 41752
41792 41791 41782 41783
41793 4 33 33
41797 41796 41782 41783
41798 1 1 1
41811 41808 40473
41812 41810 37325
41887 41886 48354
41888 4 2
41892 41891 48354
41893 4 42
41903 41902 41901 41900 41899 41898 41897 41896
41912 41909 41910 41911
41913 1 1 1
42012 48363 48362
42013 33 33
42070 48363 48362
42071 41974 41968
42116 42114 42115
42117 1 1
42212 42211 44965
42213 4 2
42217 42216 44965
42218 4 42
42277 42276 42275 42274 42273 42272 42271 42270
42307 42306 42297 42298
42308 4 33 33
42312 42311 42297 42298
42313 1 1 1
42359 42356 48354
42360 42358 42331
42369 42366 48359 48358 48357
42370 42368 42335 42336 42337
42394 42393 42392 42391 42390 42389 42388 42387
42424 42423 42414 42415
42425 4 33 33
42429 42428 42414 42415
42430 1 1 1
42462 42459 44965
42463 42461 42446
42688 42687 42686 42685 42684 42683 42682 42681
42717 42716 42707 42708
42718 4 33 33
42722 42721 42707 42708
42723 1 1 1
42740 42739 42738 42737 42736 42735 42734 42733
42769 42768 42759 42760
42770 4 33 33
42774 42773 42759 42760
42775 1 1 1
42811 42790 42791 42792 42793 42794 42795 42796 42797 42798 42799 42800 42801 42802 42803 42804 42805 42806 42807 42808 42809 42810
42866 42824 42825 42826 42827 42828 42829 42830 42831 42832 42833 42834 42835 42836 42837 42838 42839 42840 42841 42842 42843 42844 42845 42846 42847 42848 42849 42850 42851 42852 42853 42854 42855 42856 42857 42858 42859 42860 42861 42862 42863 42864 42865
42888 42887 42886 42885 42884 42883 42882 42881 42880
42910 42909 42908 42907 42906 42905 42904 42903 42902
43003 43002 43001 43000 42999 42998 42997 42996 42995 42994 42993 42992 42991 42990 42989 42988 42987 42986 42985 42984 42983 42982 42981 42980 42979 42978 42977 42976 42975 42974 42973 42972 42971 42970 42969 42968 42967 42966 42965 42964 42963 42962 42961 42960 42959 42958 42957 42956 42955 42954 42953 42952 42951 42950 42949 42948 42947 42946 42945 42944 42943 42942 42941 42940 42939 42938
43293 43292 43291 43290 43289 43288 43287 43286 43285 43284 43283 43282 43281 43280 43279 43278 43277 43276 43275 43274 43273 43272 43271 43270 43269 43268 43267 43266 43265 43264 43263 43262 43261 43260 43259 43258 43257 43256 43255 43254 43253 43252 43251 43250 43249 43248 43247 43246 43245 43244 43243 43242 43241 43240 43239 43238 43237 43236 43235 43234 43233 43232 43231 43230 43229 43228
43351 43345 43346 43347 43348 43349 43350
43374 43373 43372 43371 43370 43369 43368 43367 43366
43397 43396 43395 43394 43393 43392 43391 43390 43389
43483 43482 43481 43480 43479 43478 43477 43476 43475 43474 43473 43472 43471 43470 43469 43468 43467 43466 43465 43464 43463 43462 43461 43460 43459 43458 43457 43456 43455 43454 43453 43452 43451 43450 43449 43448 43447 43446 43445 43444 43443 43442 43441 43440 43439 43438 43437 43436 43435 43434 43433 43432 43431 43430 43429 43428 43427 43426 43425 43424 43423 43422 43421 43420 43419 43418 43417 43416 43415
43585 43584 43583 43582 43581 43580 43579 43578 43577 43576 43575 43574 43573 43572 43571 43570 43569 43568 43567 43566 43565 43564 43563 43562 43561 43560 43559 43558 43557 43556 43555 43554 43553 43552 43551 43550 43549 43548 43547 43546 43545 43544 43543 43542 43541 43540 43539 43538 43537 43536 43535 43534 43533 43532 43531 43530 43529 43528 43527 43526 43525 43524 43523 43522 43521 43520 43519 43518 43517
43638 43635 48354
43639 43637 44965
43651 43645 43646 43647 43648 43649 43650
43716 1 44964
43717 42877 42873
43726 43723 48354
43727 43725 44965
43742 43739 42895 42896 42897 42898 42899
43743 43741 43381 43382 43383 43384 43385
43748 43747 42895 42896 42897 42898 42899
43749 1 1 1 1 1 1
43995 43994 42474 42475 42476 42477 42478
43996 1 1 1 1 1 1
43998 43985 43986 43987 43988 43989 43990 43991 43992
43999 1 1 1 1 1 1 1 1
44001 1 43961 43962 43963 43964 43965 43966 43967 43968
44002 1 43985 43986 43987 43988 43989 43990 43991 43992
44008 43961 43962 43963 43964 43965 43966 43967 43968
44009 1 1 1 1 1 1 1 4
44172 44171 44170 44169 44168 44167 44166 44165
44201 44200 44191 44192
44202 4 33 33
44206 44205 44191 44192
44207 1 1 1
44264 44222 44223 44224 44225 44226 44227 44228 44229 44230 44231 44232 44233 44234 44235 44236 44237 44238 44239 44240 44241 44242 44243 44244 44245 44246 44247 44248 44249 44250 44251 44252 44253 44254 44255 44256 44257 44258 44259 44260 44261 44262 44263
44287 44286 44285 44284 44283 44282 44281 44280 44279
44373 44372 44371 44370 44369 44368 44367 44366 44365 44364 44363 44362 44361 44360 44359 44358 44357 44356 44355 44354 44353 44352 44351 44350 44349 44348 44347 44346 44345 44344 44343 44342 44341 44340 44339 44338 44337 44336 44335 44334 44333 44332 44331 44330 44329 44328 44327 44326 44325 44324 44323 44322 44321 44320 44319 44318 44317 44316 44315 44314 44313 44312 44311 44310 44309 44308 44307 44306 44305
44433 44427 44428 44429 44430 44431 44432
44442 1 44964
44443 44275 44271
44578 44577 44021 44022 44023 44024 44025
44579 1 1 1 1 1 1
44581 44568 44569 44570 44571 44572 44573 44574 44575
44582 1 1 1 1 1 1 1 1
44584 1 44544 44545 44546 44547 44548 44549 44550 44551
44585 1 44568 44569 44570 44571 44572 44573 44574 44575
44819 44544 44545 44546 44547 44548 44549 44550 44551
44820 1 1 1 1 1 1 1 4
45011 45010 45009 45008 45007 45006 45005 45004
45042 45041 45032 45033
45043 4 33 33
45047 45046 45032 45033
45048 1 1 1
45052 45051 45032 45033
45053 1 1 4
45057 45056 45029 45030
45058 1 1 1
45077 45076 45075 45074 45073 45072 45071 45070
45107 45106 45097 45098
45108 4 33 33
45112 45111 45097 45098
45113 1 1 1
45117 45116 45097 45098
45118 1 1 4
45122 45121 45094 45095
45123 1 1 1
45162 45161 37199
45163 4 2
45167 45166 37199
45168 4 42
45178 45177 45176 45175 45174 45173 45172 45171
45199 45196 45197 45198
45200 1 1 1
45310 45305 45309
45311 33 33
45376 45371 45375
45377 45260 45254
45430 45428 45429
45431 1 1
45527 45526 48478
45528 4 2
45532 45531 48478
45533 4 42
45615 45614 45613 45612 45611 45610 45609 45608
45646 45645 45636 45637
45647 4 33 33
45651 45650 45636 45637
45652 1 1 1
45698 45695 37199
45699 45697 45670
45708 45705 37204 37203 37202
45709 45707 45674 45675 45676
45755 45754 45753 45752 45751 45750 45749 45748
45785 45784 45775 45776
45786 4 33 33
45790 45789 45775 45776
45791 1 1 1
45833 45830 48478
45834 45832 45809
46070 46069 46068 46067 46066 46065 46064 46063
46099 46098 46089 46090
46100 4 33 33
46104 46103 46089 46090
46105 1 1 1
46122 46121 46120 46119 46118 46117 46116 46115
46151 46150 46141 46142
46152 4 33 33
46156 46155 46141 46142
46157 1 1 1
46193 46172 46173 46174 46175 46176 46177 46178 46179 46180 46181 46182 46183 46184 46185 46186 46187 46188 46189 46190 46191 46192
46248 46206 46207 46208 46209 46210 46211 46212 46213 46214 46215 46216 46217 46218 46219 46220 46221 46222 46223 46224 46225 46226 46227 46228 46229 46230 46231 46232 46233 46234 46235 46236 46237 46238 46239 46240 46241 46242 46243 46244 46245 46246 46247
46270 46269 46268 46267 46266 46265 46264 46263 46262
46290 46289 46288 46287 46286 46285 46284 46283 46282
46381 46380 46379 46378 46377 46376 46375 46374 46373 46372 46371 46370 46369 46368 46367 46366 46365 46364 46363 46362 46361 46360 46359 46358 46357 46356 46355 46354 46353 46352 46351 46350 46349 46348 46347 46346 46345 46344 46343 46342 46341 46340 46339 46338 46337 46336 46335 46334 46333 46332 46331 46330 46329 46328 46327 46326 46325 46324 46323 46322 46321 46320 46319 46318 46317 46316
46671 46670 46669 46668 46667 46666 46665 46664 46663 46662 46661 46660 46659 46658 46657 46656 46655 46654 46653 46652 46651 46650 46649 46648 46647 46646 46645 46644 46643 46642 46641 46640 46639 46638 46637 46636 46635 46634 46633 46632 46631 46630 46629 46628 46627 46626 46625 46624 46623 46622 46621 46620 46619 46618 46617 46616 46615 46614 46613 46612 46611 46610 46609 46608 46607 46606
46729 46723 46724 46725 46726 46727 46728
46750 46749 46748 46747 46746 46745 46744 46743 46742
46773 46772 46771 46770 46769 46768 46767 46766 46765
46859 46858 46857 46856 46855 46854 46853 46852 46851 46850 46849 46848 46847 46846 46845 46844 46843 46842 46841 46840 46839 46838 46837 46836 46835 46834 46833 46832 46831 46830 46829 46828 46827 46826 46825 46824 46823 46822 46821 46820 46819 46818 46817 46816 46815 46814 46813 46812 46811 46810 46809 46808 46807 46806 46805 46804 46803 46802 46801 46800 46799 46798 46797 46796 46795 46794 46793 46792 46791
46961 46960 46959 46958 46957 46956 46955 46954 46953 46952 46951 46950 46949 46948 46947 46946 46945 46944 46943 46942 46941 46940 46939 46938 46937 46936 46935 46934 46933 46932 46931 46930 46929 46928 46927 46926 46925 46924 46923 46922 46921 46920 46919 46918 46917 46916 46915 46914 46913 46912 46911 46910 46909 46908 46907 46906 46905 46904 46903 46902 46901 46900 46899 46898 46897 46896 46895 46894 46893
47014 47011 37199
47015 47013 48478
47027 47021 47022 47023 47024 47025 47026
47094 1 48477
47095 46259 46255
47104 47101 37199
47105 47103 48478
47120 47117 46275 46276 46277 46278 46279
47121 47119 46757 46758 46759 46760 46761
47126 47125 46275 46276 46277 46278 46279
47127 1 1 1 1 1 1
47373 47372 45856 45857 45858 45859 45860
47374 1 1 1 1 1 1
47376 47363 47364 47365 47366 47367 47368 47369 47370
47377 1 1 1 1 1 1 1 1
47379 1 47339 47340 47341 47342 47343 47344 47345 47346
47380 1 47363 47364 47365 47366 47367 47368 47369 47370
47386 47339 47340 47341 47342 47343 47344 47345 47346
47387 1 1 1 1 1 1 1 4
47550 47549 47548 47547 47546 47545 47544 47543
47579 47578 47569 47570
47580 4 33 33
47584 47583 47569 47570
47585 1 1 1
47642 47600 47601 47602 47603 47604 47605 47606 47607 47608 47609 47610 47611 47612 47613 47614 47615 47616 47617 47618 47619 47620 47621 47622 47623 47624 47625 47626 47627 47628 47629 47630 47631 47632 47633 47634 47635 47636 47637 47638 47639 47640 47641
47665 47664 47663 47662 47661 47660 47659 47658 47657
47751 47750 47749 47748 47747 47746 47745 47744 47743 47742 47741 47740 47739 47738 47737 47736 47735 47734 47733 47732 47731 47730 47729 47728 47727 47726 47725 47724 47723 47722 47721 47720 47719 47718 47717 47716 47715 47714 47713 47712 47711 47710 47709 47708 47707 47706 47705 47704 47703 47702 47701 47700 47699 47698 47697 47696 47695 47694 47693 47692 47691 47690 47689 47688 47687 47686 47685 47684 47683
47811 47805 47806 47807 47808 47809 47810
47820 1 48477
47821 47653 47649
47956 47955 47399 47400 47401 47402 47403
47957 1 1 1 1 1 1
47959 47946 47947 47948 47949 47950 47951 47952 47953
47960 1 1 1 1 1 1 1 1
47962 1 47922 47923 47924 47925 47926 47927 47928 47929
47963 1 47946 47947 47948 47949 47950 47951 47952 47953
48197 47922 47923 47924 47925 47926 47927 47928 47929
48198 1 1 1 1 1 1 1 4
48210 1 1 1 1 1 1 1 48209
48239 1 1 1 1 1 1 1 48238
48408 1 1 1 1 1 1 1 48407
48432 1 1 1 1 1 1 1 48431
48523 48522 37199
48524 4 2
48528 48527 37199
48529 4 42
48536 48535 48534 48533 48532
48554 48553 48551
48555 1 1
48660 48655 48659
48661 33 33
48728 48723 48727
48729 48615 48609
48780 48778 48779
48781 1 1
48841 48840 335491
48842 4 2
48846 48845 335491
48847 4 42
48891 48890 48889 48888 48887
48953 48950 37199
48954 48952 48919
48987 48962 48966 48970 48974 48978 48982 48986
48988 48922 48923 48924 48925 48926 48927 48928
49046 49045 49044 49043 49042
49087 49084 335491
49088 49086 49071
49247 49246 49245 49244 49243
49269 49268 49267 49266 49265
49313 49292 49293 49294 49295 49296 49297 49298 49299 49300 49301 49302 49303 49304 49305 49306 49307 49308 49309 49310 49311 49312
49347 49326 49327 49328 49329 49330 49331 49332 49333 49334 49335 49336 49337 49338 49339 49340 49341 49342 49343 49344 49345 49346
49365 49364 49363 49362 49361 49360 49359 49358 49357
49385 49384 49383 49382 49381 49380 49379 49378 49377
49474 49473 49472 49471 49470 49469 49468 49467 49466 49465 49464 49463 49462 49461 49460 49459 49458 49457 49456 49455 49454 49453 49452 49451 49450 49449 49448 49447 49446 49445 49444 49443 49442 49441 49440 49439 49438 49437 49436 49435 49434 49433 49432 49431 49430 49429 49428 49427 49426 49425 49424 49423 49422 49421 49420 49419 49418 49417 49416 49415 49414 49413 49412 49411 49410 49409
49575 49574 49573 49572 49571 49570 49569 49568 49567 49566 49565 49564 49563 49562 49561 49560 49559 49558 49557 49556 49555 49554 49553 49552 49551 49550 49549 49548 49547 49546 49545 49544 49543 49542 49541 49540 49539 49538 49537 49536 49535 49534 49533 49532 49531 49530 49529 49528 49527 49526 49525 49524 49523 49522 49521 49520 49519 49518 49517 49516 49515 49514 49513 49512 49511 49510
49612 49606 49607 49608 49609 49610 49611
49633 49632 49631 49630 49629 49628 49627 49626 49625
49656 49655 49654 49653 49652 49651 49650 49649 49648
49742 49741 49740 49739 49738 49737 49736 49735 49734 49733 49732 49731 49730 49729 49728 49727 49726 49725 49724 49723 49722 49721 49720 49719 49718 49717 49716 49715 49714 49713 49712 49711 49710 49709 49708 49707 49706 49705 49704 49703 49702 49701 49700 49699 49698 49697 49696 49695 49694 49693 49692 49691 49690 49689 49688 49687 49686 49685 49684 49683 49682 49681 49680 49679 49678 49677 49676 49675 49674
49844 49843 49842 49841 49840 49839 49838 49837 49836 49835 49834 49833 49832 49831 49830 49829 49828 49827 49826 49825 49824 49823 49822 49821 49820 49819 49818 49817 49816 49815 49814 49813 49812 49811 49810 49809 49808 49807 49806 49805 49804 49803 49802 49801 49800 49799 49798 49797 49796 49795 49794 49793 49792 49791 49790 49789 49788 49787 49786 49785 49784 49783 49782 49781 49780 49779 49778 49777 49776
49876 49873 37199
49877 49875 335491
49889 49883 49884 49885 49886 49887 49888
49964 49961 37199
49965 49963 335491
49980 49977 49370 49371 49372 49373 49374
49981 49979 49640 49641 49642 49643 49644
49986 49985 49370 49371 49372 49373 49374
49987 1 1 1 1 1 1
50170 50169 49099 49100 49101 49102 49103
50171 1 1 1 1 1 1
50173 50160 50161 50162 50163 50164 50165 50166 50167
50174 1 1 1 1 1 1 1 1
50176 1 50136 50137 50138 50139 50140 50141 50142 50143
50177 1 50160 50161 50162 50163 50164 50165 50166 50167
50183 50136 50137 50138 50139 50140 50141 50142 50143
50184 1 1 1 1 1 1 1 4
50281 50280 50279 50278 50277
50325 50304 50305 50306 50307 50308 50309 50310 50311 50312 50313 50314 50315 50316 50317 50318 50319 50320 50321 50322 50323 50324
50344 50343 50342 50341 50340 50339 50338 50337 50336
50430 50429 50428 50427 50426 50425 50424 50423 50422 50421 50420 50419 50418 50417 50416 50415 50414 50413 50412 50411 50410 50409 50408 50407 50406 50405 50404 50403 50402 50401 50400 50399 50398 50397 50396 50395 50394 50393 50392 50391 50390 50389 50388 50387 50386 50385 50384 50383 50382 50381 50380 50379 50378 50377 50376 50375 50374 50373 50372 50371 50370 50369 50368 50367 50366 50365 50364 50363 50362
50469 50463 50464 50465 50466 50467 50468
50570 50569 50196 50197 50198 50199 50200
50571 1 1 1 1 1 1
50573 50560 50561 50562 50563 50564 50565 50566 50567
50574 1 1 1 1 1 1 1 1
50576 1 50536 50537 50538 50539 50540 50541 50542 50543
50577 1 50560 50561 50562 50563 50564 50565 50566 50567
50811 50536 50537 50538 50539 50540 50541 50542 50543
50812 1 1 1 1 1 1 1 4
51050 51049 51048 51047 51046
51118 50974 50975
51119 33 33
51154 51153 37199
51155 4 2
51159 51158 37199
51160 4 42
51167 51166 51165 51164 51163
51185 51184 51182
51186 1 1
51258 51257 37207 37206
51259 41 1 1
51293 51288 51292
51294 33 33
51361 51356 51360
51362 51246 51240
51413 51411 51412
51414 1 1
51474 51473 53479
51475 4 2
51479 51478 53479
51480 4 42
51524 51523 51522 51521 51520
51586 51583 37199
51587 51585 51552
51596 51593 37207 37206 37205 37204 37203 37202
51597 51595 51556 51557 51558 51559 51560 51561
51655 51654 51653 51652 51651
51696 51693 53479
51697 51695 51680
51856 51855 51854 51853 51852
51878 51877 51876 51875 51874
51922 51901 51902 51903 51904 51905 51906 51907 51908 51909 51910 51911 51912 51913 51914 51915 51916 51917 51918 51919 51920 51921
51956 51935 51936 51937 51938 51939 51940 51941 51942 51943 51944 51945 51946 51947 51948 51949 51950 51951 51952 51953 51954 51955
51974 51973 51972 51971 51970 51969 51968 51967 51966
52063 52062 52061 52060 52059 52058 52057 52056 52055 52054 52053 52052 52051 52050 52049 52048 52047 52046 52045 52044 52043 52042 52041 52040 52039 52038 52037 52036 52035 52034 52033 52032 52031 52030 52029 52028 52027 52026 52025 52024 52023 52022 52021 52020 52019 52018 52017 52016 52015 52014 52013 52012 52011 52010 52009 52008 52007 52006 52005 52004 52003 52002 52001 52000 51999 51998
52164 52163 52162 52161 52160 52159 52158 52157 52156 52155 52154 52153 52152 52151 52150 52149 52148 52147 52146 52145 52144 52143 52142 52141 52140 52139 52138 52137 52136 52135 52134 52133 52132 52131 52130 52129 52128 52127 52126 52125 52124 52123 52122 52121 52120 52119 52118 52117 52116 52115 52114 52113 52112 52111 52110 52109 52108 52107 52106 52105 52104 52103 52102 52101 52100 52099
52201 52195 52196 52197 52198 52199 52200
52223 52222 52221 52220 52219 52218 52217 52216 52215
52309 52308 52307 52306 52305 52304 52303 52302 52301 52300 52299 52298 52297 52296 52295 52294 52293 52292 52291 52290 52289 52288 52287 52286 52285 52284 52283 52282 52281 52280 52279 52278 52277 52276 52275 52274 52273 52272 52271 52270 52269 52268 52267 52266 52265 52264 52263 52262 52261 52260 52259 52258 52257 52256 52255 52254 52253 52252 52251 52250 52249 52248 52247 52246 52245 52244 52243 52242 52241
52411 52410 52409 52408 52407 52406 52405 52404 52403 52402 52401 52400 52399 52398 52397 52396 52395 52394 52393 52392 52391 52390 52389 52388 52387 52386 52385 52384 52383 52382 52381 52380 52379 52378 52377 52376 52375 52374 52373 52372 52371 52370 52369 52368 52367 52366 52365 52364 52363 52362 52361 52360 52359 52358 52357 52356 52355 52354 52353 52352 52351 52350 52349 52348 52347 52346 52345 52344 52343
52444 52441 37199
52445 52443 53479
52458 52452 52453 52454 52455 52456 52457
52533 52530 37199
52534 52532 53479
52723 52722 51708 51709 51710 51711 51712
52724 1 1 1 1 1 1
52726 52713 52714 52715 52716 52717 52718 52719 52720
52727 1 1 1 1 1 1 1 1
52729 1 52689 52690 52691 52692 52693 52694 52695 52696
52730 1 52713 52714 52715 52716 52717 52718 52719 52720
52736 52689 52690 52691 52692 52693 52694 52695 52696
52737 1 1 1 1 1 1 1 4
52834 52833 52832 52831 52830
52878 52857 52858 52859 52860 52861 52862 52863 52864 52865 52866 52867 52868 52869 52870 52871 52872 52873 52874 52875 52876 52877
52897 52896 52895 52894 52893 52892 52891 52890 52889
52983 52982 52981 52980 52979 52978 52977 52976 52975 52974 52973 52972 52971 52970 52969 52968 52967 52966 52965 52964 52963 52962 52961 52960 52959 52958 52957 52956 52955 52954 52953 52952 52951 52950 52949 52948 52947 52946 52945 52944 52943 52942 52941 52940 52939 52938 52937 52936 52935 52934 52933 52932 52931 52930 52929 52928 52927 52926 52925 52924 52923 52922 52921 52920 52919 52918 52917 52916 52915
53022 53016 53017 53018 53019 53020 53021
53123 53122 52749 52750 52751 52752 52753
53124 1 1 1 1 1 1
53126 53113 53114 53115 53116 53117 53118 53119 53120
53127 1 1 1 1 1 1 1 1
53129 1 53089 53090 53091 53092 53093 53094 53095 53096
53130 1 53113 53114 53115 53116 53117 53118 53119 53120
53360 53089 53090 53091 53092 53093 53094 53095 53096
53361 1 1 1 1 1 1 1 4
53599 53598 53597 53596 53595
53663 53523 53524
53664 33 33
53699 53698 37199
53700 4 2
53704 53703 37199
53705 4 42
53712 53711 53710 53709 53708
53730 53729 53727
53731 1 1
53832 53827 53831
53833 33 33
53898 53893 53897
53899 53791 53785
53950 53948 53949
53951 1 1
54011 54010 55988
54012 4 2
54016 54015 55988
54017 4 42
54061 54060 54059 54058 54057
54115 54112 37199
54116 54114 54089
54133 54124 54128 54132
54134 54092 54093 54094
54172 54171 54170 54169 54168
54213 54210 55988
54214 54212 54197
54373 54372 54371 54370 54369
54395 54394 54393 54392 54391
54439 54418 54419 54420 54421 54422 54423 54424 54425 54426 54427 54428 54429 54430 54431 54432 54433 54434 54435 54436 54437 54438
54473 54452 54453 54454 54455 54456 54457 54458 54459 54460 54461 54462 54463 54464 54465 54466 54467 54468 54469 54470 54471 54472
54491 54490 54489 54488 54487 54486 54485 54484 54483
54580 54579 54578 54577 54576 54575 54574 54573 54572 54571 54570 54569 54568 54567 54566 54565 54564 54563 54562 54561 54560 54559 54558 54557 54556 54555 54554 54553 54552 54551 54550 54549 54548 54547 54546 54545 54544 54543 54542 54541 54540 54539 54538 54537 54536 54535 54534 54533 54532 54531 54530 54529 54528 54527 54526 54525 54524 54523 54522 54521 54520 54519 54518 54517 54516 54515
54681 54680 54679 54678 54677 54676 54675 54674 54673 54672 54671 54670 54669 54668 54667 54666 54665 54664 54663 54662 54661 54660 54659 54658 54657 54656 54655 54654 54653 54652 54651 54650 54649 54648 54647 54646 54645 54644 54643 54642 54641 54640 54639 54638 54637 54636 54635 54634 54633 54632 54631 54630 54629 54628 54627 54626 54625 54624 54623 54622 54621 54620 54619 54618 54617 54616
54718 54712 54713 54714 54715 54716 54717
54740 54739 54738 54737 54736 54735 54734 54733 54732
54826 54825 54824 54823 54822 54821 54820 54819 54818 54817 54816 54815 54814 54813 54812 54811 54810 54809 54808 54807 54806 54805 54804 54803 54802 54801 54800 54799 54798 54797 54796 54795 54794 54793 54792 54791 54790 54789 54788 54787 54786 54785 54784 54783 54782 54781 54780 54779 54778 54777 54776 54775 54774 54773 54772 54771 54770 54769 54768 54767 54766 54765 54764 54763 54762 54761 54760 54759 54758
54928 54927 54926 54925 54924 54923 54922 54921 54920 54919 54918 54917 54916 54915 54914 54913 54912 54911 54910 54909 54908 54907 54906 54905 54904 54903 54902 54901 54900 54899 54898 54897 54896 54895 54894 54893 54892 54891 54890 54889 54888 54887 54886 54885 54884 54883 54882 54881 54880 54879 54878 54877 54876 54875 54874 54873 54872 54871 54870 54869 54868 54867 54866 54865 54864 54863 54862 54861 54860
54961 54958 37199
54962 54960 55988
54975 54969 54970 54971 54972 54973 54974
55050 55047 37199
55051 55049 55988
55240 55239 54225 54226 54227 54228 54229
55241 1 1 1 1 1 1
55243 55230 55231 55232 55233 55234 55235 55236 55237
55244 1 1 1 1 1 1 1 1
55246 1 55206 55207 55208 55209 55210 55211 55212 55213
55247 1 55230 55231 55232 55233 55234 55235 55236 55237
55253 55206 55207 55208 55209 55210 55211 55212 55213
55254 1 1 1 1 1 1 1 4
55351 55350 55349 55348 55347
55395 55374 55375 55376 55377 55378 55379 55380 55381 55382 55383 55384 55385 55386 55387 55388 55389 55390 55391 55392 55393 55394
55414 55413 55412 55411 55410 55409 55408 55407 55406
55500 55499 55498 55497 55496 55495 55494 55493 55492 55491 55490 55489 55488 55487 55486 55485 55484 55483 55482 55481 55480 55479 55478 55477 55476 55475 55474 55473 55472 55471 55470 55469 55468 55467 55466 55465 55464 55463 55462 55461 55460 55459 55458 55457 55456 55455 55454 55453 55452 55451 55450 55449 55448 55447 55446 55445 55444 55443 55442 55441 55440 55439 55438 55437 55436 55435 55434 55433 55432
55539 55533 55534 55535 55536 55537 55538
55640 55639 55266 55267 55268 55269 55270
55641 1 1 1 1 1 1
55643 55630 55631 55632 55633 55634 55635 55636 55637
55644 1 1 1 1 1 1 1 1
55646 1 55606 55607 55608 55609 55610 55611 55612 55613
55647 1 55630 55631 55632 55633 55634 55635 55636 55637
55877 55606 55607 55608 55609 55610 55611 55612 55613
55878 1 1 1 1 1 1 1 4
56068 56067 56066 56065 56064
56120 56012 56013
56121 33 33
56156 56155 37199
56157 4 2
56161 56160 37199
56162 4 42
56169 56168 56167 56166 56165
56187 56186 56184
56188 1 1
56291 56286 56290
56292 33 33
56359 56354 56358
56360 56248 56242
56391 56389 56390
56392 1 1
56447 56446 57946
56448 4 2
56452 56451 57946
56453 4 42
56510 56507 37199
56511 56509 56480
56520 56517 37205 37204 37203 37202
56521 56519 56484 56485 56486 56487
56566 56565 56564 56563 56562
56599 56596 57946
56600 56598 56587
56766 56765 56764 56763 56762
56809 56788 56789 56790 56791 56792 56793 56794 56795 56796 56797 56798 56799 56800 56801 56802 56803 56804 56805 56806 56807 56808
56843 56822 56823 56824 56825 56826 56827 56828 56829 56830 56831 56832 56833 56834 56835 56836 56837 56838 56839 56840 56841 56842
56861 56860 56859 56858 56857 56856 56855 56854 56853
56950 56949 56948 56947 56946 56945 56944 56943 56942 56941 56940 56939 56938 56937 56936 56935 56934 56933 56932 56931 56930 56929 56928 56927 56926 56925 56924 56923 56922 56921 56920 56919 56918 56917 56916 56915 56914 56913 56912 56911 56910 56909 56908 56907 56906 56905 56904 56903 56902 56901 56900 56899 56898 56897 56896 56895 56894 56893 56892 56891 56890 56889 56888 56887 56886 56885
57051 57050 57049 57048 57047 57046 57045 57044 57043 57042 57041 57040 57039 57038 57037 57036 57035 57034 57033 57032 57031 57030 57029 57028 57027 57026 57025 57024 57023 57022 57021 57020 57019 57018 57017 57016 57015 57014 57013 57012 57011 57010 57009 57008 57007 57006 57005 57004 57003 57002 57001 57000 56999 56998 56997 56996 56995 56994 56993 56992 56991 56990 56989 56988 56987 56986
57088 57082 57083 57084 57085 57086 57087
57107 57106 57105 57104 57103 57102 57101 57100 57099
57193 57192 57191 57190 57189 57188 57187 57186 57185 57184 57183 57182 57181 57180 57179 57178 57177 57176 57175 57174 57173 57172 57171 57170 57169 57168 57167 57166 57165 57164 57163 57162 57161 57160 57159 57158 57157 57156 57155 57154 57153 57152 57151 57150 57149 57148 57147 57146 57145 57144 57143 57142 57141 57140 57139 57138 57137 57136 57135 57134 57133 57132 57131 57130 57129 57128 57127 57126 57125
57295 57294 57293 57292 57291 57290 57289 57288 57287 57286 57285 57284 57283 57282 57281 57280 57279 57278 57277 57276 57275 57274 57273 57272 57271 57270 57269 57268 57267 57266 57265 57264 57263 57262 57261 57260 57259 57258 57257 57256 57255 57254 57253 57252 57251 57250 57249 57248 57247 57246 57245 57244 57243 57242 57241 57240 57239 57238 57237 57236 57235 57234 57233 57232 57231 57230 57229 57228 57227
57327 57324 37199
57328 57326 57946
57341 57335 57336 57337 57338 57339 57340
57416 57413 37199
57417 57415 57946
57605 57604 56610 56611 56612 56613 56614
57606 1 1 1 1 1 1
57608 57595 57596 57597 57598 57599 57600 57601 57602
57609 1 1 1 1 1 1 1 1
57611 1 57571 57572 57573 57574 57575 57576 57577 57578
57612 1 57595 57596 57597 57598 57599 57600 57601 57602
57618 57571 57572 57573 57574 57575 57576 57577 57578
57619 1 1 1 1 1 1 1 4
58040 58039 58038 58037 58036
58091 57977 57978
58092 33 33
58118 58117 58116 58115 58114
58129 58128 58126
58130 1 1
58207 88400 88401
58208 33 33
58239 88400 88401
58240 58191 58185
58260 58258 58259
58261 1 1
58347 58346 58345 58344 58343
58410 58407 88546
58411 58409 58374
58416 88521 88522 88523 88524 88525 88526 88527 88528
58417 58377 58378 58379 58380 58381 58382 58383 58384
58442 58441 58440 58439 58438
58485 58482 79341
58486 58484 58467
59370 59369 59368 59367 59366
59392 59391 59390 59389 59388
59544 59416 59417 59418 59419 59420 59421 59422 59423 59424 59425 59426 59427 59428 59429 59430 59431 59432 59433 59434 59435 59436 59437 59438 59439 59440 59441 59442 59443 59444 59445 59446 59447 59448 59449 59450 59451 59452 59453 59454 59455 59456 59457 59458 59459 59460 59461 59462 59463 59464 59465 59466 59467 59468 59469 59470 59471 59472 59473 59474 59475 59476 59477 59478 59479 59480 59481 59482 59483 59484 59485 59486 59487 59488 59489 59490 59491 59492 59493 59494 59495 59496 59497 59498 59499 59500 59501 59502 59503 59504 59505 59506 59507 59508 59509 59510 59511 59512 59513 59514 59515 59516 59517 59518 59519 59520 59521 59522 59523 59524 59525 59526 59527 59528 59529 59530 59531 59532 59533 59534 59535 59536 59537 59538 59539 59540 59541 59542 59543
59688 59560 59561 59562 59563 59564 59565 59566 59567 59568 59569 59570 59571 59572 59573 59574 59575 59576 59577 59578 59579 59580 59581 59582 59583 59584 59585 59586 59587 59588 59589 59590 59591 59592 59593 59594 59595 59596 59597 59598 59599 59600 59601 59602 59603 59604 59605 59606 59607 59608 59609 59610 59611 59612 59613 59614 59615 59616 59617 59618 59619 59620 59621 59622 59623 59624 59625 59626 59627 59628 59629 59630 59631 59632 59633 59634 59635 59636 59637 59638 59639 59640 59641 59642 59643 59644 59645 59646 59647 59648 59649 59650 59651 59652 59653 59654 59655 59656 59657 59658 59659 59660 59661 59662 59663 59664 59665 59666 59667 59668 59669 59670 59671 59672 59673 59674 59675 59676 59677 59678 59679 59680 59681 59682 59683 59684 59685 59686 59687
59732 59731 59730 59729 59728 59727 59726 59725 59724 59723 59722 59721 59720 59719 59718 59717 59716 59715 59714 59713 59712 59711 59710 59709 59708 59707 59706 59705 59704 59703 59702 59701 59700
59805 59804 59803 59802 59801 59800 59799 59798 59797 59796 59795 59794 59793 59792 59791 59790 59789 59788 59787 59786 59785 59784 59783 59782 59781 59780 59779 59778 59777 59776 59775 59774 59773
60116 60115 60114 60113 60112 60111 60110 60109 60108 60107 60106 60105 60104 60103 60102 60101 60100 60099 60098 60097 60096 60095 60094 60093 60092 60091 60090 60089 60088 60087 60086 60085 60084 60083 60082 60081 60080 60079 60078 60077 60076 60075 60074 60073 60072 60071 60070 60069 60068 60067 60066 60065 60064 60063 60062 60061 60060 60059 60058 60057 60056 60055 60054 60053 60052 60051 60050 60049 60048 60047 60046 60045 60044 60043 60042 60041 60040 60039 60038 60037 60036 60035 60034 60033 60032 60031 60030 60029 60028 60027 60026 60025 60024 60023 60022 60021 60020 60019 60018 60017 60016 60015 60014 60013 60012 60011 60010 60009 60008 60007 60006 60005 60004 60003 60002 60001 60000 59999 59998 59997 59996 59995 59994 59993 59992 59991 59990 59989 59988 59987 59986 59985 59984 59983 59982 59981 59980 59979 59978 59977 59976 59975 59974 59973 59972 59971 59970 59969 59968 59967 59966 59965 59964 59963 59962 59961 59960 59959 59958 59957 59956 59955 59954 59953 59952 59951 59950 59949 59948 59947 59946 59945 59944 59943 59942 59941 59940 59939 59938 59937 59936 59935 59934 59933 59932 59931 59930 59929 59928 59927 59926 59925 59924 59923 59922 59921 59920 59919 59918 59917 59916 59915 59914 59913 59912 59911 59910 59909 59908 59907 59906 59905 59904 59903 59902 59901 59900 59899 59898 59897 59896 59895 59894 59893 59892 59891 59890 59889 59888 59887 59886 59885 59884 59883 59882 59881 59880 59879 59878 59877 59876 59875 59874 59873 59872 59871 59870 59869 59868 59867 59866 59865 59864 59863 59862 59861 59860 59859
60519 60518 60517 60516 60515 60514 60513 60512 60511 60510 60509 60508 60507 60506 60505 60504 60503 60502 60501 60500 60499 60498 60497 60496 60495 60494 60493 60492 60491 60490 60489 60488 60487 60486 60485 60484 60483 60482 60481 60480 60479 60478 60477 60476 60475 60474 60473 60472 60471 60470 60469 60468 60467 60466 60465 60464 60463 60462 60461 60460 60459 60458 60457 60456 60455 60454 60453 60452 60451 60450 60449 60448 60447 60446 60445 60444 60443 60442 60441 60440 60439 60438 60437 60436 60435 60434 60433 60432 60431 60430 60429 60428 60427 60426 60425 60424 60423 60422 60421 60420 60419 60418 60417 60416 60415 60414 60413 60412 60411 60410 60409 60408 60407 60406 60405 60404 60403 60402 60401 60400 60399 60398 60397 60396 60395 60394 60393 60392 60391 60390 60389 60388 60387 60386 60385 60384 60383 60382 60381 60380 60379 60378 60377 60376 60375 60374 60373 60372 60371 60370 60369 60368 60367 60366 60365 60364 60363 60362 60361 60360 60359 60358 60357 60356 60355 60354 60353 60352 60351 60350 60349 60348 60347 60346 60345 60344 60343 60342 60341 60340 60339 60338 60337 60336 60335 60334 60333 60332 60331 60330 60329 60328 60327 60326 60325 60324 60323 60322 60321 60320 60319 60318 60317 60316 60315 60314 60313 60312 60311 60310 60309 60308 60307 60306 60305 60304 60303 60302 60301 60300 60299 60298 60297 60296 60295 60294 60293 60292 60291 60290 60289 60288 60287 60286 60285 60284 60283 60282 60281 60280 60279 60278 60277 60276 60275 60274 60273 60272 60271 60270 60269 60268 60267 60266 60265 60264 60263 60262
60689 60657 60658 60659 60660 60661 60662 60663 60664 60665 60666 60667 60668 60669 60670 60671 60672 60673 60674 60675 60676 60677 60678 60679 60680 60681 60682 60683 60684 60685 60686 60687 60688
60738 60737 60736 60735 60734 60733 60732 60731 60730 60729 60728 60727 60726 60725 60724 60723 60722 60721 60720 60719 60718 60717 60716 60715 60714 60713 60712 60711 60710 60709 60708 60707 60706
60812 60811 60810 60809 60808 60807 60806 60805 60804 60803 60802 60801 60800 60799 60798 60797 60796 60795 60794 60793 60792 60791 60790 60789 60788 60787 60786 60785 60784 60783 60782 60781 60780
61118 61117 61116 61115 61114 61113 61112 61111 61110 61109 61108 61107 61106 61105 61104 61103 61102 61101 61100 61099 61098 61097 61096 61095 61094 61093 61092 61091 61090 61089 61088 61087 61086 61085 61084 61083 61082 61081 61080 61079 61078 61077 61076 61075 61074 61073 61072 61071 61070 61069 61068 61067 61066 61065 61064 61063 61062 61061 61060 61059 61058 61057 61056 61055 61054 61053 61052 61051 61050 61049 61048 61047 61046 61045 61044 61043 61042 61041 61040 61039 61038 61037 61036 61035 61034 61033 61032 61031 61030 61029 61028 61027 61026 61025 61024 61023 61022 61021 61020 61019 61018 61017 61016 61015 61014 61013 61012 61011 61010 61009 61008 61007 61006 61005 61004 61003 61002 61001 61000 60999 60998 60997 60996 60995 60994 60993 60992 60991 60990 60989 60988 60987 60986 60985 60984 60983 60982 60981 60980 60979 60978 60977 60976 60975 60974 60973 60972 60971 60970 60969 60968 60967 60966 60965 60964 60963 60962 60961 60960 60959 60958 60957 60956 60955 60954 60953 60952 60951 60950 60949 60948 60947 60946 60945 60944 60943 60942 60941 60940 60939 60938 60937 60936 60935 60934 60933 60932 60931 60930 60929 60928 60927 60926 60925 60924 60923 60922 60921 60920 60919 60918 60917 60916 60915 60914 60913 60912 60911 60910 60909 60908 60907 60906 60905 60904 60903 60902 60901 60900 60899 60898 60897 60896 60895 60894 60893 60892 60891 60890 60889 60888 60887 60886 60885 60884 60883 60882 60881 60880 60879 60878 60877 60876 60875 60874 60873 60872 60871 60870 60869 60868 60867 60866 60865 60864 60863 60862 60861 60860 60859 60858
61522 61521 61520 61519 61518 61517 61516 61515 61514 61513 61512 61511 61510 61509 61508 61507 61506 61505 61504 61503 61502 61501 61500 61499 61498 61497 61496 61495 61494 61493 61492 61491 61490 61489 61488 61487 61486 61485 61484 61483 61482 61481 61480 61479 61478 61477 61476 61475 61474 61473 61472 61471 61470 61469 61468 61467 61466 61465 61464 61463 61462 61461 61460 61459 61458 61457 61456 61455 61454 61453 61452 61451 61450 61449 61448 61447 61446 61445 61444 61443 61442 61441 61440 61439 61438 61437 61436 61435 61434 61433 61432 61431 61430 61429 61428 61427 61426 61425 61424 61423 61422 61421 61420 61419 61418 61417 61416 61415 61414 61413 61412 61411 61410 61409 61408 61407 61406 61405 61404 61403 61402 61401 61400 61399 61398 61397 61396 61395 61394 61393 61392 61391 61390 61389 61388 61387 61386 61385 61384 61383 61382 61381 61380 61379 61378 61377 61376 61375 61374 61373 61372 61371 61370 61369 61368 61367 61366 61365 61364 61363 61362 61361 61360 61359 61358 61357 61356 61355 61354 61353 61352 61351 61350 61349 61348 61347 61346 61345 61344 61343 61342 61341 61340 61339 61338 61337 61336 61335 61334 61333 61332 61331 61330 61329 61328 61327 61326 61325 61324 61323 61322 61321 61320 61319 61318 61317 61316 61315 61314 61313 61312 61311 61310 61309 61308 61307 61306 61305 61304 61303 61302 61301 61300 61299 61298 61297 61296 61295 61294 61293 61292 61291 61290 61289 61288 61287 61286 61285 61284 61283 61282 61281 61280 61279 61278 61277 61276 61275 61274 61273 61272 61271 61270 61269 61268 61267 61266 61265 61264 61263 61262
61663 61660 88546
61664 61662 79341
61700 61668 61669 61670 61671 61672 61673 61674 61675 61676 61677 61678 61679 61680 61681 61682 61683 61684 61685 61686 61687 61688 61689 61690 61691 61692 61693 61694 61695 61696 61697 61698 61699
61775 61772 88546
61776 61774 79341
61787 59739 59740 59741 59742 59743 59744 59745 59746 59747 59748 59749 59750 59751 59752 59753 59754 59755 59756 59757 59758 59759 59760 59761 59762 59763 59764 59765 59766 59767 59768 59769 59770
61788 60745 60746 60747 60748 60749 60750 60751 60752 60753 60754 60755 60756 60757 60758 60759 60760 60761 60762 60763 60764 60765 60766 60767 60768 60769 60770 60771 60772 60773 60774 60775 60776
61791 59739 59740 59741 59742 59743 59744 59745 59746 59747 59748 59749 59750 59751 59752 59753 59754 59755 59756 59757 59758 59759 59760 59761 59762 59763 59764 59765 59766 59767 59768 59769 59770
61792 1 1 1 1 1 1 1 1 1 1 1 1 1 1 1 1 1 1 1 1 1 1 1 1 1 1 1 1 1 1 1 1
62693 58501 58502 58503 58504 58505 58506 58507 58508 58509 58510 58511 58512 58513 58514 58515 58516 58517 58518 58519 58520 58521 58522 58523 58524 58525 58526 58527 58528 58529 58530 58531 58532
62694 1 1 1 1 1 1 1 1 1 1 1 1 1 1 1 1 1 1 1 1 1 1 1 1 1 1 1 1 1 1 1 1
62696 62685 62686 62687 62688 62689 62690 62691 62692
62697 1 1 1 1 1 1 1 1
62699 1 62661 62662 62663 62664 62665 62666 62667 62668
62700 1 62685 62686 62687 62688 62689 62690 62691 62692
62706 62661 62662 62663 62664 62665 62666 62667 62668
62707 1 1 1 1 1 1 1 4
63203 63202 63201 63200 63199
63355 63227 63228 63229 63230 63231 63232 63233 63234 63235 63236 63237 63238 63239 63240 63241 63242 63243 63244 63245 63246 63247 63248 63249 63250 63251 63252 63253 63254 63255 63256 63257 63258 63259 63260 63261 63262 63263 63264 63265 63266 63267 63268 63269 63270 63271 63272 63273 63274 63275 63276 63277 63278 63279 63280 63281 63282 63283 63284 63285 63286 63287 63288 63289 63290 63291 63292 63293 63294 63295 63296 63297 63298 63299 63300 63301 63302 63303 63304 63305 63306 63307 63308 63309 63310 63311 63312 63313 63314 63315 63316 63317 63318 63319 63320 63321 63322 63323 63324 63325 63326 63327 63328 63329 63330 63331 63332 63333 63334 63335 63336 63337 63338 63339 63340 63341 63342 63343 63344 63345 63346 63347 63348 63349 63350 63351 63352 63353 63354
63400 63399 63398 63397 63396 63395 63394 63393 63392 63391 63390 63389 63388 63387 63386 63385 63384 63383 63382 63381 63380 63379 63378 63377 63376 63375 63374 63373 63372 63371 63370 63369 63368
63706 63705 63704 63703 63702 63701 63700 63699 63698 63697 63696 63695 63694 63693 63692 63691 63690 63689 63688 63687 63686 63685 63684 63683 63682 63681 63680 63679 63678 63677 63676 63675 63674 63673 63672 63671 63670 63669 63668 63667 63666 63665 63664 63663 63662 63661 63660 63659 63658 63657 63656 63655 63654 63653 63652 63651 63650 63649 63648 63647 63646 63645 63644 63643 63642 63641 63640 63639 63638 63637 63636 63635 63634 63633 63632 63631 63630 63629 63628 63627 63626 63625 63624 63623 63622 63621 63620 63619 63618 63617 63616 63615 63614 63613 63612 63611 63610 63609 63608 63607 63606 63605 63604 63603 63602 63601 63600 63599 63598 63597 63596 63595 63594 63593 63592 63591 63590 63589 63588 63587 63586 63585 63584 63583 63582 63581 63580 63579 63578 63577 63576 63575 63574 63573 63572 63571 63570 63569 63568 63567 63566 63565 63564 63563 63562 63561 63560 63559 63558 63557 63556 63555 63554 63553 63552 63551 63550 63549 63548 63547 63546 63545 63544 63543 63542 63541 63540 63539 63538 63537 63536 63535 63534 63533 63532 63531 63530 63529 63528 63527 63526 63525 63524 63523 63522 63521 63520 63519 63518 63517 63516 63515 63514 63513 63512 63511 63510 63509 63508 63507 63506 63505 63504 63503 63502 63501 63500 63499 63498 63497 63496 63495 63494 63493 63492 63491 63490 63489 63488 63487 63486 63485 63484 63483 63482 63481 63480 63479 63478 63477 63476 63475 63474 63473 63472 63471 63470 63469 63468 63467 63466 63465 63464 63463 63462 63461 63460 63459 63458 63457 63456 63455 63454 63453 63452 63451 63450 63449 63448 63447 63446
63878 63846 63847 63848 63849 63850 63851 63852 63853 63854 63855 63856 63857 63858 63859 63860 63861 63862 63863 63864 63865 63866 63867 63868 63869 63870 63871 63872 63873 63874 63875 63876 63877
64245 62718 62719 62720 62721 62722 62723 62724 62725 62726 62727 62728 62729 62730 62731 62732 62733 62734 62735 62736 62737 62738 62739 62740 62741 62742 62743 62744 62745 62746 62747 62748 62749
64246 1 1 1 1 1 1 1 1 1 1 1 1 1 1 1 1 1 1 1 1 1 1 1 1 1 1 1 1 1 1 1 1
64248 64237 64238 64239 64240 64241 64242 64243 64244
64249 1 1 1 1 1 1 1 1
64251 1 64213 64214 64215 64216 64217 64218 64219 64220
64252 1 64237 64238 64239 64240 64241 64242 64243 64244
64486 64213 64214 64215 64216 64217 64218 64219 64220
64487 1 1 1 1 1 1 1 4
64502 64501 64500 64499 64498
64513 64512 64510
64514 1 1
64591 88400 88401
64592 33 33
64623 88400 88401
64624 64575 64569
64644 64642 64643
64645 1 1
64731 64730 64729 64728 64727
64794 64791 88546
64795 64793 64758
64800 88521 88522 88523 88524 88525 88526 88527 88528
64801 64761 64762 64763 64764 64765 64766 64767 64768
64826 64825 64824 64823 64822
64869 64866 79341
64870 64868 64851
65754 65753 65752 65751 65750
65776 65775 65774 65773 65772
65928 65800 65801 65802 65803 65804 65805 65806 65807 65808 65809 65810 65811 65812 65813 65814 65815 65816 65817 65818 65819 65820 65821 65822 65823 65824 65825 65826 65827 65828 65829 65830 65831 65832 65833 65834 65835 65836 65837 65838 65839 65840 65841 65842 65843 65844 65845 65846 65847 65848 65849 65850 65851 65852 65853 65854 65855 65856 65857 65858 65859 65860 65861 65862 65863 65864 65865 65866 65867 65868 65869 65870 65871 65872 65873 65874 65875 65876 65877 65878 65879 65880 65881 65882 65883 65884 65885 65886 65887 65888 65889 65890 65891 65892 65893 65894 65895 65896 65897 65898 65899 65900 65901 65902 65903 65904 65905 65906 65907 65908 65909 65910 65911 65912 65913 65914 65915 65916 65917 65918 65919 65920 65921 65922 65923 65924 65925 65926 65927
66072 65944 65945 65946 65947 65948 65949 65950 65951 65952 65953 65954 65955 65956 65957 65958 65959 65960 65961 65962 65963 65964 65965 65966 65967 65968 65969 65970 65971 65972 65973 65974 65975 65976 65977 65978 65979 65980 65981 65982 65983 65984 65985 65986 65987 65988 65989 65990 65991 65992 65993 65994 65995 65996 65997 65998 65999 66000 66001 66002 66003 66004 66005 66006 66007 66008 66009 66010 66011 66012 66013 66014 66015 66016 66017 66018 66019 66020 66021 66022 66023 66024 66025 66026 66027 66028 66029 66030 66031 66032 66033 66034 66035 66036 66037 66038 66039 66040 66041 66042 66043 66044 66045 66046 66047 66048 66049 66050 66051 66052 66053 66054 66055 66056 66057 66058 66059 66060 66061 66062 66063 66064 66065 66066 66067 66068 66069 66070 66071
66116 66115 66114 66113 66112 66111 66110 66109 66108 66107 66106 66105 66104 66103 66102 66101 66100 66099 66098 66097 66096 66095 66094 66093 66092 66091 66090 66089 66088 66087 66086 66085 66084
66189 66188 66187 66186 66185 66184 66183 66182 66181 66180 66179 66178 66177 66176 66175 66174 66173 66172 66171 66170 66169 66168 66167 66166 66165 66164 66163 66162 66161 66160 66159 66158 66157
66500 66499 66498 66497 66496 66495 66494 66493 66492 66491 66490 66489 66488 66487 66486 66485 66484 66483 66482 66481 66480 66479 66478 66477 66476 66475 66474 66473 66472 66471 66470 66469 66468 66467 66466 66465 66464 66463 66462 66461 66460 66459 66458 66457 66456 66455 66454 66453 66452 66451 66450 66449 66448 66447 66446 66445 66444 66443 66442 66441 66440 66439 66438 66437 66436 66435 66434 66433 66432 66431 66430 66429 66428 66427 66426 66425 66424 66423 66422 66421 66420 66419 66418 66417 66416 66415 66414 66413 66412 66411 66410 66409 66408 66407 66406 66405 66404 66403 66402 66401 66400 66399 66398 66397 66396 66395 66394 66393 66392 66391 66390 66389 66388 66387 66386 66385 66384 66383 66382 66381 66380 66379 66378 66377 66376 66375 66374 66373 66372 66371 66370 66369 66368 66367 66366 66365 66364 66363 66362 66361 66360 66359 66358 66357 66356 66355 66354 66353 66352 66351 66350 66349 66348 66347 66346 66345 66344 66343 66342 66341 66340 66339 66338 66337 66336 66335 66334 66333 66332 66331 66330 66329 66328 66327 66326 66325 66324 66323 66322 66321 66320 66319 66318 66317 66316 66315 66314 66313 66312 66311 66310 66309 66308 66307 66306 66305 66304 66303 66302 66301 66300 66299 66298 66297 66296 66295 66294 66293 66292 66291 66290 66289 66288 66287 66286 66285 66284 66283 66282 66281 66280 66279 66278 66277 66276 66275 66274 66273 66272 66271 66270 66269 66268 66267 66266 66265 66264 66263 66262 66261 66260 66259 66258 66257 66256 66255 66254 66253 66252 66251 66250 66249 66248 66247 66246 66245 66244 66243
66903 66902 66901 66900 66899 66898 66897 66896 66895 66894 66893 66892 66891 66890 66889 66888 66887 66886 66885 66884 66883 66882 66881 66880 66879 66878 66877 66876 66875 66874 66873 66872 66871 66870 66869 66868 66867 66866 66865 66864 66863 66862 66861 66860 66859 66858 66857 66856 66855 66854 66853 66852 66851 66850 66849 66848 66847 66846 66845 66844 66843 66842 66841 66840 66839 66838 66837 66836 66835 66834 66833 66832 66831 66830 66829 66828 66827 66826 66825 66824 66823 66822 66821 66820 66819 66818 66817 66816 66815 66814 66813 66812 66811 66810 66809 66808 66807 66806 66805 66804 66803 66802 66801 66800 66799 66798 66797 66796 66795 66794 66793 66792 66791 66790 66789 66788 66787 66786 66785 66784 66783 66782 66781 66780 66779 66778 66777 66776 66775 66774 66773 66772 66771 66770 66769 66768 66767 66766 66765 66764 66763 66762 66761 66760 66759 66758 66757 66756 66755 66754 66753 66752 66751 66750 66749 66748 66747 66746 66745 66744 66743 66742 66741 66740 66739 66738 66737 66736 66735 66734 66733 66732 66731 66730 66729 66728 66727 66726 66725 66724 66723 66722 66721 66720 66719 66718 66717 66716 66715 66714 66713 66712 66711 66710 66709 66708 66707 66706 66705 66704 66703 66702 66701 66700 66699 66698 66697 66696 66695 66694 66693 66692 66691 66690 66689 66688 66687 66686 66685 66684 66683 66682 66681 66680 66679 66678 66677 66676 66675 66674 66673 66672 66671 66670 66669 66668 66667 66666 66665 66664 66663 66662 66661 66660 66659 66658 66657 66656 66655 66654 66653 66652 66651 66650 66649 66648 66647 66646
67073 67041 67042 67043 67044 67045 67046 67047 67048 67049 67050 67051 67052 67053 67054 67055 67056 67057 67058 67059 67060 67061 67062 67063 67064 67065 67066 67067 67068 67069 67070 67071 67072
67122 67121 67120 67119 67118 67117 67116 67115 67114 67113 67112 67111 67110 67109 67108 67107 67106 67105 67104 67103 67102 67101 67100 67099 67098 67097 67096 67095 67094 67093 67092 67091 67090
67196 67195 67194 67193 67192 67191 67190 67189 67188 67187 67186 67185 67184 67183 67182 67181 67180 67179 67178 67177 67176 67175 67174 67173 67172 67171 67170 67169 67168 67167 67166 67165 67164
67502 67501 67500 67499 67498 67497 67496 67495 67494 67493 67492 67491 67490 67489 67488 67487 67486 67485 67484 67483 67482 67481 67480 67479 67478 67477 67476 67475 67474 67473 67472 67471 67470 67469 67468 67467 67466 67465 67464 67463 67462 67461 67460 67459 67458 67457 67456 67455 67454 67453 67452 67451 67450 67449 67448 67447 67446 67445 67444 67443 67442 67441 67440 67439 67438 67437 67436 67435 67434 67433 67432 67431 67430 67429 67428 67427 67426 67425 67424 67423 67422 67421 67420 67419 67418 67417 67416 67415 67414 67413 67412 67411 67410 67409 67408 67407 67406 67405 67404 67403 67402 67401 67400 67399 67398 67397 67396 67395 67394 67393 67392 67391 67390 67389 67388 67387 67386 67385 67384 67383 67382 67381 67380 67379 67378 67377 67376 67375 67374 67373 67372 67371 67370 67369 67368 67367 67366 67365 67364 67363 67362 67361 67360 67359 67358 67357 67356 67355 67354 67353 67352 67351 67350 67349 67348 67347 67346 67345 67344 67343 67342 67341 67340 67339 67338 67337 67336 67335 67334 67333 67332 67331 67330 67329 67328 67327 67326 67325 67324 67323 67322 67321 67320 67319 67318 67317 67316 67315 67314 67313 67312 67311 67310 67309 67308 67307 67306 67305 67304 67303 67302 67301 67300 67299 67298 67297 67296 67295 67294 67293 67292 67291 67290 67289 67288 67287 67286 67285 67284 67283 67282 67281 67280 67279 67278 67277 67276 67275 67274 67273 67272 67271 67270 67269 67268 67267 67266 67265 67264 67263 67262 67261 67260 67259 67258 67257 67256 67255 67254 67253 67252 67251 67250 67249 67248 67247 67246 67245 67244 67243 67242
67906 67905 67904 67903 67902 67901 67900 67899 67898 67897 67896 67895 67894 67893 67892 67891 67890 67889 67888 67887 67886 67885 67884 67883 67882 67881 67880 67879 67878 67877 67876 67875 67874 67873 67872 67871 67870 67869 67868 67867 67866 67865 67864 67863 67862 67861 67860 67859 67858 67857 67856 67855 67854 67853 67852 67851 67850 67849 67848 67847 67846 67845 67844 67843 67842 67841 67840 67839 67838 67837 67836 67835 67834 67833 67832 67831 67830 67829 67828 67827 67826 67825 67824 67823 67822 67821 67820 67819 67818 67817 67816 67815 67814 67813 67812 67811 67810 67809 67808 67807 67806 67805 67804 67803 67802 67801 67800 67799 67798 67797 67796 67795 67794 67793 67792 67791 67790 67789 67788 67787 67786 67785 67784 67783 67782 67781 67780 67779 67778 67777 67776 67775 67774 67773 67772 67771 67770 67769 67768 67767 67766 67765 67764 67763 67762 67761 67760 67759 67758 67757 67756 67755 67754 67753 67752 67751 67750 67749 67748 67747 67746 67745 67744 67743 67742 67741 67740 67739 67738 67737 67736 67735 67734 67733 67732 67731 67730 67729 67728 67727 67726 67725 67724 67723 67722 67721 67720 67719 67718 67717 67716 67715 67714 67713 67712 67711 67710 67709 67708 67707 67706 67705 67704 67703 67702 67701 67700 67699 67698 67697 67696 67695 67694 67693 67692 67691 67690 67689 67688 67687 67686 67685 67684 67683 67682 67681 67680 67679 67678 67677 67676 67675 67674 67673 67672 67671 67670 67669 67668 67667 67666 67665 67664 67663 67662 67661 67660 67659 67658 67657 67656 67655 67654 67653 67652 67651 67650 67649 67648 67647 67646
68047 68044 88546
68048 68046 79341
68084 68052 68053 68054 68055 68056 68057 68058 68059 68060 68061 68062 68063 68064 68065 68066 68067 68068 68069 68070 68071 68072 68073 68074 68075 68076 68077 68078 68079 68080 68081 68082 68083
68159 68156 88546
68160 68158 79341
68171 66123 66124 66125 66126 66127 66128 66129 66130 66131 66132 66133 66134 66135 66136 66137 66138 66139 66140 66141 66142 66143 66144 66145 66146 66147 66148 66149 66150 66151 66152 66153 66154
68172 67129 67130 67131 67132 67133 67134 67135 67136 67137 67138 67139 67140 67141 67142 67143 67144 67145 67146 67147 67148 67149 67150 67151 67152 67153 67154 67155 67156 67157 67158 67159 67160
68175 66123 66124 66125 66126 66127 66128 66129 66130 66131 66132 66133 66134 66135 66136 66137 66138 66139 66140 66141 66142 66143 66144 66145 66146 66147 66148 66149 66150 66151 66152 66153 66154
68176 1 1 1 1 1 1 1 1 1 1 1 1 1 1 1 1 1 1 1 1 1 1 1 1 1 1 1 1 1 1 1 1
69077 64885 64886 64887 64888 64889 64890 64891 64892 64893 64894 64895 64896 64897 64898 64899 64900 64901 64902 64903 64904 64905 64906 64907 64908 64909 64910 64911 64912 64913 64914 64915 64916
69078 1 1 1 1 1 1 1 1 1 1 1 1 1 1 1 1 1 1 1 1 1 1 1 1 1 1 1 1 1 1 1 1
69080 69069 69070 69071 69072 69073 69074 69075 69076
69081 1 1 1 1 1 1 1 1
69083 1 69045 69046 69047 69048 69049 69050 69051 69052
69084 1 69069 69070 69071 69072 69073 69074 69075 69076
69090 69045 69046 69047 69048 69049 69050 69051 69052
69091 1 1 1 1 1 1 1 4
69587 69586 69585 69584 69583
69739 69611 69612 69613 69614 69615 69616 69617 69618 69619 69620 69621 69622 69623 69624 69625 69626 69627 69628 69629 69630 69631 69632 69633 69634 69635 69636 69637 69638 69639 69640 69641 69642 69643 69644 69645 69646 69647 69648 69649 69650 69651 69652 69653 69654 69655 69656 69657 69658 69659 69660 69661 69662 69663 69664 69665 69666 69667 69668 69669 69670 69671 69672 69673 69674 69675 69676 69677 69678 69679 69680 69681 69682 69683 69684 69685 69686 69687 69688 69689 69690 69691 69692 69693 69694 69695 69696 69697 69698 69699 69700 69701 69702 69703 69704 69705 69706 69707 69708 69709 69710 69711 69712 69713 69714 69715 69716 69717 69718 69719 69720 69721 69722 69723 69724 69725 69726 69727 69728 69729 69730 69731 69732 69733 69734 69735 69736 69737 69738
69784 69783 69782 69781 69780 69779 69778 69777 69776 69775 69774 69773 69772 69771 69770 69769 69768 69767 69766 69765 69764 69763 69762 69761 69760 69759 69758 69757 69756 69755 69754 69753 69752
70090 70089 70088 70087 70086 70085 70084 70083 70082 70081 70080 70079 70078 70077 70076 70075 70074 70073 70072 70071 70070 70069 70068 70067 70066 70065 70064 70063 70062 70061 70060 70059 70058 70057 70056 70055 70054 70053 70052 70051 70050 70049 70048 70047 70046 70045 70044 70043 70042 70041 70040 70039 70038 70037 70036 70035 70034 70033 70032 70031 70030 70029 70028 70027 70026 70025 70024 70023 70022 70021 70020 70019 70018 70017 70016 70015 70014 70013 70012 70011 70010 70009 70008 70007 70006 70005 70004 70003 70002 70001 70000 69999 69998 69997 69996 69995 69994 69993 69992 69991 69990 69989 69988 69987 69986 69985 69984 69983 69982 69981 69980 69979 69978 69977 69976 69975 69974 69973 69972 69971 69970 69969 69968 69967 69966 69965 69964 69963 69962 69961 69960 69959 69958 69957 69956 69955 69954 69953 69952 69951 69950 69949 69948 69947 69946 69945 69944 69943 69942 69941 69940 69939 69938 69937 69936 69935 69934 69933 69932 69931 69930 69929 69928 69927 69926 69925 69924 69923 69922 69921 69920 69919 69918 69917 69916 69915 69914 69913 69912 69911 69910 69909 69908 69907 69906 69905 69904 69903 69902 69901 69900 69899 69898 69897 69896 69895 69894 69893 69892 69891 69890 69889 69888 69887 69886 69885 69884 69883 69882 69881 69880 69879 69878 69877 69876 69875 69874 69873 69872 69871 69870 69869 69868 69867 69866 69865 69864 69863 69862 69861 69860 69859 69858 69857 69856 69855 69854 69853 69852 69851 69850 69849 69848 69847 69846 69845 69844 69843 69842 69841 69840 69839 69838 69837 69836 69835 69834 69833 69832 69831 69830
70262 70230 70231 70232 70233 70234 70235 70236 70237 70238 70239 70240 70241 70242 70243 70244 70245 70246 70247 70248 70249 70250 70251 70252 70253 70254 70255 70256 70257 70258 70259 70260 70261
70629 69102 69103 69104 69105 69106 69107 69108 69109 69110 69111 69112 69113 69114 69115 69116 69117 69118 69119 69120 69121 69122 69123 69124 69125 69126 69127 69128 69129 69130 69131 69132 69133
70630 1 1 1 1 1 1 1 1 1 1 1 1 1 1 1 1 1 1 1 1 1 1 1 1 1 1 1 1 1 1 1 1
70632 70621 70622 70623 70624 70625 70626 70627 70628
70633 1 1 1 1 1 1 1 1
70635 1 70597 70598 70599 70600 70601 70602 70603 70604
70636 1 70621 70622 70623 70624 70625 70626 70627 70628
70870 70597 70598 70599 70600 70601 70602 70603 70604
70871 1 1 1 1 1 1 1 4
70883 1 1 1 1 1 1 1 70882
70890 1 1 1 1 1 1 1 70889
70928 1 1 1 1 1 1 1 70927
70935 1 1 1 1 1 1 1 70934
70973 1 1 1 1 1 1 1 70972
70980 1 1 1 1 1 1 1 70979
71018 1 1 1 1 1 1 1 71017
71025 1 1 1 1 1 1 1 71024
71063 1 1 1 1 1 1 1 71062
71070 1 1 1 1 1 1 1 71069
71108 1 1 1 1 1 1 1 71107
71115 1 1 1 1 1 1 1 71114
71153 1 1 1 1 1 1 1 71152
71160 1 1 1 1 1 1 1 71159
71198 1 1 1 1 1 1 1 71197
71205 1 1 1 1 1 1 1 71204
71243 1 1 1 1 1 1 1 71242
71250 1 1 1 1 1 1 1 71249
71288 1 1 1 1 1 1 1 71287
71295 1 1 1 1 1 1 1 71294
71333 1 1 1 1 1 1 1 71332
71340 1 1 1 1 1 1 1 71339
71378 1 1 1 1 1 1 1 71377
71385 1 1 1 1 1 1 1 71384
71423 1 1 1 1 1 1 1 71422
71430 1 1 1 1 1 1 1 71429
71468 1 1 1 1 1 1 1 71467
71475 1 1 1 1 1 1 1 71474
71513 1 1 1 1 1 1 1 71512
71520 1 1 1 1 1 1 1 71519
71558 1 1 1 1 1 1 1 71557
71565 1 1 1 1 1 1 1 71564
71603 1 1 1 1 1 1 1 71602
71610 1 1 1 1 1 1 1 71609
71648 1 1 1 1 1 1 1 71647
71655 1 1 1 1 1 1 1 71654
71693 1 1 1 1 1 1 1 71692
71700 1 1 1 1 1 1 1 71699
71738 1 1 1 1 1 1 1 71737
71745 1 1 1 1 1 1 1 71744
71783 1 1 1 1 1 1 1 71782
71790 1 1 1 1 1 1 1 71789
71828 1 1 1 1 1 1 1 71827
71835 1 1 1 1 1 1 1 71834
71873 1 1 1 1 1 1 1 71872
71880 1 1 1 1 1 1 1 71879
71918 1 1 1 1 1 1 1 71917
71925 1 1 1 1 1 1 1 71924
71963 1 1 1 1 1 1 1 71962
71970 1 1 1 1 1 1 1 71969
72008 1 1 1 1 1 1 1 72007
72015 1 1 1 1 1 1 1 72014
72053 1 1 1 1 1 1 1 72052
72060 1 1 1 1 1 1 1 72059
72098 1 1 1 1 1 1 1 72097
72105 1 1 1 1 1 1 1 72104
72143 1 1 1 1 1 1 1 72142
72150 1 1 1 1 1 1 1 72149
72188 1 1 1 1 1 1 1 72187
72195 1 1 1 1 1 1 1 72194
72233 1 1 1 1 1 1 1 72232
72240 1 1 1 1 1 1 1 72239
72278 1 1 1 1 1 1 1 72277
72285 1 1 1 1 1 1 1 72284
72321 71600 71555 71510 71465 71420 71375 71330 71285 71240 71195 71150 71105 71060 71015 70970 70925
72326 71599 71554 71509 71464 71419 71374 71329 71284 71239 71194 71149 71104 71059 71014 70969 70924
72331 71569 71524 71479 71434 71389 71344 71299 71254 71209 71164 71119 71074 71029 70984 70939 70894
72349 72333 72334 72335 72336 72337 72338 72339 72340 72341 72342 72343 72344 72345 72346 72347 72348
72350 71568 71523 71478 71433 71388 71343 71298 71253 71208 71163 71118 71073 71028 70983 70938 70893
72353 71575 71530 71485 71440 71395 71350 71305 71260 71215 71170 71125 71080 71035 70990 70945 70900
72437 72320 72275 72230 72185 72140 72095 72050 72005 71960 71915 71870 71825 71780 71735 71690 71645
72442 72319 72274 72229 72184 72139 72094 72049 72004 71959 71914 71869 71824 71779 71734 71689 71644
72451 72289 72244 72199 72154 72109 72064 72019 71974 71929 71884 71839 71794 71749 71704 71659 71614
72469 72453 72454 72455 72456 72457 72458 72459 72460 72461 72462 72463 72464 72465 72466 72467 72468
72470 72288 72243 72198 72153 72108 72063 72018 71973 71928 71883 71838 71793 71748 71703 71658 71613
72473 72295 72250 72205 72160 72115 72070 72025 71980 71935 71890 71845 71800 71755 71710 71665 71620
72548 72547 72546 72545 72544
72559 72558 72556
72560 1 1
72637 88400 88401
72638 33 33
72669 88400 88401
72670 72621 72615
72690 72688 72689
72691 1 1
72777 72776 72775 72774 72773
72840 72837 88546
72841 72839 72804
72846 88521 88522 88523 88524 88525 88526 88527 88528
72847 72807 72808 72809 72810 72811 72812 72813 72814
72872 72871 72870 72869 72868
72915 72912 79341
72916 72914 72897
73800 73799 73798 73797 73796
73822 73821 73820 73819 73818
73974 73846 73847 73848 73849 73850 73851 73852 73853 73854 73855 73856 73857 73858 73859 73860 73861 73862 73863 73864 73865 73866 73867 73868 73869 73870 73871 73872 73873 73874 73875 73876 73877 73878 73879 73880 73881 73882 73883 73884 73885 73886 73887 73888 73889 73890 73891 73892 73893 73894 73895 73896 73897 73898 73899 73900 73901 73902 73903 73904 73905 73906 73907 73908 73909 73910 73911 73912 73913 73914 73915 73916 73917 73918 73919 73920 73921 73922 73923 73924 73925 73926 73927 73928 73929 73930 73931 73932 73933 73934 73935 73936 73937 73938 73939 73940 73941 73942 73943 73944 73945 73946 73947 73948 73949 73950 73951 73952 73953 73954 73955 73956 73957 73958 73959 73960 73961 73962 73963 73964 73965 73966 73967 73968 73969 73970 73971 73972 73973
74118 73990 73991 73992 73993 73994 73995 73996 73997 73998 73999 74000 74001 74002 74003 74004 74005 74006 74007 74008 74009 74010 74011 74012 74013 74014 74015 74016 74017 74018 74019 74020 74021 74022 74023 74024 74025 74026 74027 74028 74029 74030 74031 74032 74033 74034 74035 74036 74037 74038 74039 74040 74041 74042 74043 74044 74045 74046 74047 74048 74049 74050 74051 74052 74053 74054 74055 74056 74057 74058 74059 74060 74061 74062 74063 74064 74065 74066 74067 74068 74069 74070 74071 74072 74073 74074 74075 74076 74077 74078 74079 74080 74081 74082 74083 74084 74085 74086 74087 74088 74089 74090 74091 74092 74093 74094 74095 74096 74097 74098 74099 74100 74101 74102 74103 74104 74105 74106 74107 74108 74109 74110 74111 74112 74113 74114 74115 74116 74117
74162 74161 74160 74159 74158 74157 74156 74155 74154 74153 74152 74151 74150 74149 74148 74147 74146 74145 74144 74143 74142 74141 74140 74139 74138 74137 74136 74135 74134 74133 74132 74131 74130
74235 74234 74233 74232 74231 74230 74229 74228 74227 74226 74225 74224 74223 74222 74221 74220 74219 74218 74217 74216 74215 74214 74213 74212 74211 74210 74209 74208 74207 74206 74205 74204 74203
74546 74545 74544 74543 74542 74541 74540 74539 74538 74537 74536 74535 74534 74533 74532 74531 74530 74529 74528 74527 74526 74525 74524 74523 74522 74521 74520 74519 74518 74517 74516 74515 74514 74513 74512 74511 74510 74509 74508 74507 74506 74505 74504 74503 74502 74501 74500 74499 74498 74497 74496 74495 74494 74493 74492 74491 74490 74489 74488 74487 74486 74485 74484 74483 74482 74481 74480 74479 74478 74477 74476 74475 74474 74473 74472 74471 74470 74469 74468 74467 74466 74465 74464 74463 74462 74461 74460 74459 74458 74457 74456 74455 74454 74453 74452 74451 74450 74449 74448 74447 74446 74445 74444 74443 74442 74441 74440 74439 74438 74437 74436 74435 74434 74433 74432 74431 74430 74429 74428 74427 74426 74425 74424 74423 74422 74421 74420 74419 74418 74417 74416 74415 74414 74413 74412 74411 74410 74409 74408 74407 74406 74405 74404 74403 74402 74401 74400 74399 74398 74397 74396 74395 74394 74393 74392 74391 74390 74389 74388 74387 74386 74385 74384 74383 74382 74381 74380 74379 74378 74377 74376 74375 74374 74373 74372 74371 74370 74369 74368 74367 74366 74365 74364 74363 74362 74361 74360 74359 74358 74357 74356 74355 74354 74353 74352 74351 74350 74349 74348 74347 74346 74345 74344 74343 74342 74341 74340 74339 74338 74337 74336 74335 74334 74333 74332 74331 74330 74329 74328 74327 74326 74325 74324 74323 74322 74321 74320 74319 74318 74317 74316 74315 74314 74313 74312 74311 74310 74309 74308 74307 74306 74305 74304 74303 74302 74301 74300 74299 74298 74297 74296 74295 74294 74293 74292 74291 74290 74289
74949 74948 74947 74946 74945 74944 74943 74942 74941 74940 74939 74938 74937 74936 74935 74934 74933 74932 74931 74930 74929 74928 74927 74926 74925 74924 74923 74922 74921 74920 74919 74918 74917 74916 74915 74914 74913 74912 74911 74910 74909 74908 74907 74906 74905 74904 74903 74902 74901 74900 74899 74898 74897 74896 74895 74894 74893 74892 74891 74890 74889 74888 74887 74886 74885 74884 74883 74882 74881 74880 74879 74878 74877 74876 74875 74874 74873 74872 74871 74870 74869 74868 74867 74866 74865 74864 74863 74862 74861 74860 74859 74858 74857 74856 74855 74854 74853 74852 74851 74850 74849 74848 74847 74846 74845 74844 74843 74842 74841 74840 74839 74838 74837 74836 74835 74834 74833 74832 74831 74830 74829 74828 74827 74826 74825 74824 74823 74822 74821 74820 74819 74818 74817 74816 74815 74814 74813 74812 74811 74810 74809 74808 74807 74806 74805 74804 74803 74802 74801 74800 74799 74798 74797 74796 74795 74794 74793 74792 74791 74790 74789 74788 74787 74786 74785 74784 74783 74782 74781 74780 74779 74778 74777 74776 74775 74774 74773 74772 74771 74770 74769 74768 74767 74766 74765 74764 74763 74762 74761 74760 74759 74758 74757 74756 74755 74754 74753 74752 74751 74750 74749 74748 74747 74746 74745 74744 74743 74742 74741 74740 74739 74738 74737 74736 74735 74734 74733 74732 74731 74730 74729 74728 74727 74726 74725 74724 74723 74722 74721 74720 74719 74718 74717 74716 74715 74714 74713 74712 74711 74710 74709 74708 74707 74706 74705 74704 74703 74702 74701 74700 74699 74698 74697 74696 74695 74694 74693 74692
75119 75087 75088 75089 75090 75091 75092 75093 75094 75095 75096 75097 75098 75099 75100 75101 75102 75103 75104 75105 75106 75107 75108 75109 75110 75111 75112 75113 75114 75115 75116 75117 75118
75168 75167 75166 75165 75164 75163 75162 75161 75160 75159 75158 75157 75156 75155 75154 75153 75152 75151 75150 75149 75148 75147 75146 75145 75144 75143 75142 75141 75140 75139 75138 75137 75136
75242 75241 75240 75239 75238 75237 75236 75235 75234 75233 75232 75231 75230 75229 75228 75227 75226 75225 75224 75223 75222 75221 75220 75219 75218 75217 75216 75215 75214 75213 75212 75211 75210
75548 75547 75546 75545 75544 75543 75542 75541 75540 75539 75538 75537 75536 75535 75534 75533 75532 75531 75530 75529 75528 75527 75526 75525 75524 75523 75522 75521 75520 75519 75518 75517 75516 75515 75514 75513 75512 75511 75510 75509 75508 75507 75506 75505 75504 75503 75502 75501 75500 75499 75498 75497 75496 75495 75494 75493 75492 75491 75490 75489 75488 75487 75486 75485 75484 75483 75482 75481 75480 75479 75478 75477 75476 75475 75474 75473 75472 75471 75470 75469 75468 75467 75466 75465 75464 75463 75462 75461 75460 75459 75458 75457 75456 75455 75454 75453 75452 75451 75450 75449 75448 75447 75446 75445 75444 75443 75442 75441 75440 75439 75438 75437 75436 75435 75434 75433 75432 75431 75430 75429 75428 75427 75426 75425 75424 75423 75422 75421 75420 75419 75418 75417 75416 75415 75414 75413 75412 75411 75410 75409 75408 75407 75406 75405 75404 75403 75402 75401 75400 75399 75398 75397 75396 75395 75394 75393 75392 75391 75390 75389 75388 75387 75386 75385 75384 75383 75382 75381 75380 75379 75378 75377 75376 75375 75374 75373 75372 75371 75370 75369 75368 75367 75366 75365 75364 75363 75362 75361 75360 75359 75358 75357 75356 75355 75354 75353 75352 75351 75350 75349 75348 75347 75346 75345 75344 75343 75342 75341 75340 75339 75338 75337 75336 75335 75334 75333 75332 75331 75330 75329 75328 75327 75326 75325 75324 75323 75322 75321 75320 75319 75318 75317 75316 75315 75314 75313 75312 75311 75310 75309 75308 75307 75306 75305 75304 75303 75302 75301 75300 75299 75298 75297 75296 75295 75294 75293 75292 75291 75290 75289 75288
75952 75951 75950 75949 75948 75947 75946 75945 75944 75943 75942 75941 75940 75939 75938 75937 75936 75935 75934 75933 75932 75931 75930 75929 75928 75927 75926 75925 75924 75923 75922 75921 75920 75919 75918 75917 75916 75915 75914 75913 75912 75911 75910 75909 75908 75907 75906 75905 75904 75903 75902 75901 75900 75899 75898 75897 75896 75895 75894 75893 75892 75891 75890 75889 75888 75887 75886 75885 75884 75883 75882 75881 75880 75879 75878 75877 75876 75875 75874 75873 75872 75871 75870 75869 75868 75867 75866 75865 75864 75863 75862 75861 75860 75859 75858 75857 75856 75855 75854 75853 75852 75851 75850 75849 75848 75847 75846 75845 75844 75843 75842 75841 75840 75839 75838 75837 75836 75835 75834 75833 75832 75831 75830 75829 75828 75827 75826 75825 75824 75823 75822 75821 75820 75819 75818 75817 75816 75815 75814 75813 75812 75811 75810 75809 75808 75807 75806 75805 75804 75803 75802 75801 75800 75799 75798 75797 75796 75795 75794 75793 75792 75791 75790 75789 75788 75787 75786 75785 75784 75783 75782 75781 75780 75779 75778 75777 75776 75775 75774 75773 75772 75771 75770 75769 75768 75767 75766 75765 75764 75763 75762 75761 75760 75759 75758 75757 75756 75755 75754 75753 75752 75751 75750 75749 75748 75747 75746 75745 75744 75743 75742 75741 75740 75739 75738 75737 75736 75735 75734 75733 75732 75731 75730 75729 75728 75727 75726 75725 75724 75723 75722 75721 75720 75719 75718 75717 75716 75715 75714 75713 75712 75711 75710 75709 75708 75707 75706 75705 75704 75703 75702 75701 75700 75699 75698 75697 75696 75695 75694 75693 75692
76093 76090 88546
76094 76092 79341
76130 76098 76099 76100 76101 76102 76103 76104 76105 76106 76107 76108 76109 76110 76111 76112 76113 76114 76115 76116 76117 76118 76119 76120 76121 76122 76123 76124 76125 76126 76127 76128 76129
76205 76202 88546
76206 76204 79341
76217 74169 74170 74171 74172 74173 74174 74175 74176 74177 74178 74179 74180 74181 74182 74183 74184 74185 74186 74187 74188 74189 74190 74191 74192 74193 74194 74195 74196 74197 74198 74199 74200
76218 75175 75176 75177 75178 75179 75180 75181 75182 75183 75184 75185 75186 75187 75188 75189 75190 75191 75192 75193 75194 75195 75196 75197 75198 75199 75200 75201 75202 75203 75204 75205 75206
76221 74169 74170 74171 74172 74173 74174 74175 74176 74177 74178 74179 74180 74181 74182 74183 74184 74185 74186 74187 74188 74189 74190 74191 74192 74193 74194 74195 74196 74197 74198 74199 74200
76222 1 1 1 1 1 1 1 1 1 1 1 1 1 1 1 1 1 1 1 1 1 1 1 1 1 1 1 1 1 1 1 1
77123 72931 72932 72933 72934 72935 72936 72937 72938 72939 72940 72941 72942 72943 72944 72945 72946 72947 72948 72949 72950 72951 72952 72953 72954 72955 72956 72957 72958 72959 72960 72961 72962
77124 1 1 1 1 1 1 1 1 1 1 1 1 1 1 1 1 1 1 1 1 1 1 1 1 1 1 1 1 1 1 1 1
77126 77115 77116 77117 77118 77119 77120 77121 77122
77127 1 1 1 1 1 1 1 1
77129 1 77091 77092 77093 77094 77095 77096 77097 77098
77130 1 77115 77116 77117 77118 77119 77120 77121 77122
77136 77091 77092 77093 77094 77095 77096 77097 77098
77137 1 1 1 1 1 1 1 4
77633 77632 77631 77630 77629
77785 77657 77658 77659 77660 77661 77662 77663 77664 77665 77666 77667 77668 77669 77670 77671 77672 77673 77674 77675 77676 77677 77678 77679 77680 77681 77682 77683 77684 77685 77686 77687 77688 77689 77690 77691 77692 77693 77694 77695 77696 77697 77698 77699 77700 77701 77702 77703 77704 77705 77706 77707 77708 77709 77710 77711 77712 77713 77714 77715 77716 77717 77718 77719 77720 77721 77722 77723 77724 77725 77726 77727 77728 77729 77730 77731 77732 77733 77734 77735 77736 77737 77738 77739 77740 77741 77742 77743 77744 77745 77746 77747 77748 77749 77750 77751 77752 77753 77754 77755 77756 77757 77758 77759 77760 77761 77762 77763 77764 77765 77766 77767 77768 77769 77770 77771 77772 77773 77774 77775 77776 77777 77778 77779 77780 77781 77782 77783 77784
77830 77829 77828 77827 77826 77825 77824 77823 77822 77821 77820 77819 77818 77817 77816 77815 77814 77813 77812 77811 77810 77809 77808 77807 77806 77805 77804 77803 77802 77801 77800 77799 77798
78136 78135 78134 78133 78132 78131 78130 78129 78128 78127 78126 78125 78124 78123 78122 78121 78120 78119 78118 78117 78116 78115 78114 78113 78112 78111 78110 78109 78108 78107 78106 78105 78104 78103 78102 78101 78100 78099 78098 78097 78096 78095 78094 78093 78092 78091 78090 78089 78088 78087 78086 78085 78084 78083 78082 78081 78080 78079 78078 78077 78076 78075 78074 78073 78072 78071 78070 78069 78068 78067 78066 78065 78064 78063 78062 78061 78060 78059 78058 78057 78056 78055 78054 78053 78052 78051 78050 78049 78048 78047 78046 78045 78044 78043 78042 78041 78040 78039 78038 78037 78036 78035 78034 78033 78032 78031 78030 78029 78028 78027 78026 78025 78024 78023 78022 78021 78020 78019 78018 78017 78016 78015 78014 78013 78012 78011 78010 78009 78008 78007 78006 78005 78004 78003 78002 78001 78000 77999 77998 77997 77996 77995 77994 77993 77992 77991 77990 77989 77988 77987 77986 77985 77984 77983 77982 77981 77980 77979 77978 77977 77976 77975 77974 77973 77972 77971 77970 77969 77968 77967 77966 77965 77964 77963 77962 77961 77960 77959 77958 77957 77956 77955 77954 77953 77952 77951 77950 77949 77948 77947 77946 77945 77944 77943 77942 77941 77940 77939 77938 77937 77936 77935 77934 77933 77932 77931 77930 77929 77928 77927 77926 77925 77924 77923 77922 77921 77920 77919 77918 77917 77916 77915 77914 77913 77912 77911 77910 77909 77908 77907 77906 77905 77904 77903 77902 77901 77900 77899 77898 77897 77896 77895 77894 77893 77892 77891 77890 77889 77888 77887 77886 77885 77884 77883 77882 77881 77880 77879 77878 77877 77876
78308 78276 78277 78278 78279 78280 78281 78282 78283 78284 78285 78286 78287 78288 78289 78290 78291 78292 78293 78294 78295 78296 78297 78298 78299 78300 78301 78302 78303 78304 78305 78306 78307
78675 77148 77149 77150 77151 77152 77153 77154 77155 77156 77157 77158 77159 77160 77161 77162 77163 77164 77165 77166 77167 77168 77169 77170 77171 77172 77173 77174 77175 77176 77177 77178 77179
78676 1 1 1 1 1 1 1 1 1 1 1 1 1 1 1 1 1 1 1 1 1 1 1 1 1 1 1 1 1 1 1 1
78678 78667 78668 78669 78670 78671 78672 78673 78674
78679 1 1 1 1 1 1 1 1
78681 1 78643 78644 78645 78646 78647 78648 78649 78650
78682 1 78667 78668 78669 78670 78671 78672 78673 78674
78916 78643 78644 78645 78646 78647 78648 78649 78650
78917 1 1 1 1 1 1 1 4
78935 78934 78933 78932 78931
79252 79251 79250 79249 79248 79247
79284 83043 83024 83005 82986 82967 82948 82929 82910 82891 82872 82853 82834 82815 82796 82777 82758 82739 82720 82701 82682 82663 82644 82625 82606 82587 82568 82549 82530 82511 82492 82473 82454 82435 82416 82397 82378 82359 82340 82321 82302 82283 82264 82245 82226 82207 82188 82169 82150 82131 82112 82093 82074 82055 82036 82017 81998 81979 81960 81941 81922 81903 81884 81865 81846 81827 81808 81789 81770 81751 81732 81713 81694 81675 81656 81637 81618 81599 81580 81561 81542 81523 81504 81485 81466 81447 81428 81409 81390 81371 81352 81333 81314 81295 81276 81257 81238 81219 81200 81181 81162 81143 81124 81105 81086 81067 81048 81029 81010 80991 80972 80953 80934 80915 80896 80877 80858 80839 80820 80801 80782 80763 80744 80725 80706 80687 80668 80649 80628
79346 79345 79245
79347 1 1
79351 79350 79245
79352 1 4
79356 79355 79245
79357 1 41
79361 79360 79245
79362 1 2
79366 79365 79245
79367 1 42
79371 79370 79245
79372 1 6778
79376 79375 79245
79377 1 11
79381 79380 79245
79382 1 5
79386 79385 79245
79387 1 37
79391 79390 79245
79392 1 43
79396 79395 79245
79397 1 6779
79401 79400 79245
79402 1 6780
79406 79405 79245
79407 1 6781
79411 79410 79245
79412 1 44
79416 79415 79245
79417 1 6782
79421 79420 79245
79422 1 33
79426 79425 79245
79427 4 1
79431 79430 79245
79432 4 4
79436 79435 79245
79437 4 41
79441 79440 79245
79442 4 2
79446 79445 79245
79447 4 42
79451 79450 79245
79452 4 6778
79456 79455 79245
79457 4 11
79461 79460 79245
79462 4 5
79466 79465 79245
79467 4 37
79471 79470 79245
79472 4 43
79476 79475 79245
79477 4 6779
79481 79480 79245
79482 4 6780
79486 79485 79245
79487 4 6781
79491 79490 79245
79492 4 44
79496 79495 79245
79497 4 6782
79501 79500 79245
79502 4 33
79506 79505 79245
79507 41 1
79511 79510 79245
79512 41 4
79516 79515 79245
79517 41 41
79521 79520 79245
79522 41 2
79526 79525 79245
79527 41 42
79531 79530 79245
79532 41 6778
79536 79535 79245
79537 41 11
79541 79540 79245
79542 41 5
79546 79545 79245
79547 41 37
79551 79550 79245
79552 41 43
79556 79555 79245
79557 41 6779
79561 79560 79245
79562 41 6780
79566 79565 79245
79567 41 6781
79571 79570 79245
79572 41 44
79576 79575 79245
79577 41 6782
79581 79580 79245
79582 41 33
79586 79585 79245
79587 2 1
79591 79590 79245
79592 2 4
79596 79595 79245
79597 2 41
79601 79600 79245
79602 2 2
79606 79605 79245
79607 2 42
79611 79610 79245
79612 2 6778
79616 79615 79245
79617 2 11
79621 79620 79245
79622 2 5
79626 79625 79245
79627 2 37
79631 79630 79245
79632 2 43
79636 79635 79245
79637 2 6779
79641 79640 79245
79642 2 6780
79646 79645 79245
79647 2 6781
79651 79650 79245
79652 2 44
79656 79655 79245
79657 2 6782
79661 79660 79245
79662 2 33
79666 79665 79245
79667 42 1
79671 79670 79245
79672 42 4
79676 79675 79245
79677 42 41
79681 79680 79245
79682 42 2
79686 79685 79245
79687 42 42
79691 79690 79245
79692 42 6778
79696 79695 79245
79697 42 11
79701 79700 79245
79702 42 5
79706 79705 79245
79707 42 37
79711 79710 79245
79712 42 43
79716 79715 79245
79717 42 6779
79721 79720 79245
79722 42 6780
79726 79725 79245
79727 42 6781
79731 79730 79245
79732 42 44
79736 79735 79245
79737 42 6782
79741 79740 79245
79742 42 33
79746 79745 79245
79747 6778 1
79751 79750 79245
79752 6778 4
79756 79755 79245
79757 6778 41
79761 79760 79245
79762 6778 2
79766 79765 79245
79767 6778 42
79771 79770 79245
79772 6778 6778
79776 79775 79245
79777 6778 11
79781 79780 79245
79782 6778 5
79786 79785 79245
79787 6778 37
79791 79790 79245
79792 6778 43
79796 79795 79245
79797 6778 6779
79801 79800 79245
79802 6778 6780
79806 79805 79245
79807 6778 6781
79811 79810 79245
79812 6778 44
79816 79815 79245
79817 6778 6782
79821 79820 79245
79822 6778 33
79826 79825 79245
79827 11 1
79831 79830 79245
79832 11 4
79836 79835 79245
79837 11 41
79841 79840 79245
79842 11 2
79846 79845 79245
79847 11 42
79851 79850 79245
79852 11 6778
79856 79855 79245
79857 11 11
79861 79860 79245
79862 11 5
79866 79865 79245
79867 11 37
79871 79870 79245
79872 11 43
79876 79875 79245
79877 11 6779
79881 79880 79245
79882 11 6780
79886 79885 79245
79887 11 6781
79891 79890 79245
79892 11 44
79896 79895 79245
79897 11 6782
79901 79900 79245
79902 11 33
79906 79905 79245
79907 5 1
79911 79910 79245
79912 5 4
79916 79915 79245
79917 5 41
79921 79920 79245
79922 5 2
79926 79925 79245
79927 5 42
79931 79930 79245
79932 5 6778
79936 79935 79245
79937 5 11
79941 79940 79245
79942 5 5
79946 79945 79245
79947 5 37
79951 79950 79245
79952 5 43
79956 79955 79245
79957 5 6779
79961 79960 79245
79962 5 6780
79966 79965 79245
79967 5 6781
79971 79970 79245
79972 5 44
79976 79975 79245
79977 5 6782
79981 79980 79245
79982 5 33
79988 79987 79985
79989 1 1
79993 79992 79985
79994 1 4
79998 79997 79985
79999 1 41
80003 80002 79985
80004 1 2
80008 80007 79985
80009 1 42
80013 80012 79985
80014 1 6778
80018 80017 79985
80019 1 11
80023 80022 79985
80024 1 5
80028 80027 79985
80029 1 37
80033 80032 79985
80034 1 43
80038 80037 79985
80039 1 6779
80043 80042 79985
80044 1 6780
80048 80047 79985
80049 1 6781
80053 80052 79985
80054 1 44
80058 80057 79985
80059 1 6782
80063 80062 79985
80064 1 33
80068 80067 79985
80069 4 1
80073 80072 79985
80074 4 4
80078 80077 79985
80079 4 41
80083 80082 79985
80084 4 2
80088 80087 79985
80089 4 42
80093 80092 79985
80094 4 6778
80098 80097 79985
80099 4 11
80103 80102 79985
80104 4 5
80108 80107 79985
80109 4 37
80113 80112 79985
80114 4 43
80118 80117 79985
80119 4 6779
80123 80122 79985
80124 4 6780
80128 80127 79985
80129 4 6781
80133 80132 79985
80134 4 44
80138 80137 79985
80139 4 6782
80143 80142 79985
80144 4 33
80148 80147 79985
80149 41 1
80153 80152 79985
80154 41 4
80158 80157 79985
80159 41 41
80163 80162 79985
80164 41 2
80168 80167 79985
80169 41 42
80173 80172 79985
80174 41 6778
80178 80177 79985
80179 41 11
80183 80182 79985
80184 41 5
80188 80187 79985
80189 41 37
80193 80192 79985
80194 41 43
80198 80197 79985
80199 41 6779
80203 80202 79985
80204 41 6780
80208 80207 79985
80209 41 6781
80213 80212 79985
80214 41 44
80218 80217 79985
80219 41 6782
80223 80222 79985
80224 41 33
80228 80227 79985
80229 2 1
80233 80232 79985
80234 2 4
80238 80237 79985
80239 2 41
80243 80242 79985
80244 2 2
80248 80247 79985
80249 2 42
80253 80252 79985
80254 2 6778
80258 80257 79985
80259 2 11
80263 80262 79985
80264 2 5
80268 80267 79985
80269 2 37
80273 80272 79985
80274 2 43
80278 80277 79985
80279 2 6779
80283 80282 79985
80284 2 6780
80288 80287 79985
80289 2 6781
80293 80292 79985
80294 2 44
80298 80297 79985
80299 2 6782
80303 80302 79985
80304 2 33
80308 80307 79985
80309 42 1
80313 80312 79985
80314 42 4
80318 80317 79985
80319 42 41
80323 80322 79985
80324 42 2
80328 80327 79985
80329 42 42
80333 80332 79985
80334 42 6778
80338 80337 79985
80339 42 11
80343 80342 79985
80344 42 5
80348 80347 79985
80349 42 37
80353 80352 79985
80354 42 43
80358 80357 79985
80359 42 6779
80363 80362 79985
80364 42 6780
80368 80367 79985
80369 42 6781
80373 80372 79985
80374 42 44
80378 80377 79985
80379 42 6782
80383 80382 79985
80384 42 33
80388 80387 79985
80389 6778 1
80393 80392 79985
80394 6778 4
80398 80397 79985
80399 6778 41
80403 80402 79985
80404 6778 2
80408 80407 79985
80409 6778 42
80413 80412 79985
80414 6778 6778
80418 80417 79985
80419 6778 11
80423 80422 79985
80424 6778 5
80428 80427 79985
80429 6778 37
80433 80432 79985
80434 6778 43
80438 80437 79985
80439 6778 6779
80443 80442 79985
80444 6778 6780
80448 80447 79985
80449 6778 6781
80453 80452 79985
80454 6778 44
80458 80457 79985
80459 6778 6782
80463 80462 79985
80464 6778 33
80468 80467 79985
80469 11 1
80473 80472 79985
80474 11 4
80478 80477 79985
80479 11 41
80483 80482 79985
80484 11 2
80488 80487 79985
80489 11 42
80493 80492 79985
80494 11 6778
80498 80497 79985
80499 11 11
80503 80502 79985
80504 11 5
80508 80507 79985
80509 11 37
80513 80512 79985
80514 11 43
80518 80517 79985
80519 11 6779
80523 80522 79985
80524 11 6780
80528 80527 79985
80529 11 6781
80533 80532 79985
80534 11 44
80538 80537 79985
80539 11 6782
80543 80542 79985
80544 11 33
80548 80547 79985
80549 5 1
80553 80552 79985
80554 5 4
80558 80557 79985
80559 5 41
80563 80562 79985
80564 5 2
80568 80567 79985
80569 5 42
80573 80572 79985
80574 5 6778
80578 80577 79985
80579 5 11
80583 80582 79985
80584 5 5
80588 80587 79985
80589 5 37
80593 80592 79985
80594 5 43
80598 80597 79985
80599 5 6779
80603 80602 79985
80604 5 6780
80608 80607 79985
80609 5 6781
80613 80612 79985
80614 5 44
80618 80617 79985
80619 5 6782
80623 80622 79985
80624 5 33
83591 83590 5967
83592 4 2
83596 83595 5967
83597 4 42
83604 83603 83602 83601 83600
83615 83614 83612
83616 1 1
83727 5927 5928
83728 33 33
83791 5927 5928
83792 83677 83671
83835 83833 83834
83836 1 1
83896 83895 88019
83897 4 2
83901 83900 88019
83902 4 42
83979 83978 1
83980 1 1
84017 84016 84014
84018 4 2
84025 84024 84022
84026 4 42
84033 84032 84031 84030 84029
84045 84044 84042
84046 1 1
84182 84181 84180 84179 84178
84245 84242 5967
84246 84244 84209
84251 5954 5955 5956 5957 5958 5959 5960 5961
84252 84212 84213 84214 84215 84216 84217 84218 84219
84277 84276 84275 84274 84273
84328 84325 88019
84329 84327 84304
84384 88608 88606 88603 88600 88597 88594 88591 1
84385 84363 84364 84365 84366 84367 84368 84369 84370
84406 84405 84404 84403 84402
84473 84470 84468
84474 84472 84434
84479 315298 315297 315296 315295 315294 315293 315292 315291
84480 84437 84438 84439 84440 84441 84442 84443 84444
84648 84647 84646 84645 84644
84670 84669 84668 84667 84666
84714 84693 84694 84695 84696 84697 84698 84699 84700 84701 84702 84703 84704 84705 84706 84707 84708 84709 84710 84711 84712 84713
84748 84727 84728 84729 84730 84731 84732 84733 84734 84735 84736 84737 84738 84739 84740 84741 84742 84743 84744 84745 84746 84747
84766 84765 84764 84763 84762 84761 84760 84759 84758
84788 84787 84786 84785 84784 84783 84782 84781 84780
84879 84878 84877 84876 84875 84874 84873 84872 84871 84870 84869 84868 84867 84866 84865 84864 84863 84862 84861 84860 84859 84858 84857 84856 84855 84854 84853 84852 84851 84850 84849 84848 84847 84846 84845 84844 84843 84842 84841 84840 84839 84838 84837 84836 84835 84834 84833 84832 84831 84830 84829 84828 84827 84826 84825 84824 84823 84822 84821 84820 84819 84818 84817 84816 84815 84814
84980 84979 84978 84977 84976 84975 84974 84973 84972 84971 84970 84969 84968 84967 84966 84965 84964 84963 84962 84961 84960 84959 84958 84957 84956 84955 84954 84953 84952 84951 84950 84949 84948 84947 84946 84945 84944 84943 84942 84941 84940 84939 84938 84937 84936 84935 84934 84933 84932 84931 84930 84929 84928 84927 84926 84925 84924 84923 84922 84921 84920 84919 84918 84917 84916 84915
85017 85011 85012 85013 85014 85015 85016
85040 85039 85038 85037 85036 85035 85034 85033 85032
85063 85062 85061 85060 85059 85058 85057 85056 85055
85149 85148 85147 85146 85145 85144 85143 85142 85141 85140 85139 85138 85137 85136 85135 85134 85133 85132 85131 85130 85129 85128 85127 85126 85125 85124 85123 85122 85121 85120 85119 85118 85117 85116 85115 85114 85113 85112 85111 85110 85109 85108 85107 85106 85105 85104 85103 85102 85101 85100 85099 85098 85097 85096 85095 85094 85093 85092 85091 85090 85089 85088 85087 85086 85085 85084 85083 85082 85081
85251 85250 85249 85248 85247 85246 85245 85244 85243 85242 85241 85240 85239 85238 85237 85236 85235 85234 85233 85232 85231 85230 85229 85228 85227 85226 85225 85224 85223 85222 85221 85220 85219 85218 85217 85216 85215 85214 85213 85212 85211 85210 85209 85208 85207 85206 85205 85204 85203 85202 85201 85200 85199 85198 85197 85196 85195 85194 85193 85192 85191 85190 85189 85188 85187 85186 85185 85184 85183
85283 85280 5967
85284 85282 88019
85296 85290 85291 85292 85293 85294 85295
85369 85366 5967
85370 85368 88019
85385 85382 84773 84774 84775 84776 84777
85386 85384 85047 85048 85049 85050 85051
85391 85390 84773 84774 84775 84776 84777
85392 1 1 1 1 1 1
85575 85574 84500 84501 84502 84503 84504
85576 1 1 1 1 1 1
85578 85565 85566 85567 85568 85569 85570 85571 85572
85579 1 1 1 1 1 1 1 1
85581 1 85541 85542 85543 85544 85545 85546 85547 85548
85582 1 85565 85566 85567 85568 85569 85570 85571 85572
85588 85541 85542 85543 85544 85545 85546 85547 85548
85589 1 1 1 1 1 1 1 4
85686 85685 85684 85683 85682
85709 85708 85707 85706 85705
85753 85732 85733 85734 85735 85736 85737 85738 85739 85740 85741 85742 85743 85744 85745 85746 85747 85748 85749 85750 85751 85752
85776 85775 85774 85773 85772 85771 85770 85769 85768
85799 85798 85797 85796 85795 85794 85793 85792 85791
85887 85886 85885 85884 85883 85882 85881 85880 85879 85878 85877 85876 85875 85874 85873 85872 85871 85870 85869 85868 85867 85866 85865 85864 85863 85862 85861 85860 85859 85858 85857 85856 85855 85854 85853 85852 85851 85850 85849 85848 85847 85846 85845 85844 85843 85842 85841 85840 85839 85838 85837 85836 85835 85834 85833 85832 85831 85830 85829 85828 85827 85826 85825 85824 85823 85822
85924 85918 85919 85920 85921 85922 85923
85945 85944 85943 85942 85941 85940 85939 85938 85937
85968 85967 85966 85965 85964 85963 85962 85961 85960
86054 86053 86052 86051 86050 86049 86048 86047 86046 86045 86044 86043 86042 86041 86040 86039 86038 86037 86036 86035 86034 86033 86032 86031 86030 86029 86028 86027 86026 86025 86024 86023 86022 86021 86020 86019 86018 86017 86016 86015 86014 86013 86012 86011 86010 86009 86008 86007 86006 86005 86004 86003 86002 86001 86000 85999 85998 85997 85996 85995 85994 85993 85992 85991 85990 85989 85988 85987 85986
86089 86086 86084
86090 86088 88019
86104 86098 86099 86100 86101 86102 86103
86132 86129 86127
86133 86131 88019
86145 86144 85783 85784 85785 85786 85787
86146 1 1 1 1 1 1
86153 86150 85783 85784 85785 85786 85787
86154 86152 85952 85953 85954 85955 85956
86275 86274 85601 85602 85603 85604 85605
86276 1 1 1 1 1 1
86278 86265 86266 86267 86268 86269 86270 86271 86272
86279 1 1 1 1 1 1 1 1
86281 1 86241 86242 86243 86244 86245 86246 86247 86248
86282 1 86265 86266 86267 86268 86269 86270 86271 86272
86288 86241 86242 86243 86244 86245 86246 86247 86248
86289 1 1 1 1 1 1 1 4
86308 86307 86306 86305 86304
86906 1 1 1 1 1 1 1 86905
86927 1 1 1 1 1 1 1 86926
87125 1 1 1 1 1 1 1 87124
87146 1 1 1 1 1 1 1 87145
87344 1 1 1 1 1 1 1 87343
87365 1 1 1 1 1 1 1 87364
87563 1 1 1 1 1 1 1 87562
87584 1 1 1 1 1 1 1 87583
87664 87663 87662 87661 87660
87689 87686 86787
87690 87688 79341
87697 87694 87006
87698 87696 79341
87705 87702 87225
87706 87704 79341
87713 87710 87444
87714 87712 79341
87806 87803 86901 86900 86899 86898 86897 86896
87807 87805 87799 87798 87797 87796 87795 87794
87813 87810 87120 87119 87118 87117 87116 87115
87814 87812 87799 87798 87797 87796 87795 87794
87820 87817 87339 87338 87337 87336 87335 87334
87821 87819 87799 87798 87797 87796 87795 87794
87827 87824 87558 87557 87556 87555 87554 87553
87828 87826 87799 87798 87797 87796 87795 87794
87941 87940 87939 87938 87937
88034 88033 88032 88031 88030
88048 88047 88046 88045 88044
88063 88062 88061 88060 88059
88078 88077 88076 88075 88074
88093 88092 88091 88090 88089
88626 88625 88624 88623 88622
88664 88661 86901 86900 86899 86898 86897 86896
88665 88663 88657 88656 88655 88654 88653 88652
88671 88668 87120 87119 87118 87117 87116 87115
88672 88670 88657 88656 88655 88654 88653 88652
88678 88675 87339 87338 87337 87336 87335 87334
88679 88677 88657 88656 88655 88654 88653 88652
88685 88682 87558 87557 87556 87555 87554 87553
88686 88684 88657 88656 88655 88654 88653 88652
88816 88815 88814 88813 88812
88827 88826 88824
88828 1 1
88905 88400 88401
88906 33 33
88937 88400 88401
88938 88889 88883
88958 88956 88957
88959 1 1
89045 89044 89043 89042 89041
89108 89105 88546
89109 89107 89072
89114 88521 88522 88523 88524 88525 88526 88527 88528
89115 89075 89076 89077 89078 89079 89080 89081 89082
89140 89139 89138 89137 89136
89183 89180 79341
89184 89182 89165
90068 90067 90066 90065 90064
90090 90089 90088 90087 90086
90242 90114 90115 90116 90117 90118 90119 90120 90121 90122 90123 90124 90125 90126 90127 90128 90129 90130 90131 90132 90133 90134 90135 90136 90137 90138 90139 90140 90141 90142 90143 90144 90145 90146 90147 90148 90149 90150 90151 90152 90153 90154 90155 90156 90157 90158 90159 90160 90161 90162 90163 90164 90165 90166 90167 90168 90169 90170 90171 90172 90173 90174 90175 90176 90177 90178 90179 90180 90181 90182 90183 90184 90185 90186 90187 90188 90189 90190 90191 90192 90193 90194 90195 90196 90197 90198 90199 90200 90201 90202 90203 90204 90205 90206 90207 90208 90209 90210 90211 90212 90213 90214 90215 90216 90217 90218 90219 90220 90221 90222 90223 90224 90225 90226 90227 90228 90229 90230 90231 90232 90233 90234 90235 90236 90237 90238 90239 90240 90241
90386 90258 90259 90260 90261 90262 90263 90264 90265 90266 90267 90268 90269 90270 90271 90272 90273 90274 90275 90276 90277 90278 90279 90280 90281 90282 90283 90284 90285 90286 90287 90288 90289 90290 90291 90292 90293 90294 90295 90296 90297 90298 90299 90300 90301 90302 90303 90304 90305 90306 90307 90308 90309 90310 90311 90312 90313 90314 90315 90316 90317 90318 90319 90320 90321 90322 90323 90324 90325 90326 90327 90328 90329 90330 90331 90332 90333 90334 90335 90336 90337 90338 90339 90340 90341 90342 90343 90344 90345 90346 90347 90348 90349 90350 90351 90352 90353 90354 90355 90356 90357 90358 90359 90360 90361 90362 90363 90364 90365 90366 90367 90368 90369 90370 90371 90372 90373 90374 90375 90376 90377 90378 90379 90380 90381 90382 90383 90384 90385
90430 90429 90428 90427 90426 90425 90424 90423 90422 90421 90420 90419 90418 90417 90416 90415 90414 90413 90412 90411 90410 90409 90408 90407 90406 90405 90404 90403 90402 90401 90400 90399 90398
90503 90502 90501 90500 90499 90498 90497 90496 90495 90494 90493 90492 90491 90490 90489 90488 90487 90486 90485 90484 90483 90482 90481 90480 90479 90478 90477 90476 90475 90474 90473 90472 90471
90814 90813 90812 90811 90810 90809 90808 90807 90806 90805 90804 90803 90802 90801 90800 90799 90798 90797 90796 90795 90794 90793 90792 90791 90790 90789 90788 90787 90786 90785 90784 90783 90782 90781 90780 90779 90778 90777 90776 90775 90774 90773 90772 90771 90770 90769 90768 90767 90766 90765 90764 90763 90762 90761 90760 90759 90758 90757 90756 90755 90754 90753 90752 90751 90750 90749 90748 90747 90746 90745 90744 90743 90742 90741 90740 90739 90738 90737 90736 90735 90734 90733 90732 90731 90730 90729 90728 90727 90726 90725 90724 90723 90722 90721 90720 90719 90718 90717 90716 90715 90714 90713 90712 90711 90710 90709 90708 90707 90706 90705 90704 90703 90702 90701 90700 90699 90698 90697 90696 90695 90694 90693 90692 90691 90690 90689 90688 90687 90686 90685 90684 90683 90682 90681 90680 90679 90678 90677 90676 90675 90674 90673 90672 90671 90670 90669 90668 90667 90666 90665 90664 90663 90662 90661 90660 90659 90658 90657 90656 90655 90654 90653 90652 90651 90650 90649 90648 90647 90646 90645 90644 90643 90642 90641 90640 90639 90638 90637 90636 90635 90634 90633 90632 90631 90630 90629 90628 90627 90626 90625 90624 90623 90622 90621 90620 90619 90618 90617 90616 90615 90614 90613 90612 90611 90610 90609 90608 90607 90606 90605 90604 90603 90602 90601 90600 90599 90598 90597 90596 90595 90594 90593 90592 90591 90590 90589 90588 90587 90586 90585 90584 90583 90582 90581 90580 90579 90578 90577 90576 90575 90574 90573 90572 90571 90570 90569 90568 90567 90566 90565 90564 90563 90562 90561 90560 90559 90558 90557
91217 91216 91215 91214 91213 91212 91211 91210 91209 91208 91207 91206 91205 91204 91203 91202 91201 91200 91199 91198 91197 91196 91195 91194 91193 91192 91191 91190 91189 91188 91187 91186 91185 91184 91183 91182 91181 91180 91179 91178 91177 91176 91175 91174 91173 91172 91171 91170 91169 91168 91167 91166 91165 91164 91163 91162 91161 91160 91159 91158 91157 91156 91155 91154 91153 91152 91151 91150 91149 91148 91147 91146 91145 91144 91143 91142 91141 91140 91139 91138 91137 91136 91135 91134 91133 91132 91131 91130 91129 91128 91127 91126 91125 91124 91123 91122 91121 91120 91119 91118 91117 91116 91115 91114 91113 91112 91111 91110 91109 91108 91107 91106 91105 91104 91103 91102 91101 91100 91099 91098 91097 91096 91095 91094 91093 91092 91091 91090 91089 91088 91087 91086 91085 91084 91083 91082 91081 91080 91079 91078 91077 91076 91075 91074 91073 91072 91071 91070 91069 91068 91067 91066 91065 91064 91063 91062 91061 91060 91059 91058 91057 91056 91055 91054 91053 91052 91051 91050 91049 91048 91047 91046 91045 91044 91043 91042 91041 91040 91039 91038 91037 91036 91035 91034 91033 91032 91031 91030 91029 91028 91027 91026 91025 91024 91023 91022 91021 91020 91019 91018 91017 91016 91015 91014 91013 91012 91011 91010 91009 91008 91007 91006 91005 91004 91003 91002 91001 91000 90999 90998 90997 90996 90995 90994 90993 90992 90991 90990 90989 90988 90987 90986 90985 90984 90983 90982 90981 90980 90979 90978 90977 90976 90975 90974 90973 90972 90971 90970 90969 90968 90967 90966 90965 90964 90963 90962 90961 90960
91387 91355 91356 91357 91358 91359 91360 91361 91362 91363 91364 91365 91366 91367 91368 91369 91370 91371 91372 91373 91374 91375 91376 91377 91378 91379 91380 91381 91382 91383 91384 91385 91386
91436 91435 91434 91433 91432 91431 91430 91429 91428 91427 91426 91425 91424 91423 91422 91421 91420 91419 91418 91417 91416 91415 91414 91413 91412 91411 91410 91409 91408 91407 91406 91405 91404
91510 91509 91508 91507 91506 91505 91504 91503 91502 91501 91500 91499 91498 91497 91496 91495 91494 91493 91492 91491 91490 91489 91488 91487 91486 91485 91484 91483 91482 91481 91480 91479 91478
91816 91815 91814 91813 91812 91811 91810 91809 91808 91807 91806 91805 91804 91803 91802 91801 91800 91799 91798 91797 91796 91795 91794 91793 91792 91791 91790 91789 91788 91787 91786 91785 91784 91783 91782 91781 91780 91779 91778 91777 91776 91775 91774 91773 91772 91771 91770 91769 91768 91767 91766 91765 91764 91763 91762 91761 91760 91759 91758 91757 91756 91755 91754 91753 91752 91751 91750 91749 91748 91747 91746 91745 91744 91743 91742 91741 91740 91739 91738 91737 91736 91735 91734 91733 91732 91731 91730 91729 91728 91727 91726 91725 91724 91723 91722 91721 91720 91719 91718 91717 91716 91715 91714 91713 91712 91711 91710 91709 91708 91707 91706 91705 91704 91703 91702 91701 91700 91699 91698 91697 91696 91695 91694 91693 91692 91691 91690 91689 91688 91687 91686 91685 91684 91683 91682 91681 91680 91679 91678 91677 91676 91675 91674 91673 91672 91671 91670 91669 91668 91667 91666 91665 91664 91663 91662 91661 91660 91659 91658 91657 91656 91655 91654 91653 91652 91651 91650 91649 91648 91647 91646 91645 91644 91643 91642 91641 91640 91639 91638 91637 91636 91635 91634 91633 91632 91631 91630 91629 91628 91627 91626 91625 91624 91623 91622 91621 91620 91619 91618 91617 91616 91615 91614 91613 91612 91611 91610 91609 91608 91607 91606 91605 91604 91603 91602 91601 91600 91599 91598 91597 91596 91595 91594 91593 91592 91591 91590 91589 91588 91587 91586 91585 91584 91583 91582 91581 91580 91579 91578 91577 91576 91575 91574 91573 91572 91571 91570 91569 91568 91567 91566 91565 91564 91563 91562 91561 91560 91559 91558 91557 91556
92220 92219 92218 92217 92216 92215 92214 92213 92212 92211 92210 92209 92208 92207 92206 92205 92204 92203 92202 92201 92200 92199 92198 92197 92196 92195 92194 92193 92192 92191 92190 92189 92188 92187 92186 92185 92184 92183 92182 92181 92180 92179 92178 92177 92176 92175 92174 92173 92172 92171 92170 92169 92168 92167 92166 92165 92164 92163 92162 92161 92160 92159 92158 92157 92156 92155 92154 92153 92152 92151 92150 92149 92148 92147 92146 92145 92144 92143 92142 92141 92140 92139 92138 92137 92136 92135 92134 92133 92132 92131 92130 92129 92128 92127 92126 92125 92124 92123 92122 92121 92120 92119 92118 92117 92116 92115 92114 92113 92112 92111 92110 92109 92108 92107 92106 92105 92104 92103 92102 92101 92100 92099 92098 92097 92096 92095 92094 92093 92092 92091 92090 92089 92088 92087 92086 92085 92084 92083 92082 92081 92080 92079 92078 92077 92076 92075 92074 92073 92072 92071 92070 92069 92068 92067 92066 92065 92064 92063 92062 92061 92060 92059 92058 92057 92056 92055 92054 92053 92052 92051 92050 92049 92048 92047 92046 92045 92044 92043 92042 92041 92040 92039 92038 92037 92036 92035 92034 92033 92032 92031 92030 92029 92028 92027 92026 92025 92024 92023 92022 92021 92020 92019 92018 92017 92016 92015 92014 92013 92012 92011 92010 92009 92008 92007 92006 92005 92004 92003 92002 92001 92000 91999 91998 91997 91996 91995 91994 91993 91992 91991 91990 91989 91988 91987 91986 91985 91984 91983 91982 91981 91980 91979 91978 91977 91976 91975 91974 91973 91972 91971 91970 91969 91968 91967 91966 91965 91964 91963 91962 91961 91960
92361 92358 88546
92362 92360 79341
92398 92366 92367 92368 92369 92370 92371 92372 92373 92374 92375 92376 92377 92378 92379 92380 92381 92382 92383 92384 92385 92386 92387 92388 92389 92390 92391 92392 92393 92394 92395 92396 92397
92473 92470 88546
92474 92472 79341
92485 90437 90438 90439 90440 90441 90442 90443 90444 90445 90446 90447 90448 90449 90450 90451 90452 90453 90454 90455 90456 90457 90458 90459 90460 90461 90462 90463 90464 90465 90466 90467 90468
92486 91443 91444 91445 91446 91447 91448 91449 91450 91451 91452 91453 91454 91455 91456 91457 91458 91459 91460 91461 91462 91463 91464 91465 91466 91467 91468 91469 91470 91471 91472 91473 91474
92489 90437 90438 90439 90440 90441 90442 90443 90444 90445 90446 90447 90448 90449 90450 90451 90452 90453 90454 90455 90456 90457 90458 90459 90460 90461 90462 90463 90464 90465 90466 90467 90468
92490 1 1 1 1 1 1 1 1 1 1 1 1 1 1 1 1 1 1 1 1 1 1 1 1 1 1 1 1 1 1 1 1
93391 89199 89200 89201 89202 89203 89204 89205 89206 89207 89208 89209 89210 89211 89212 89213 89214 89215 89216 89217 89218 89219 89220 89221 89222 89223 89224 89225 89226 89227 89228 89229 89230
93392 1 1 1 1 1 1 1 1 1 1 1 1 1 1 1 1 1 1 1 1 1 1 1 1 1 1 1 1 1 1 1 1
93394 93383 93384 93385 93386 93387 93388 93389 93390
93395 1 1 1 1 1 1 1 1
93397 1 93359 93360 93361 93362 93363 93364 93365 93366
93398 1 93383 93384 93385 93386 93387 93388 93389 93390
93404 93359 93360 93361 93362 93363 93364 93365 93366
93405 1 1 1 1 1 1 1 4
93901 93900 93899 93898 93897
94053 93925 93926 93927 93928 93929 93930 93931 93932 93933 93934 93935 93936 93937 93938 93939 93940 93941 93942 93943 93944 93945 93946 93947 93948 93949 93950 93951 93952 93953 93954 93955 93956 93957 93958 93959 93960 93961 93962 93963 93964 93965 93966 93967 93968 93969 93970 93971 93972 93973 93974 93975 93976 93977 93978 93979 93980 93981 93982 93983 93984 93985 93986 93987 93988 93989 93990 93991 93992 93993 93994 93995 93996 93997 93998 93999 94000 94001 94002 94003 94004 94005 94006 94007 94008 94009 94010 94011 94012 94013 94014 94015 94016 94017 94018 94019 94020 94021 94022 94023 94024 94025 94026 94027 94028 94029 94030 94031 94032 94033 94034 94035 94036 94037 94038 94039 94040 94041 94042 94043 94044 94045 94046 94047 94048 94049 94050 94051 94052
94098 94097 94096 94095 94094 94093 94092 94091 94090 94089 94088 94087 94086 94085 94084 94083 94082 94081 94080 94079 94078 94077 94076 94075 94074 94073 94072 94071 94070 94069 94068 94067 94066
94404 94403 94402 94401 94400 94399 94398 94397 94396 94395 94394 94393 94392 94391 94390 94389 94388 94387 94386 94385 94384 94383 94382 94381 94380 94379 94378 94377 94376 94375 94374 94373 94372 94371 94370 94369 94368 94367 94366 94365 94364 94363 94362 94361 94360 94359 94358 94357 94356 94355 94354 94353 94352 94351 94350 94349 94348 94347 94346 94345 94344 94343 94342 94341 94340 94339 94338 94337 94336 94335 94334 94333 94332 94331 94330 94329 94328 94327 94326 94325 94324 94323 94322 94321 94320 94319 94318 94317 94316 94315 94314 94313 94312 94311 94310 94309 94308 94307 94306 94305 94304 94303 94302 94301 94300 94299 94298 94297 94296 94295 94294 94293 94292 94291 94290 94289 94288 94287 94286 94285 94284 94283 94282 94281 94280 94279 94278 94277 94276 94275 94274 94273 94272 94271 94270 94269 94268 94267 94266 94265 94264 94263 94262 94261 94260 94259 94258 94257 94256 94255 94254 94253 94252 94251 94250 94249 94248 94247 94246 94245 94244 94243 94242 94241 94240 94239 94238 94237 94236 94235 94234 94233 94232 94231 94230 94229 94228 94227 94226 94225 94224 94223 94222 94221 94220 94219 94218 94217 94216 94215 94214 94213 94212 94211 94210 94209 94208 94207 94206 94205 94204 94203 94202 94201 94200 94199 94198 94197 94196 94195 94194 94193 94192 94191 94190 94189 94188 94187 94186 94185 94184 94183 94182 94181 94180 94179 94178 94177 94176 94175 94174 94173 94172 94171 94170 94169 94168 94167 94166 94165 94164 94163 94162 94161 94160 94159 94158 94157 94156 94155 94154 94153 94152 94151 94150 94149 94148 94147 94146 94145 94144
94576 94544 94545 94546 94547 94548 94549 94550 94551 94552 94553 94554 94555 94556 94557 94558 94559 94560 94561 94562 94563 94564 94565 94566 94567 94568 94569 94570 94571 94572 94573 94574 94575
94943 93416 93417 93418 93419 93420 93421 93422 93423 93424 93425 93426 93427 93428 93429 93430 93431 93432 93433 93434 93435 93436 93437 93438 93439 93440 93441 93442 93443 93444 93445 93446 93447
94944 1 1 1 1 1 1 1 1 1 1 1 1 1 1 1 1 1 1 1 1 1 1 1 1 1 1 1 1 1 1 1 1
94946 94935 94936 94937 94938 94939 94940 94941 94942
94947 1 1 1 1 1 1 1 1
94949 1 94911 94912 94913 94914 94915 94916 94917 94918
94950 1 94935 94936 94937 94938 94939 94940 94941 94942
95184 94911 94912 94913 94914 94915 94916 94917 94918
95185 1 1 1 1 1 1 1 4
95203 95202 95201 95200 95199 95198 95197 95196
95212 95209 95210 95211
95213 1 1 1
95318 120343 120344 120345 120346 120347
95319 1 1 1 1 1
95335 95334 95332 95329 95326 95323
95336 1 1 1 1 1
95349 95348 95346 95343 95340
95350 1 1 1 1
95357 95356 95354 95301 95302
95358 1 1 1 1
95365 95364 95362
95366 1 1
95394 120309 120310
95395 33 33
95438 120309 120310
95439 95274 95268
95471 95469 95470
95472 1 1
95608 95607 95605 95602 95599 95596
95609 1 1 1 1 1
95620 95619 95617
95621 1 1
95637 95636 95634 95630 95631
95638 1 1 1 1
95642 315060 315061 315062 315063 315064
95643 1 1 1 1 1
95665 95664 95662 95659 95656
95666 1 1 1 1
95690 95689 95688 95687 95686 95685 95684 95683
95699 95696 95697 95698
95700 1 1 1
95811 315058 315059
95812 95761 95755
95853 95851 95852
95854 1 1
95889 95888 95887 95886 95885 95884 95883 95882
95898 95895 95896 95897
95899 1 1 1
95923 95922 95920 95917 95914 95911
95924 1 1 1 1 1
95935 95934 95932
95936 1 1
95952 95951 95949 95945 95946
95953 1 1 1 1
95957 123994 123995 123996 123997 123998
95958 1 1 1 1 1
95980 95979 95977 95974 95971
95981 1 1 1 1
96105 96104 96103 96102 96101 96100 96099 96098
96135 96134 96125 96126
96136 4 33 33
96140 96139 96125 96126
96141 1 1 1
96193 120343 120344 120345 120346 120347 120348 120349 120350
96194 96160 96161 96162 96163 96164 96165 96166 96167
96221 96220 96219 96218 96217 96216 96215 96214
96251 96250 96241 96242
96252 4 33 33
96256 96255 96241 96242
96257 1 1 1
96324 96323 96314 96315
96325 4 33 33
96329 96328 96314 96315
96330 1 1 1
96382 315060 315061 315062 315063 315064 315065 315066 315067
96383 96349 96350 96351 96352 96353 96354 96355 96356
96410 96409 96408 96407 96406 96405 96404 96403
96440 96439 96430 96431
96441 4 33 33
96445 96444 96430 96431
96446 1 1 1
96498 123994 123995 123996 123997 123998 123999 124000 124001
96499 96465 96466 96467 96468 96469 96470 96471 96472
96564 96563 96562 96561 96560 96559 96558 96557
96593 96592 96583 96584
96594 4 33 33
96598 96597 96583 96584
96599 1 1 1
96616 96615 96614 96613 96612 96611 96610 96609
96645 96644 96635 96636
96646 4 33 33
96650 96649 96635 96636
96651 1 1 1
96667 96663 96664 96665 96666
96682 96674 96675 96676 96677 96678 96679 96680 96681
96720 96719 96718 96717 96716 96715 96714 96713 96712 96711
96763 96762 96761 96760 96759 96758 96757 96756 96755 96754
96807 96806 96805 96804 96803 96802 96801 96800 96799 96798 96797 96796 96795
96830 96829 96828 96827 96826 96825 96824 96823 96822 96821 96820 96819 96818
96906 1 314990
96907 96691 96687
97000 96991 96992 96993 96994 96995 96996 96997 96998
97001 1 1 1 1 1 1 1 1
97003 1 96967 96968 96969 96970 96971 96972 96973 96974
97004 1 96991 96992 96993 96994 96995 96996 96997 96998
97010 96967 96968 96969 96970 96971 96972 96973 96974
97011 1 1 1 1 1 1 1 4
97057 97056 97055 97054 97053 97052 97051 97050
97086 97085 97076 97077
97087 4 33 33
97091 97090 97076 97077
97092 1 1 1
97109 97108 97107 97106 97105 97104 97103 97102
97138 97137 97128 97129
97139 4 33 33
97143 97142 97128 97129
97144 1 1 1
97165 97157 97158 97159 97160 97161 97162 97163 97164
97228 97227 97226 97225 97224 97223 97222 97221 97220 97219
97271 97270 97269 97268 97267 97266 97265 97264 97263 97262 97261 97260 97259
97300 1 314990
97301 97174 97170
97383 97374 97375 97376 97377 97378 97379 97380 97381
97384 1 1 1 1 1 1 1 1
97386 1 97350 97351 97352 97353 97354 97355 97356 97357
97387 1 97374 97375 97376 97377 97378 97379 97380 97381
97393 97350 97351 97352 97353 97354 97355 97356 97357
97394 1 1 1 1 1 1 1 4
97416 97415 97414 97413 97412 97411 97410 97409
97445 97444 97435 97436
97446 4 33 33
97450 97449 97435 97436
97451 1 1 1
97910 97909 1
97911 1 1
97935 97934 97932 97929 97926 97923
97936 1 1 1 1 1
97938 126988 126986 126983 126980 126977
97939 1 1 1 1 1
97959 97958 97956 97953 97950
97960 1 1 1 1
97974 97973 97971 97967 97968
97975 1 1 1 1
97984 97983 97981
97985 1 1
98081 98080 98071 98072
98082 4 33 33
98086 98085 98071 98072
98087 1 1 1
98114 126988 126986 126983 126980 126977 126974 126971 1
98115 98098 98099 98100 98101 98102 98103 98104 98105
98138 98137 98136 98135 98134 98133 98132 98131
98168 98167 98158 98159
98169 4 33 33
98173 98172 98158 98159
98174 1 1 1
98245 98244 98235 98236
98246 4 33 33
98250 98249 98235 98236
98251 1 1 1
98268 98267 98266 98265 98264 98263 98262 98261
98297 98296 98287 98288
98298 4 33 33
98302 98301 98287 98288
98303 1 1 1
98376 1 314990
98377 98316 98312
98438 98430 98431 98432 98433 98434 98435 98436 98437
98439 1 1 1 1 1 1 1 1
98441 1 98406 98407 98408 98409 98410 98411 98412 98413
98442 1 98430 98431 98432 98433 98434 98435 98436 98437
98448 98406 98407 98408 98409 98410 98411 98412 98413
98449 1 1 1 1 1 1 1 4
98477 98476 98475 98474 98473 98472 98471 98470
98506 98505 98496 98497
98507 4 33 33
98511 98510 98496 98497
98512 1 1 1
98533 1 314990
98534 98525 98521
98578 98569 98570 98571 98572 98573 98574 98575 98576
98579 1 1 1 1 1 1 1 1
98581 1 98545 98546 98547 98548 98549 98550 98551 98552
98582 1 98569 98570 98571 98572 98573 98574 98575 98576
98816 98545 98546 98547 98548 98549 98550 98551 98552
98817 1 1 1 1 1 1 1 4
98846 98845 98844 98843 98842 98841 98840 98839
98880 98879 98870 98871
98881 1 1 1
98952 98943 98870 98871
98953 98951 98949 98946
99842 99705 99705 99705 99705 99705 1 99841 99839 99838 99836 99834 99832 99827 2 99815 99705
99925 99924 99848 99849 99850 99851
99926 4 33 33 33 33
99931 99930 122890
99932 1 4
99936 99935 122890
99937 4 4
99941 99940 122890
99942 1 5
99946 99945 122890
99947 1 42
99951 99950 122890
99952 1 43
99956 99955 122890
99957 1 6779
99961 99960 122890
99962 1 6780
99966 99965 122890
99967 1 37
99971 99970 122890
99972 1 6781
99976 99975 122890
99977 1 44
99981 99980 122890
99982 1 6782
99986 99985 122890
99987 1 33
100005 1 1 1 1 1 1 100004 99922
100024 1 1 1 1 1 1 100023 100174
100041 1 1 1 1 1 1 1 100101
100058 1 1 1 1 1 1 1 100105
100473 100472 100417
100474 1 4
100478 100477 100417
100479 4 4
100483 100482 100417
100484 1 5
100488 100487 100417
100489 1 42
100493 100492 100417
100494 1 43
100498 100497 100417
100499 1 6779
100503 100502 100417
100504 1 6780
100508 100507 100417
100509 1 37
100513 100512 100417
100514 1 6781
100518 100517 100417
100519 1 44
100523 100522 100417
100524 1 6782
100528 100527 100417
100529 1 33
100544 100543 100417
100545 1 2
100549 100548 100417
100550 1 11
100572 36 36 34 100571 100571 100571 100571 100571 36 34 34 0 36 34 0 32
100655 36 36 34 100641 100641 100641 100641 100641 36 34 34 0 36 34 0 32
100659 100658 122890
100660 1 4
100664 100663 122890
100665 4 4
100669 100668 122890
100670 1 5
100674 100673 122890
100675 1 42
100679 100678 122890
100680 1 43
100684 100683 122890
100685 1 6779
100689 100688 122890
100690 1 6780
100694 100693 122890
100695 1 37
100699 100698 122890
100700 1 6781
100704 100703 122890
100705 1 44
100709 100708 122890
100710 1 6782
100714 100713 122890
100715 1 33
100730 100729 122890
100731 1 2
100735 100734 122890
100736 1 11
100771 36 36 34 100757 100757 100757 100757 100757 36 34 34 0 36 34 0 32
100838 100837 100836 100835 100834 100833 100832 100831
100868 100867 100858 100859
100869 4 33 33
100873 100872 100858 100859
100874 1 1 1
100878 100877 100858 100859
100879 1 1 4
100883 100882 100855 100856
100884 1 1 1
100903 100902 100411
100904 1 1
100910 100909 100411
100911 1 44
100915 100914 100411
100916 1 6782
100920 100919 100411
100921 1 33
100927 1 1 1 1 1 1 1 105450
100940 1 1 1 1 1 1 1 105453
105464 100999 100996 100993 100990 100987 100984 100981 100978 100975 100972 100969 100966 100963 100960 100957 100954
105472 105470 105471
105473 1 1
105490 105488 105489
105491 1 1
105506 105504 105505
105507 1 1
105522 105520 105521
105523 1 1
105538 105536 105537
105539 1 1
105554 105552 105553
105555 1 1
105570 105568 105569
105571 1 1
105586 105584 105585
105587 1 1
105602 105600 105601
105603 1 1
105618 105616 105617
105619 1 1
105634 105632 105633
105635 1 1
105650 105648 105649
105651 1 1
105666 105664 105665
105667 1 1
105682 105680 105681
105683 1 1
105698 105696 105697
105699 1 1
105714 105712 105713
105715 1 1
108089 105172 104894 104616 104338 104060 103782 103504 103226 102948 102670 102392 102114 101836 101558 101280 101002
108090 105173 104895 104617 104339 104061 103783 103505 103227 102949 102671 102393 102115 101837 101559 101281 101003
108093 105176 104898 104620 104342 104064 103786 103508 103230 102952 102674 102396 102118 101840 101562 101284 101006
108094 105177 104899 104621 104343 104065 103787 103509 103231 102953 102675 102397 102119 101841 101563 101285 101007
108095 105178 104900 104622 104344 104066 103788 103510 103232 102954 102676 102398 102120 101842 101564 101286 101008
108096 105179 104901 104623 104345 104067 103789 103511 103233 102955 102677 102399 102121 101843 101565 101287 101009
108097 105180 104902 104624 104346 104068 103790 103512 103234 102956 102678 102400 102122 101844 101566 101288 101010
108098 105181 104903 104625 104347 104069 103791 103513 103235 102957 102679 102401 102123 101845 101567 101289 101011
108099 105182 104904 104626 104348 104070 103792 103514 103236 102958 102680 102402 102124 101846 101568 101290 101012
108100 105183 104905 104627 104349 104071 103793 103515 103237 102959 102681 102403 102125 101847 101569 101291 101013
108109 105192 104914 104636 104358 104080 103802 103524 103246 102968 102690 102412 102134 101856 101578 101300 101022
108110 105193 104915 104637 104359 104081 103803 103525 103247 102969 102691 102413 102135 101857 101579 101301 101023
108111 105194 104916 104638 104360 104082 103804 103526 103248 102970 102692 102414 102136 101858 101580 101302 101024
108112 105195 104917 104639 104361 104083 103805 103527 103249 102971 102693 102415 102137 101859 101581 101303 101025
108113 105196 104918 104640 104362 104084 103806 103528 103250 102972 102694 102416 102138 101860 101582 101304 101026
108114 105197 104919 104641 104363 104085 103807 103529 103251 102973 102695 102417 102139 101861 101583 101305 101027
108115 105198 104920 104642 104364 104086 103808 103530 103252 102974 102696 102418 102140 101862 101584 101306 101028
108116 105199 104921 104643 104365 104087 103809 103531 103253 102975 102697 102419 102141 101863 101585 101307 101029
108125 105208 104930 104652 104374 104096 103818 103540 103262 102984 102706 102428 102150 101872 101594 101316 101038
108127 105210 104932 104654 104376 104098 103820 103542 103264 102986 102708 102430 102152 101874 101596 101318 101040
108128 105211 104933 104655 104377 104099 103821 103543 103265 102987 102709 102431 102153 101875 101597 101319 101041
108129 105212 104934 104656 104378 104100 103822 103544 103266 102988 102710 102432 102154 101876 101598 101320 101042
108130 105213 104935 104657 104379 104101 103823 103545 103267 102989 102711 102433 102155 101877 101599 101321 101043
108131 105214 104936 104658 104380 104102 103824 103546 103268 102990 102712 102434 102156 101878 101600 101322 101044
108132 105215 104937 104659 104381 104103 103825 103547 103269 102991 102713 102435 102157 101879 101601 101323 101045
108133 105216 104938 104660 104382 104104 103826 103548 103270 102992 102714 102436 102158 101880 101602 101324 101046
108134 105217 104939 104661 104383 104105 103827 103549 103271 102993 102715 102437 102159 101881 101603 101325 101047
108135 105218 104940 104662 104384 104106 103828 103550 103272 102994 102716 102438 102160 101882 101604 101326 101048
108136 105219 104941 104663 104385 104107 103829 103551 103273 102995 102717 102439 102161 101883 101605 101327 101049
108147 105230 104952 104674 104396 104118 103840 103562 103284 103006 102728 102450 102172 101894 101616 101338 101060
108149 105232 104954 104676 104398 104120 103842 103564 103286 103008 102730 102452 102174 101896 101618 101340 101062
108150 105233 104955 104677 104399 104121 103843 103565 103287 103009 102731 102453 102175 101897 101619 101341 101063
108151 105234 104956 104678 104400 104122 103844 103566 103288 103010 102732 102454 102176 101898 101620 101342 101064
108155 105238 104960 104682 104404 104126 103848 103570 103292 103014 102736 102458 102180 101902 101624 101346 101068
108157 105240 104962 104684 104406 104128 103850 103572 103294 103016 102738 102460 102182 101904 101626 101348 101070
108159 105242 104964 104686 104408 104130 103852 103574 103296 103018 102740 102462 102184 101906 101628 101350 101072
108161 105244 104966 104688 104410 104132 103854 103576 103298 103020 102742 102464 102186 101908 101630 101352 101074
108163 105246 104968 104690 104412 104134 103856 103578 103300 103022 102744 102466 102188 101910 101632 101354 101076
108165 105248 104970 104692 104414 104136 103858 103580 103302 103024 102746 102468 102190 101912 101634 101356 101078
108167 105250 104972 104694 104416 104138 103860 103582 103304 103026 102748 102470 102192 101914 101636 101358 101080
108169 105252 104974 104696 104418 104140 103862 103584 103306 103028 102750 102472 102194 101916 101638 101360 101082
108171 105254 104976 104698 104420 104142 103864 103586 103308 103030 102752 102474 102196 101918 101640 101362 101084
108173 105256 104978 104700 104422 104144 103866 103588 103310 103032 102754 102476 102198 101920 101642 101364 101086
108175 105258 104980 104702 104424 104146 103868 103590 103312 103034 102756 102478 102200 101922 101644 101366 101088
108177 105260 104982 104704 104426 104148 103870 103592 103314 103036 102758 102480 102202 101924 101646 101368 101090
108179 105262 104984 104706 104428 104150 103872 103594 103316 103038 102760 102482 102204 101926 101648 101370 101092
108181 105264 104986 104708 104430 104152 103874 103596 103318 103040 102762 102484 102206 101928 101650 101372 101094
108183 105266 104988 104710 104432 104154 103876 103598 103320 103042 102764 102486 102208 101930 101652 101374 101096
108185 105268 104990 104712 104434 104156 103878 103600 103322 103044 102766 102488 102210 101932 101654 101376 101098
108187 105270 104992 104714 104436 104158 103880 103602 103324 103046 102768 102490 102212 101934 101656 101378 101100
108189 105272 104994 104716 104438 104160 103882 103604 103326 103048 102770 102492 102214 101936 101658 101380 101102
108190 105273 104995 104717 104439 104161 103883 103605 103327 103049 102771 102493 102215 101937 101659 101381 101103
108193 105276 104998 104720 104442 104164 103886 103608 103330 103052 102774 102496 102218 101940 101662 101384 101106
108195 105278 105000 104722 104444 104166 103888 103610 103332 103054 102776 102498 102220 101942 101664 101386 101108
108197 105280 105002 104724 104446 104168 103890 103612 103334 103056 102778 102500 102222 101944 101666 101388 101110
108199 105282 105004 104726 104448 104170 103892 103614 103336 103058 102780 102502 102224 101946 101668 101390 101112
108200 105283 105005 104727 104449 104171 103893 103615 103337 103059 102781 102503 102225 101947 101669 101391 101113
108203 105286 105008 104730 104452 104174 103896 103618 103340 103062 102784 102506 102228 101950 101672 101394 101116
108205 105288 105010 104732 104454 104176 103898 103620 103342 103064 102786 102508 102230 101952 101674 101396 101118
108206 105289 105011 104733 104455 104177 103899 103621 103343 103065 102787 102509 102231 101953 101675 101397 101119
108207 105290 105012 104734 104456 104178 103900 103622 103344 103066 102788 102510 102232 101954 101676 101398 101120
108208 105291 105013 104735 104457 104179 103901 103623 103345 103067 102789 102511 102233 101955 101677 101399 101121
108209 105292 105014 104736 104458 104180 103902 103624 103346 103068 102790 102512 102234 101956 101678 101400 101122
108215 105298 105020 104742 104464 104186 103908 103630 103352 103074 102796 102518 102240 101962 101684 101406 101128
108216 105299 105021 104743 104465 104187 103909 103631 103353 103075 102797 102519 102241 101963 101685 101407 101129
108217 105300 105022 104744 104466 104188 103910 103632 103354 103076 102798 102520 102242 101964 101686 101408 101130
108221 105304 105026 104748 104470 104192 103914 103636 103358 103080 102802 102524 102246 101968 101690 101412 101134
108222 105305 105027 104749 104471 104193 103915 103637 103359 103081 102803 102525 102247 101969 101691 101413 101135
108225 105308 105030 104752 104474 104196 103918 103640 103362 103084 102806 102528 102250 101972 101694 101416 101138
108227 105310 105032 104754 104476 104198 103920 103642 103364 103086 102808 102530 102252 101974 101696 101418 101140
108229 105312 105034 104756 104478 104200 103922 103644 103366 103088 102810 102532 102254 101976 101698 101420 101142
108231 105314 105036 104758 104480 104202 103924 103646 103368 103090 102812 102534 102256 101978 101700 101422 101144
108232 105315 105037 104759 104481 104203 103925 103647 103369 103091 102813 102535 102257 101979 101701 101423 101145
108235 105318 105040 104762 104484 104206 103928 103650 103372 103094 102816 102538 102260 101982 101704 101426 101148
108236 105319 105041 104763 104485 104207 103929 103651 103373 103095 102817 102539 102261 101983 101705 101427 101149
108239 105322 105044 104766 104488 104210 103932 103654 103376 103098 102820 102542 102264 101986 101708 101430 101152
108240 105323 105045 104767 104489 104211 103933 103655 103377 103099 102821 102543 102265 101987 101709 101431 101153
108243 105326 105048 104770 104492 104214 103936 103658 103380 103102 102824 102546 102268 101990 101712 101434 101156
108244 105327 105049 104771 104493 104215 103937 103659 103381 103103 102825 102547 102269 101991 101713 101435 101157
108247 105330 105052 104774 104496 104218 103940 103662 103384 103106 102828 102550 102272 101994 101716 101438 101160
108249 105332 105054 104776 104498 104220 103942 103664 103386 103108 102830 102552 102274 101996 101718 101440 101162
108251 105334 105056 104778 104500 104222 103944 103666 103388 103110 102832 102554 102276 101998 101720 101442 101164
108253 105336 105058 104780 104502 104224 103946 103668 103390 103112 102834 102556 102278 102000 101722 101444 101166
108255 105338 105060 104782 104504 104226 103948 103670 103392 103114 102836 102558 102280 102002 101724 101446 101168
108257 105340 105062 104784 104506 104228 103950 103672 103394 103116 102838 102560 102282 102004 101726 101448 101170
108258 105341 105063 104785 104507 104229 103951 103673 103395 103117 102839 102561 102283 102005 101727 101449 101171
108261 105344 105066 104788 104510 104232 103954 103676 103398 103120 102842 102564 102286 102008 101730 101452 101174
108263 105346 105068 104790 104512 104234 103956 103678 103400 103122 102844 102566 102288 102010 101732 101454 101176
108264 105347 105069 104791 104513 104235 103957 103679 103401 103123 102845 102567 102289 102011 101733 101455 101177
108265 105348 105070 104792 104514 104236 103958 103680 103402 103124 102846 102568 102290 102012 101734 101456 101178
108266 105349 105071 104793 104515 104237 103959 103681 103403 103125 102847 102569 102291 102013 101735 101457 101179
108267 105350 105072 104794 104516 104238 103960 103682 103404 103126 102848 102570 102292 102014 101736 101458 101180
108268 105351 105073 104795 104517 104239 103961 103683 103405 103127 102849 102571 102293 102015 101737 101459 101181
108269 105352 105074 104796 104518 104240 103962 103684 103406 103128 102850 102572 102294 102016 101738 101460 101182
108270 105353 105075 104797 104519 104241 103963 103685 103407 103129 102851 102573 102295 102017 101739 101461 101183
108271 105354 105076 104798 104520 104242 103964 103686 103408 103130 102852 102574 102296 102018 101740 101462 101184
108272 105355 105077 104799 104521 104243 103965 103687 103409 103131 102853 102575 102297 102019 101741 101463 101185
108273 105356 105078 104800 104522 104244 103966 103688 103410 103132 102854 102576 102298 102020 101742 101464 101186
108274 105357 105079 104801 104523 104245 103967 103689 103411 103133 102855 102577 102299 102021 101743 101465 101187
108275 105358 105080 104802 104524 104246 103968 103690 103412 103134 102856 102578 102300 102022 101744 101466 101188
108276 105359 105081 104803 104525 104247 103969 103691 103413 103135 102857 102579 102301 102023 101745 101467 101189
108277 105360 105082 104804 104526 104248 103970 103692 103414 103136 102858 102580 102302 102024 101746 101468 101190
108278 105361 105083 104805 104527 104249 103971 103693 103415 103137 102859 102581 102303 102025 101747 101469 101191
108295 105378 105100 104822 104544 104266 103988 103710 103432 103154 102876 102598 102320 102042 101764 101486 101208
108297 105380 105102 104824 104546 104268 103990 103712 103434 103156 102878 102600 102322 102044 101766 101488 101210
108298 105381 105103 104825 104547 104269 103991 103713 103435 103157 102879 102601 102323 102045 101767 101489 101211
108301 105384 105106 104828 104550 104272 103994 103716 103438 103160 102882 102604 102326 102048 101770 101492 101214
108303 105386 105108 104830 104552 104274 103996 103718 103440 103162 102884 102606 102328 102050 101772 101494 101216
108305 105388 105110 104832 104554 104276 103998 103720 103442 103164 102886 102608 102330 102052 101774 101496 101218
108307 105390 105112 104834 104556 104278 104000 103722 103444 103166 102888 102610 102332 102054 101776 101498 101220
108309 105392 105114 104836 104558 104280 104002 103724 103446 103168 102890 102612 102334 102056 101778 101500 101222
108311 105394 105116 104838 104560 104282 104004 103726 103448 103170 102892 102614 102336 102058 101780 101502 101224
108313 105396 105118 104840 104562 104284 104006 103728 103450 103172 102894 102616 102338 102060 101782 101504 101226
108315 105398 105120 104842 104564 104286 104008 103730 103452 103174 102896 102618 102340 102062 101784 101506 101228
108317 105400 105122 104844 104566 104288 104010 103732 103454 103176 102898 102620 102342 102064 101786 101508 101230
108319 105402 105124 104846 104568 104290 104012 103734 103456 103178 102900 102622 102344 102066 101788 101510 101232
108321 105404 105126 104848 104570 104292 104014 103736 103458 103180 102902 102624 102346 102068 101790 101512 101234
108323 105406 105128 104850 104572 104294 104016 103738 103460 103182 102904 102626 102348 102070 101792 101514 101236
108324 105407 105129 104851 104573 104295 104017 103739 103461 103183 102905 102627 102349 102071 101793 101515 101237
108327 105410 105132 104854 104576 104298 104020 103742 103464 103186 102908 102630 102352 102074 101796 101518 101240
108328 105411 105133 104855 104577 104299 104021 103743 103465 103187 102909 102631 102353 102075 101797 101519 101241
108331 105414 105136 104858 104580 104302 104024 103746 103468 103190 102912 102634 102356 102078 101800 101522 101244
108332 105415 105137 104859 104581 104303 104025 103747 103469 103191 102913 102635 102357 102079 101801 101523 101245
108335 105418 105140 104862 104584 104306 104028 103750 103472 103194 102916 102638 102360 102082 101804 101526 101248
108336 105419 105141 104863 104585 104307 104029 103751 103473 103195 102917 102639 102361 102083 101805 101527 101249
108339 105422 105144 104866 104588 104310 104032 103754 103476 103198 102920 102642 102364 102086 101808 101530 101252
108341 105424 105146 104868 104590 104312 104034 103756 103478 103200 102922 102644 102366 102088 101810 101532 101254
108343 105426 105148 104870 104592 104314 104036 103758 103480 103202 102924 102646 102368 102090 101812 101534 101256
108345 105428 105150 104872 104594 104316 104038 103760 103482 103204 102926 102648 102370 102092 101814 101536 101258
108347 105430 105152 104874 104596 104318 104040 103762 103484 103206 102928 102650 102372 102094 101816 101538 101260
108349 105432 105154 104876 104598 104320 104042 103764 103486 103208 102930 102652 102374 102096 101818 101540 101262
108351 105434 105156 104878 104600 104322 104044 103766 103488 103210 102932 102654 102376 102098 101820 101542 101264
108353 105436 105158 104880 104602 104324 104046 103768 103490 103212 102934 102656 102378 102100 101822 101544 101266
108355 105438 105160 104882 104604 104326 104048 103770 103492 103214 102936 102658 102380 102102 101824 101546 101268
108357 105440 105162 104884 104606 104328 104050 103772 103494 103216 102938 102660 102382 102104 101826 101548 101270
108359 105442 105164 104886 104608 104330 104052 103774 103496 103218 102940 102662 102384 102106 101828 101550 101272
108361 105444 105166 104888 104610 104332 104054 103776 103498 103220 102942 102664 102386 102108 101830 101552 101274
108363 105446 105168 104890 104612 104334 104056 103778 103500 103222 102944 102666 102388 102110 101832 101554 101276
108365 105448 105170 104892 104614 104336 104058 103780 103502 103224 102946 102668 102390 102112 101834 101556 101278
108369 108367 108368
108370 1 1
108389 108388 122890
108390 1 41
108420 108419 100411
108421 1 4
108425 108424 100411
108426 1 41
108430 108429 100411
108431 1 2
108436 108435 100411
108437 1 42
108446 108445 100411
108447 4 4
108529 36 36 34 108515 108515 108515 108515 108515 36 34 34 0 36 34 0 32
108628 108627 108300
108629 1 1
108633 108632 108300
108634 1 11
108638 108637 108300
108639 1 5
108643 108642 108300
108644 1 42
108648 108647 108300
108649 1 43
108653 108652 108300
108654 1 6779
108658 108657 108300
108659 1 6780
108663 108662 108300
108664 1 37
108668 108667 108300
108669 1 6781
108673 108672 108300
108674 1 44
108678 108677 108300
108679 1 6782
108683 108682 108300
108684 1 33
108699 108698 108300
108700 1 4
108704 108703 108300
108705 4 4
108713 108712 108300
108714 1 11
108864 108861 108857
108865 108863 100454
108882 108881 100411
108883 1 6778
108888 108887 100411
108889 1 11
108899 108898 100411
108900 1 5
108907 108906 100411
108908 1 43
108925 108924 100411
108926 1 6779
108933 108932 100411
108934 1 6780
108985 108984 100411
108986 1 6781
109046 109045 108300
109047 1 4
109051 109050 108300
109052 4 4
109056 109055 108300
109057 1 5
109061 109060 108300
109062 1 42
109066 109065 108300
109067 1 43
109071 109070 108300
109072 1 6779
109076 109075 108300
109077 1 6780
109081 109080 108300
109082 1 37
109086 109085 108300
109087 1 6781
109091 109090 108300
109092 1 44
109096 109095 108300
109097 1 6782
109101 109100 108300
109102 1 33
109130 109129 108300
109131 1 2
109135 109134 108300
109136 1 11
109165 36 36 34 109157 109157 109157 109157 109157 36 34 34 0 36 34 0 32
109301 36 36 34 109287 109287 109287 109287 109287 36 34 34 0 36 34 0 32
109459 36 36 34 109445 109445 109445 109445 109445 36 34 34 0 36 34 0 32
109539 109536 100454
109540 109538 109532
109543 100420 100421 100422 100423 100424 100425 100426
109544 122959 122960 122961 122962 122963 122964 122965
109633 109632 109577
109634 1 4
109638 109637 109577
109639 4 4
109643 109642 109577
109644 1 5
109648 109647 109577
109649 1 42
109653 109652 109577
109654 1 43
109658 109657 109577
109659 1 6779
109663 109662 109577
109664 1 6780
109668 109667 109577
109669 1 37
109673 109672 109577
109674 1 6781
109678 109677 109577
109679 1 44
109683 109682 109577
109684 1 6782
109688 109687 109577
109689 1 33
109704 109703 109577
109705 1 2
109709 109708 109577
109710 1 11
109732 36 36 34 109731 109731 109731 109731 109731 36 34 34 0 36 34 0 32
109815 36 36 34 109801 109801 109801 109801 109801 36 34 34 0 36 34 0 32
109819 109818 122890
109820 1 4
109824 109823 122890
109825 4 4
109829 109828 122890
109830 1 5
109834 109833 122890
109835 1 42
109839 109838 122890
109840 1 43
109844 109843 122890
109845 1 6779
109849 109848 122890
109850 1 6780
109854 109853 122890
109855 1 37
109859 109858 122890
109860 1 6781
109864 109863 122890
109865 1 44
109869 109868 122890
109870 1 6782
109874 109873 122890
109875 1 33
109890 109889 122890
109891 1 2
109895 109894 122890
109896 1 11
109931 36 36 34 109917 109917 109917 109917 109917 36 34 34 0 36 34 0 32
109998 109997 109996 109995 109994 109993 109992 109991
110028 110027 110018 110019
110029 4 33 33
110033 110032 110018 110019
110034 1 1 1
110038 110037 110018 110019
110039 1 1 4
110043 110042 110015 110016
110044 1 1 1
110063 110062 109571
110064 1 1
110070 110069 109571
110071 1 44
110075 110074 109571
110076 1 6782
110080 110079 109571
110081 1 33
110087 1 1 1 1 1 1 1 114610
110100 1 1 1 1 1 1 1 114613
114624 110159 110156 110153 110150 110147 110144 110141 110138 110135 110132 110129 110126 110123 110120 110117 110114
114632 114630 114631
114633 1 1
114650 114648 114649
114651 1 1
114666 114664 114665
114667 1 1
114682 114680 114681
114683 1 1
114698 114696 114697
114699 1 1
114714 114712 114713
114715 1 1
114730 114728 114729
114731 1 1
114746 114744 114745
114747 1 1
114762 114760 114761
114763 1 1
114778 114776 114777
114779 1 1
114794 114792 114793
114795 1 1
114810 114808 114809
114811 1 1
114826 114824 114825
114827 1 1
114842 114840 114841
114843 1 1
114858 114856 114857
114859 1 1
114874 114872 114873
114875 1 1
117249 114332 114054 113776 113498 113220 112942 112664 112386 112108 111830 111552 111274 110996 110718 110440 110162
117250 114333 114055 113777 113499 113221 112943 112665 112387 112109 111831 111553 111275 110997 110719 110441 110163
117253 114336 114058 113780 113502 113224 112946 112668 112390 112112 111834 111556 111278 111000 110722 110444 110166
117254 114337 114059 113781 113503 113225 112947 112669 112391 112113 111835 111557 111279 111001 110723 110445 110167
117255 114338 114060 113782 113504 113226 112948 112670 112392 112114 111836 111558 111280 111002 110724 110446 110168
117256 114339 114061 113783 113505 113227 112949 112671 112393 112115 111837 111559 111281 111003 110725 110447 110169
117257 114340 114062 113784 113506 113228 112950 112672 112394 112116 111838 111560 111282 111004 110726 110448 110170
117258 114341 114063 113785 113507 113229 112951 112673 112395 112117 111839 111561 111283 111005 110727 110449 110171
117259 114342 114064 113786 113508 113230 112952 112674 112396 112118 111840 111562 111284 111006 110728 110450 110172
117260 114343 114065 113787 113509 113231 112953 112675 112397 112119 111841 111563 111285 111007 110729 110451 110173
117269 114352 114074 113796 113518 113240 112962 112684 112406 112128 111850 111572 111294 111016 110738 110460 110182
117270 114353 114075 113797 113519 113241 112963 112685 112407 112129 111851 111573 111295 111017 110739 110461 110183
117271 114354 114076 113798 113520 113242 112964 112686 112408 112130 111852 111574 111296 111018 110740 110462 110184
117272 114355 114077 113799 113521 113243 112965 112687 112409 112131 111853 111575 111297 111019 110741 110463 110185
117273 114356 114078 113800 113522 113244 112966 112688 112410 112132 111854 111576 111298 111020 110742 110464 110186
117274 114357 114079 113801 113523 113245 112967 112689 112411 112133 111855 111577 111299 111021 110743 110465 110187
117275 114358 114080 113802 113524 113246 112968 112690 112412 112134 111856 111578 111300 111022 110744 110466 110188
117276 114359 114081 113803 113525 113247 112969 112691 112413 112135 111857 111579 111301 111023 110745 110467 110189
117285 114368 114090 113812 113534 113256 112978 112700 112422 112144 111866 111588 111310 111032 110754 110476 110198
117287 114370 114092 113814 113536 113258 112980 112702 112424 112146 111868 111590 111312 111034 110756 110478 110200
117288 114371 114093 113815 113537 113259 112981 112703 112425 112147 111869 111591 111313 111035 110757 110479 110201
117289 114372 114094 113816 113538 113260 112982 112704 112426 112148 111870 111592 111314 111036 110758 110480 110202
117290 114373 114095 113817 113539 113261 112983 112705 112427 112149 111871 111593 111315 111037 110759 110481 110203
117291 114374 114096 113818 113540 113262 112984 112706 112428 112150 111872 111594 111316 111038 110760 110482 110204
117292 114375 114097 113819 113541 113263 112985 112707 112429 112151 111873 111595 111317 111039 110761 110483 110205
117293 114376 114098 113820 113542 113264 112986 112708 112430 112152 111874 111596 111318 111040 110762 110484 110206
117294 114377 114099 113821 113543 113265 112987 112709 112431 112153 111875 111597 111319 111041 110763 110485 110207
117295 114378 114100 113822 113544 113266 112988 112710 112432 112154 111876 111598 111320 111042 110764 110486 110208
117296 114379 114101 113823 113545 113267 112989 112711 112433 112155 111877 111599 111321 111043 110765 110487 110209
117307 114390 114112 113834 113556 113278 113000 112722 112444 112166 111888 111610 111332 111054 110776 110498 110220
117309 114392 114114 113836 113558 113280 113002 112724 112446 112168 111890 111612 111334 111056 110778 110500 110222
117310 114393 114115 113837 113559 113281 113003 112725 112447 112169 111891 111613 111335 111057 110779 110501 110223
117311 114394 114116 113838 113560 113282 113004 112726 112448 112170 111892 111614 111336 111058 110780 110502 110224
117315 114398 114120 113842 113564 113286 113008 112730 112452 112174 111896 111618 111340 111062 110784 110506 110228
117317 114400 114122 113844 113566 113288 113010 112732 112454 112176 111898 111620 111342 111064 110786 110508 110230
117319 114402 114124 113846 113568 113290 113012 112734 112456 112178 111900 111622 111344 111066 110788 110510 110232
117321 114404 114126 113848 113570 113292 113014 112736 112458 112180 111902 111624 111346 111068 110790 110512 110234
117323 114406 114128 113850 113572 113294 113016 112738 112460 112182 111904 111626 111348 111070 110792 110514 110236
117325 114408 114130 113852 113574 113296 113018 112740 112462 112184 111906 111628 111350 111072 110794 110516 110238
117327 114410 114132 113854 113576 113298 113020 112742 112464 112186 111908 111630 111352 111074 110796 110518 110240
117329 114412 114134 113856 113578 113300 113022 112744 112466 112188 111910 111632 111354 111076 110798 110520 110242
117331 114414 114136 113858 113580 113302 113024 112746 112468 112190 111912 111634 111356 111078 110800 110522 110244
117333 114416 114138 113860 113582 113304 113026 112748 112470 112192 111914 111636 111358 111080 110802 110524 110246
117335 114418 114140 113862 113584 113306 113028 112750 112472 112194 111916 111638 111360 111082 110804 110526 110248
117337 114420 114142 113864 113586 113308 113030 112752 112474 112196 111918 111640 111362 111084 110806 110528 110250
117339 114422 114144 113866 113588 113310 113032 112754 112476 112198 111920 111642 111364 111086 110808 110530 110252
117341 114424 114146 113868 113590 113312 113034 112756 112478 112200 111922 111644 111366 111088 110810 110532 110254
117343 114426 114148 113870 113592 113314 113036 112758 112480 112202 111924 111646 111368 111090 110812 110534 110256
117345 114428 114150 113872 113594 113316 113038 112760 112482 112204 111926 111648 111370 111092 110814 110536 110258
117347 114430 114152 113874 113596 113318 113040 112762 112484 112206 111928 111650 111372 111094 110816 110538 110260
117349 114432 114154 113876 113598 113320 113042 112764 112486 112208 111930 111652 111374 111096 110818 110540 110262
117350 114433 114155 113877 113599 113321 113043 112765 112487 112209 111931 111653 111375 111097 110819 110541 110263
117353 114436 114158 113880 113602 113324 113046 112768 112490 112212 111934 111656 111378 111100 110822 110544 110266
117355 114438 114160 113882 113604 113326 113048 112770 112492 112214 111936 111658 111380 111102 110824 110546 110268
117357 114440 114162 113884 113606 113328 113050 112772 112494 112216 111938 111660 111382 111104 110826 110548 110270
117359 114442 114164 113886 113608 113330 113052 112774 112496 112218 111940 111662 111384 111106 110828 110550 110272
117360 114443 114165 113887 113609 113331 113053 112775 112497 112219 111941 111663 111385 111107 110829 110551 110273
117363 114446 114168 113890 113612 113334 113056 112778 112500 112222 111944 111666 111388 111110 110832 110554 110276
117365 114448 114170 113892 113614 113336 113058 112780 112502 112224 111946 111668 111390 111112 110834 110556 110278
117366 114449 114171 113893 113615 113337 113059 112781 112503 112225 111947 111669 111391 111113 110835 110557 110279
117367 114450 114172 113894 113616 113338 113060 112782 112504 112226 111948 111670 111392 111114 110836 110558 110280
117368 114451 114173 113895 113617 113339 113061 112783 112505 112227 111949 111671 111393 111115 110837 110559 110281
117369 114452 114174 113896 113618 113340 113062 112784 112506 112228 111950 111672 111394 111116 110838 110560 110282
117375 114458 114180 113902 113624 113346 113068 112790 112512 112234 111956 111678 111400 111122 110844 110566 110288
117376 114459 114181 113903 113625 113347 113069 112791 112513 112235 111957 111679 111401 111123 110845 110567 110289
117377 114460 114182 113904 113626 113348 113070 112792 112514 112236 111958 111680 111402 111124 110846 110568 110290
117381 114464 114186 113908 113630 113352 113074 112796 112518 112240 111962 111684 111406 111128 110850 110572 110294
117382 114465 114187 113909 113631 113353 113075 112797 112519 112241 111963 111685 111407 111129 110851 110573 110295
117385 114468 114190 113912 113634 113356 113078 112800 112522 112244 111966 111688 111410 111132 110854 110576 110298
117387 114470 114192 113914 113636 113358 113080 112802 112524 112246 111968 111690 111412 111134 110856 110578 110300
117389 114472 114194 113916 113638 113360 113082 112804 112526 112248 111970 111692 111414 111136 110858 110580 110302
117391 114474 114196 113918 113640 113362 113084 112806 112528 112250 111972 111694 111416 111138 110860 110582 110304
117392 114475 114197 113919 113641 113363 113085 112807 112529 112251 111973 111695 111417 111139 110861 110583 110305
117395 114478 114200 113922 113644 113366 113088 112810 112532 112254 111976 111698 111420 111142 110864 110586 110308
117396 114479 114201 113923 113645 113367 113089 112811 112533 112255 111977 111699 111421 111143 110865 110587 110309
117399 114482 114204 113926 113648 113370 113092 112814 112536 112258 111980 111702 111424 111146 110868 110590 110312
117400 114483 114205 113927 113649 113371 113093 112815 112537 112259 111981 111703 111425 111147 110869 110591 110313
117403 114486 114208 113930 113652 113374 113096 112818 112540 112262 111984 111706 111428 111150 110872 110594 110316
117404 114487 114209 113931 113653 113375 113097 112819 112541 112263 111985 111707 111429 111151 110873 110595 110317
117407 114490 114212 113934 113656 113378 113100 112822 112544 112266 111988 111710 111432 111154 110876 110598 110320
117409 114492 114214 113936 113658 113380 113102 112824 112546 112268 111990 111712 111434 111156 110878 110600 110322
117411 114494 114216 113938 113660 113382 113104 112826 112548 112270 111992 111714 111436 111158 110880 110602 110324
117413 114496 114218 113940 113662 113384 113106 112828 112550 112272 111994 111716 111438 111160 110882 110604 110326
117415 114498 114220 113942 113664 113386 113108 112830 112552 112274 111996 111718 111440 111162 110884 110606 110328
117417 114500 114222 113944 113666 113388 113110 112832 112554 112276 111998 111720 111442 111164 110886 110608 110330
117418 114501 114223 113945 113667 113389 113111 112833 112555 112277 111999 111721 111443 111165 110887 110609 110331
117421 114504 114226 113948 113670 113392 113114 112836 112558 112280 112002 111724 111446 111168 110890 110612 110334
117423 114506 114228 113950 113672 113394 113116 112838 112560 112282 112004 111726 111448 111170 110892 110614 110336
117424 114507 114229 113951 113673 113395 113117 112839 112561 112283 112005 111727 111449 111171 110893 110615 110337
117425 114508 114230 113952 113674 113396 113118 112840 112562 112284 112006 111728 111450 111172 110894 110616 110338
117426 114509 114231 113953 113675 113397 113119 112841 112563 112285 112007 111729 111451 111173 110895 110617 110339
117427 114510 114232 113954 113676 113398 113120 112842 112564 112286 112008 111730 111452 111174 110896 110618 110340
117428 114511 114233 113955 113677 113399 113121 112843 112565 112287 112009 111731 111453 111175 110897 110619 110341
117429 114512 114234 113956 113678 113400 113122 112844 112566 112288 112010 111732 111454 111176 110898 110620 110342
117430 114513 114235 113957 113679 113401 113123 112845 112567 112289 112011 111733 111455 111177 110899 110621 110343
117431 114514 114236 113958 113680 113402 113124 112846 112568 112290 112012 111734 111456 111178 110900 110622 110344
117432 114515 114237 113959 113681 113403 113125 112847 112569 112291 112013 111735 111457 111179 110901 110623 110345
117433 114516 114238 113960 113682 113404 113126 112848 112570 112292 112014 111736 111458 111180 110902 110624 110346
117434 114517 114239 113961 113683 113405 113127 112849 112571 112293 112015 111737 111459 111181 110903 110625 110347
117435 114518 114240 113962 113684 113406 113128 112850 112572 112294 112016 111738 111460 111182 110904 110626 110348
117436 114519 114241 113963 113685 113407 113129 112851 112573 112295 112017 111739 111461 111183 110905 110627 110349
117437 114520 114242 113964 113686 113408 113130 112852 112574 112296 112018 111740 111462 111184 110906 110628 110350
117438 114521 114243 113965 113687 113409 113131 112853 112575 112297 112019 111741 111463 111185 110907 110629 110351
117455 114538 114260 113982 113704 113426 113148 112870 112592 112314 112036 111758 111480 111202 110924 110646 110368
117457 114540 114262 113984 113706 113428 113150 112872 112594 112316 112038 111760 111482 111204 110926 110648 110370
117458 114541 114263 113985 113707 113429 113151 112873 112595 112317 112039 111761 111483 111205 110927 110649 110371
117461 114544 114266 113988 113710 113432 113154 112876 112598 112320 112042 111764 111486 111208 110930 110652 110374
117463 114546 114268 113990 113712 113434 113156 112878 112600 112322 112044 111766 111488 111210 110932 110654 110376
117465 114548 114270 113992 113714 113436 113158 112880 112602 112324 112046 111768 111490 111212 110934 110656 110378
117467 114550 114272 113994 113716 113438 113160 112882 112604 112326 112048 111770 111492 111214 110936 110658 110380
117469 114552 114274 113996 113718 113440 113162 112884 112606 112328 112050 111772 111494 111216 110938 110660 110382
117471 114554 114276 113998 113720 113442 113164 112886 112608 112330 112052 111774 111496 111218 110940 110662 110384
117473 114556 114278 114000 113722 113444 113166 112888 112610 112332 112054 111776 111498 111220 110942 110664 110386
117475 114558 114280 114002 113724 113446 113168 112890 112612 112334 112056 111778 111500 111222 110944 110666 110388
117477 114560 114282 114004 113726 113448 113170 112892 112614 112336 112058 111780 111502 111224 110946 110668 110390
117479 114562 114284 114006 113728 113450 113172 112894 112616 112338 112060 111782 111504 111226 110948 110670 110392
117481 114564 114286 114008 113730 113452 113174 112896 112618 112340 112062 111784 111506 111228 110950 110672 110394
117483 114566 114288 114010 113732 113454 113176 112898 112620 112342 112064 111786 111508 111230 110952 110674 110396
117484 114567 114289 114011 113733 113455 113177 112899 112621 112343 112065 111787 111509 111231 110953 110675 110397
117487 114570 114292 114014 113736 113458 113180 112902 112624 112346 112068 111790 111512 111234 110956 110678 110400
117488 114571 114293 114015 113737 113459 113181 112903 112625 112347 112069 111791 111513 111235 110957 110679 110401
117491 114574 114296 114018 113740 113462 113184 112906 112628 112350 112072 111794 111516 111238 110960 110682 110404
117492 114575 114297 114019 113741 113463 113185 112907 112629 112351 112073 111795 111517 111239 110961 110683 110405
117495 114578 114300 114022 113744 113466 113188 112910 112632 112354 112076 111798 111520 111242 110964 110686 110408
117496 114579 114301 114023 113745 113467 113189 112911 112633 112355 112077 111799 111521 111243 110965 110687 110409
117499 114582 114304 114026 113748 113470 113192 112914 112636 112358 112080 111802 111524 111246 110968 110690 110412
117501 114584 114306 114028 113750 113472 113194 112916 112638 112360 112082 111804 111526 111248 110970 110692 110414
117503 114586 114308 114030 113752 113474 113196 112918 112640 112362 112084 111806 111528 111250 110972 110694 110416
117505 114588 114310 114032 113754 113476 113198 112920 112642 112364 112086 111808 111530 111252 110974 110696 110418
117507 114590 114312 114034 113756 113478 113200 112922 112644 112366 112088 111810 111532 111254 110976 110698 110420
117509 114592 114314 114036 113758 113480 113202 112924 112646 112368 112090 111812 111534 111256 110978 110700 110422
117511 114594 114316 114038 113760 113482 113204 112926 112648 112370 112092 111814 111536 111258 110980 110702 110424
117513 114596 114318 114040 113762 113484 113206 112928 112650 112372 112094 111816 111538 111260 110982 110704 110426
117515 114598 114320 114042 113764 113486 113208 112930 112652 112374 112096 111818 111540 111262 110984 110706 110428
117517 114600 114322 114044 113766 113488 113210 112932 112654 112376 112098 111820 111542 111264 110986 110708 110430
117519 114602 114324 114046 113768 113490 113212 112934 112656 112378 112100 111822 111544 111266 110988 110710 110432
117521 114604 114326 114048 113770 113492 113214 112936 112658 112380 112102 111824 111546 111268 110990 110712 110434
117523 114606 114328 114050 113772 113494 113216 112938 112660 112382 112104 111826 111548 111270 110992 110714 110436
117525 114608 114330 114052 113774 113496 113218 112940 112662 112384 112106 111828 111550 111272 110994 110716 110438
117529 117527 117528
117530 1 1
117549 117548 122890
117550 1 41
117580 117579 109571
117581 1 4
117585 117584 109571
117586 1 41
117590 117589 109571
117591 1 2
117596 117595 109571
117597 1 42
117606 117605 109571
117607 4 4
117689 36 36 34 117675 117675 117675 117675 117675 36 34 34 0 36 34 0 32
117788 117787 117460
117789 1 1
117793 117792 117460
117794 1 11
117798 117797 117460
117799 1 5
117803 117802 117460
117804 1 42
117808 117807 117460
117809 1 43
117813 117812 117460
117814 1 6779
117818 117817 117460
117819 1 6780
117823 117822 117460
117824 1 37
117828 117827 117460
117829 1 6781
117833 117832 117460
117834 1 44
117838 117837 117460
117839 1 6782
117843 117842 117460
117844 1 33
117859 117858 117460
117860 1 4
117864 117863 117460
117865 4 4
117873 117872 117460
117874 1 11
118024 118021 118017
118025 118023 109614
118042 118041 109571
118043 1 6778
118048 118047 109571
118049 1 11
118059 118058 109571
118060 1 5
118067 118066 109571
118068 1 43
118085 118084 109571
118086 1 6779
118093 118092 109571
118094 1 6780
118145 118144 109571
118146 1 6781
118206 118205 117460
118207 1 4
118211 118210 117460
118212 4 4
118216 118215 117460
118217 1 5
118221 118220 117460
118222 1 42
118226 118225 117460
118227 1 43
118231 118230 117460
118232 1 6779
118236 118235 117460
118237 1 6780
118241 118240 117460
118242 1 37
118246 118245 117460
118247 1 6781
118251 118250 117460
118252 1 44
118256 118255 117460
118257 1 6782
118261 118260 117460
118262 1 33
118290 118289 117460
118291 1 2
118295 118294 117460
118296 1 11
118325 36 36 34 118317 118317 118317 118317 118317 36 34 34 0 36 34 0 32
118461 36 36 34 118447 118447 118447 118447 118447 36 34 34 0 36 34 0 32
118619 36 36 34 118605 118605 118605 118605 118605 36 34 34 0 36 34 0 32
118696 118693 109614
118697 118695 109532
118700 109580 109581 109582 109583 109584 109585 109586
118701 122959 122960 122961 122962 122963 122964 122965
119655 119654 118949
119656 1 42
119662 119661 118949
119663 1 43
119672 119671 118949
119673 1 6779
119680 119679 118949
119681 1 6780
119692 119691 118949
119693 1 37
119700 119699 118949
119701 1 6781
119708 119707 118949
119709 1 44
119716 119715 118949
119717 1 6782
119724 119723 118949
119725 1 33
119768 119767 118949
119769 1 5
119788 119787 118949
119789 1 1
119793 119792 118949
119794 1 11
119798 119797 118949
119799 1 5
120178 120177 120176 120175 120174 120173 120172 120171
120206 120205 120196 120197
120207 1 1 1
120250 120241 120196 120197
120251 120249 120247 120244
120428 1 1 1 1 1 1 1 120427
120448 1 1 1 1 1 1 1 120447
120559 120557 120558
120560 1 1
120577 120575 120576
120578 1 1
120593 120591 120592
120594 1 1
120609 120607 120608
120610 1 1
120729 120727 120728
120730 1 1
120748 120747 100221
120749 1 4
120753 120752 100221
120754 4 4
120758 120757 100221
120759 1 5
120763 120762 100221
120764 1 42
120768 120767 100221
120769 1 43
120773 120772 100221
120774 1 6779
120778 120777 100221
120779 1 6780
120783 120782 100221
120784 1 37
120788 120787 100221
120789 1 6781
120793 120792 100221
120794 1 44
120798 120797 100221
120799 1 6782
120803 120802 100221
120804 1 33
120829 120828 120827 120826 120825 120824 120823 120822 120821
120973 120972 120954
120974 1 4
120983 1 1 1 1 1 1 120982 121169
121089 1 1 1 1 1 1 121088 121169
121277 1 1 1 1 1 121276 121268 121267
121296 1 1 1 1 1 121295 121272 121271
121383 1 1 1 1 1 121382 121268 121267
121402 1 1 1 1 1 121401 121272 121271
121491 1 1 1 1 1 121490 121268 121267
121510 1 1 1 1 1 121509 121272 121271
121599 1 1 1 1 1 121598 121268 121267
121618 1 1 1 1 1 121617 121272 121271
122181 122180 100221
122182 1 1
122186 122185 100221
122187 1 11
122191 122190 100221
122192 1 5
122196 122195 100221
122197 1 42
122201 122200 100221
122202 1 43
122206 122205 100221
122207 1 6779
122211 122210 100221
122212 1 6780
122216 122215 100221
122217 1 37
122221 122220 100221
122222 1 6781
122226 122225 100221
122227 1 44
122231 122230 100221
122232 1 6782
122236 122235 100221
122237 1 33
122590 122588 122589
122591 1 1
122622 122619 122615
122623 122621 99730
122637 1 1 121059 121060 121061 121062 121063
122638 122530 122531 122532 122533 122534 122535 122536
122640 1 1 121212 121211 121210 121209 121208
122641 122530 122531 122532 122533 122534 122535 122536
122643 1 1 121048 121049 121050 121051 121052
122644 122530 122531 122532 122533 122534 122535 122536
122646 1 1 121219 121218 121217 121216 121215
122647 122530 122531 122532 122533 122534 122535 122536
122677 122674 122615
122678 122676 99044
123018 123016 123017
123019 1 1
123062 123061 122890
123063 1 4
123067 123066 122890
123068 4 4
123072 123071 122890
123073 1 5
123077 123076 122890
123078 1 42
123082 123081 122890
123083 1 43
123087 123086 122890
123088 1 6779
123092 123091 122890
123093 1 6780
123097 123096 122890
123098 1 37
123102 123101 122890
123103 1 6781
123107 123106 122890
123108 1 44
123112 123111 122890
123113 1 6782
123117 123116 122890
123118 1 33
123133 123132 122890
123134 1 2
123138 123137 122890
123139 1 11
123202 36 36 34 123201 123201 123201 123201 123201 36 34 34 0 36 34 0 32
123273 123272 123268
123274 1 1
123317 123314 123278 123279 123280 123281 123282 123283 123284 123285
123318 123316 123310 123309 123308 123307 123306 123305 123304 123303
123325 123324 123263
123326 1 1
123331 123330 123263
123332 5 33
123343 123342 122890
123344 1 6778
123408 122959 122960 122961 122962 122963 122964 122965 122966 122967 122968
123409 123226 123227 123228 123229 123230 123231 123232 123233 123234 123235
123411 123256 123257
123412 1 4
123438 1 123256 123257
123439 1 11 42
123779 123778 122890
123780 1 1
123806 123804 123805
123807 1 1
123813 123812 122890
123814 1 41
123851 123848 99730
123852 123850 99044
123904 123903 123894 123895
123905 1 1 1
123937 123928 123894 123895
123938 123936 123934 123931
124025 124024 124023 124022 124021 124020 124019 124018
124055 124054 124045 124046
124056 4 33 33
124060 124059 124045 124046
124061 1 1 1
124065 124064 124045 124046
124066 1 1 4
124070 124069 124042 124043
124071 1 1 1
124091 124090 124089 124088 124087 124086 124085 124084
124121 124120 124111 124112
124122 4 33 33
124126 124125 124111 124112
124127 1 1 1
124131 124130 124111 124112
124132 1 1 4
124136 124135 124108 124109
124137 1 1 1
124288 124286 124287
124289 1 1
124518 124515 124500 124499 124498 124497 124496 124495 124494 124493 124492
124519 124517 124511 124510 124509 124508 124507 124506 124505 124504 124503
124537 124534 124500 124499 124498 124497 124496 124495 124494 124493 124492
124538 124536 124530 124529 124528 124527 124526 124525 124524 124523 124522
124556 124553 124500 124499 124498 124497 124496 124495 124494 124493 124492
124557 124555 124549 124548 124547 124546 124545 124544 124543 124542 124541
124610 124609 122890
124611 1 44
124615 124614 122890
124616 1 33
124621 124620 122890
124622 1 6781
124626 124625 122890
124627 1 6782
124632 124631 122890
124633 1 37
124637 124636 122890
124638 1 6779
124642 124641 122890
124643 1 6780
124648 124647 122890
124649 1 43
124687 124655 124656 124657 124658 124659 124660 124661 124662 124663 124664 124665 124666 124667 124668 124669 124670
124688 124671 124672 124673 124674 124675 124676 124677 124678 124679 124680 124681 124682 124683 124684 124685 124686
124696 1 124592 124593 124594 124595 124596 124597 124598 124599
124697 1 122979 122980 122981 122982 122983 122984 122985 122986
124699 124592 124593 124594 124595 124596 124597 124598 124599
124700 122979 122980 122981 122982 122983 122984 122985 122986
124702 1 124600 124601 124602 124603 124604 124605 124606 124607
124703 1 122987 122988 122989 122990 122991 122992 122993 122994
124714 1 124600 124601 124602 124603 124604 124605 124606 124607
124715 1 122987 122988 122989 122990 122991 122992 122993 122994
125028 125027 125026 125025 125024 125023 125022 125021
125057 125056 125047 125048
125058 4 33 33
125062 125061 125047 125048
125063 1 1 1
125067 125066 125047 125048
125068 1 1 4
125072 125071 125044 125045
125073 1 1 1
125165 1 1 1 1 1 1 125164 125271
125229 1 1 1 1 1 1 125228 125271
125548 125547 125546 125545 125544 125543 125542 125541 125540 125539 125538 125537 125536 125535 125534 125533 125532 125531 125530 125529 125528 125527 125526 125525 125524 125523 125522 125521 125520 125519 125518 125517 125516 125515 125514 125513 125512 125511 125510 125509 125508 125507 125506 125505 125504 125503 125502 125501 125500 125499 125498 125497 125496 125495 125494 125493 125492 125491 125490 125489 125488 125487 125486 125485 125484
126072 126008 126009 126010 126011 126012 126013 126014 126015 126016 126017 126018 126019 126020 126021 126022 126023 126024 126025 126026 126027 126028 126029 126030 126031 126032 126033 126034 126035 126036 126037 126038 126039 126040 126041 126042 126043 126044 126045 126046 126047 126048 126049 126050 126051 126052 126053 126054 126055 126056 126057 126058 126059 126060 126061 126062 126063 126064 126065 126066 126067 126068 126069 126070 126071
126075 125201 125202 125203 125204 125205
126076 163286 163287 163288 163289 163290
126146 126082 126083 126084 126085 126086 126087 126088 126089 126090 126091 126092 126093 126094 126095 126096 126097 126098 126099 126100 126101 126102 126103 126104 126105 126106 126107 126108 126109 126110 126111 126112 126113 126114 126115 126116 126117 126118 126119 126120 126121 126122 126123 126124 126125 126126 126127 126128 126129 126130 126131 126132 126133 126134 126135 126136 126137 126138 126139 126140 126141 126142 126143 126144 126145
126154 125196 125197 125198 125199 125200
126155 163286 163287 163288 163289 163290
126225 126161 126162 126163 126164 126165 126166 126167 126168 126169 126170 126171 126172 126173 126174 126175 126176 126177 126178 126179 126180 126181 126182 126183 126184 126185 126186 126187 126188 126189 126190 126191 126192 126193 126194 126195 126196 126197 126198 126199 126200 126201 126202 126203 126204 126205 126206 126207 126208 126209 126210 126211 126212 126213 126214 126215 126216 126217 126218 126219 126220 126221 126222 126223 126224
126233 125191 125192 125193 125194 125195
126234 163286 163287 163288 163289 163290
126304 126240 126241 126242 126243 126244 126245 126246 126247 126248 126249 126250 126251 126252 126253 126254 126255 126256 126257 126258 126259 126260 126261 126262 126263 126264 126265 126266 126267 126268 126269 126270 126271 126272 126273 126274 126275 126276 126277 126278 126279 126280 126281 126282 126283 126284 126285 126286 126287 126288 126289 126290 126291 126292 126293 126294 126295 126296 126297 126298 126299 126300 126301 126302 126303
126312 125186 125187 125188 125189 125190
126313 163286 163287 163288 163289 163290
126346 1 1 1 1 1 126345 126659 126660
126398 1 1 1 1 1 126397 126659 126660
126420 1 1 1 1 1 126419 126706 126707
126472 1 1 1 1 1 126471 126706 126707
126494 1 1 1 1 1 126493 126753 126754
126546 1 1 1 1 1 126545 126753 126754
126568 1 1 1 1 1 126567 126800 126801
126620 1 1 1 1 1 126619 126800 126801
127554 127532 127510 127488 127466 127444 127422 127400 127378 127356 127334 127312 127290 127268 127246 127224 127202
127555 127533 127511 127489 127467 127445 127423 127401 127379 127357 127335 127313 127291 127269 127247 127225 127203
127556 127534 127512 127490 127468 127446 127424 127402 127380 127358 127336 127314 127292 127270 127248 127226 127204
127560 127538 127516 127494 127472 127450 127428 127406 127384 127362 127340 127318 127296 127274 127252 127230 127208
127562 127540 127518 127496 127474 127452 127430 127408 127386 127364 127342 127320 127298 127276 127254 127232 127210
127564 127542 127520 127498 127476 127454 127432 127410 127388 127366 127344 127322 127300 127278 127256 127234 127212
127565 127543 127521 127499 127477 127455 127433 127411 127389 127367 127345 127323 127301 127279 127257 127235 127213
127566 127544 127522 127500 127478 127456 127434 127412 127390 127368 127346 127324 127302 127280 127258 127236 127214
127570 127548 127526 127504 127482 127460 127438 127416 127394 127372 127350 127328 127306 127284 127262 127240 127218
127571 127549 127527 127505 127483 127461 127439 127417 127395 127373 127351 127329 127307 127285 127263 127241 127219
127572 127550 127528 127506 127484 127462 127440 127418 127396 127374 127352 127330 127308 127286 127264 127242 127220
127580 127577 127134 127135 127136 127137 127138 127139 127140 127141 127142
127581 127579 127051 127052 127053 127054 127055 127056 127057 127058 127059
127637 127634 127134 127135 127136 127137 127138 127139 127140 127141 127142
127638 127636 127614 127615 127616 127617 127618 127619 127620 127621 127622
127651 127648 127592 127593
127652 127650 127620 127621
127658 127655 127642 127643
127659 127657 127602 127603
127715 127712 127668 127669
127716 127714 127684 127685
127722 127719 127690 127691
127723 127721 127678 127679
127745 127744 127690 127691
127746 1 1 4
127949 127946 127558 127559
127950 127948 127140 127141
127956 127953 127568 127569
127957 127955 127101 127102
128074 128071 127134 127135 127136 127137 127138 127139 127140 127141 127142
128075 128073 127696 127697 127698 127699 127700 127701 127684 127685 127702
129010 128988 128966 128944 128922 128900 128878 128856 128834 128812 128790 128768 128746 128724 128702 128680 128658
129011 128989 128967 128945 128923 128901 128879 128857 128835 128813 128791 128769 128747 128725 128703 128681 128659
129012 128990 128968 128946 128924 128902 128880 128858 128836 128814 128792 128770 128748 128726 128704 128682 128660
129016 128994 128972 128950 128928 128906 128884 128862 128840 128818 128796 128774 128752 128730 128708 128686 128664
129018 128996 128974 128952 128930 128908 128886 128864 128842 128820 128798 128776 128754 128732 128710 128688 128666
129020 128998 128976 128954 128932 128910 128888 128866 128844 128822 128800 128778 128756 128734 128712 128690 128668
129021 128999 128977 128955 128933 128911 128889 128867 128845 128823 128801 128779 128757 128735 128713 128691 128669
129022 129000 128978 128956 128934 128912 128890 128868 128846 128824 128802 128780 128758 128736 128714 128692 128670
129026 129004 128982 128960 128938 128916 128894 128872 128850 128828 128806 128784 128762 128740 128718 128696 128674
129027 129005 128983 128961 128939 128917 128895 128873 128851 128829 128807 128785 128763 128741 128719 128697 128675
129028 129006 128984 128962 128940 128918 128896 128874 128852 128830 128808 128786 128764 128742 128720 128698 128676
129036 129033 127134 127135 127136 127137 127138 127139 127140 127141 127142
129037 129035 127051 127052 127053 127054 127055 127056 127057 127058 127059
129073 129070 127134 127135 127136 127137 127138 127139 127140 127141 127142
129074 129072 127614 127615 127616 127617 127618 127619 127620 127621 127622
129087 129084 129048 129049
129088 129086 127620 127621
129094 129091 129078 129079
129095 129093 129058 129059
129131 129128 129104 129105
129132 129130 127684 127685
129138 129135 129122 129123
129139 129137 129114 129115
129161 129160 129122 129123
129162 1 1 4
129365 129362 129014 129015
129366 129364 127140 127141
129372 129369 129024 129025
129373 129371 132896 132895
129490 129487 127134 127135 127136 127137 127138 127139 127140 127141 127142
129491 129489 127696 127697 127698 127699 127700 127701 127684 127685 127702
130426 130404 130382 130360 130338 130316 130294 130272 130250 130228 130206 130184 130162 130140 130118 130096 130074
130427 130405 130383 130361 130339 130317 130295 130273 130251 130229 130207 130185 130163 130141 130119 130097 130075
130428 130406 130384 130362 130340 130318 130296 130274 130252 130230 130208 130186 130164 130142 130120 130098 130076
130432 130410 130388 130366 130344 130322 130300 130278 130256 130234 130212 130190 130168 130146 130124 130102 130080
130434 130412 130390 130368 130346 130324 130302 130280 130258 130236 130214 130192 130170 130148 130126 130104 130082
130436 130414 130392 130370 130348 130326 130304 130282 130260 130238 130216 130194 130172 130150 130128 130106 130084
130437 130415 130393 130371 130349 130327 130305 130283 130261 130239 130217 130195 130173 130151 130129 130107 130085
130438 130416 130394 130372 130350 130328 130306 130284 130262 130240 130218 130196 130174 130152 130130 130108 130086
130442 130420 130398 130376 130354 130332 130310 130288 130266 130244 130222 130200 130178 130156 130134 130112 130090
130443 130421 130399 130377 130355 130333 130311 130289 130267 130245 130223 130201 130179 130157 130135 130113 130091
130444 130422 130400 130378 130356 130334 130312 130290 130268 130246 130224 130202 130180 130158 130136 130114 130092
130452 130449 127134 127135 127136 127137 127138 127139 127140 127141 127142
130453 130451 127051 127052 127053 127054 127055 127056 127057 127058 127059
130489 130486 127134 127135 127136 127137 127138 127139 127140 127141 127142
130490 130488 127614 127615 127616 127617 127618 127619 127620 127621 127622
130503 130500 130464 130465
130504 130502 127620 127621
130510 130507 130494 130495
130511 130509 130474 130475
130547 130544 130520 130521
130548 130546 127684 127685
130554 130551 130538 130539
130555 130553 130530 130531
130577 130576 130538 130539
130578 1 1 4
130781 130778 130430 130431
130782 130780 127140 127141
130788 130785 130440 130441
130789 130787 127096 127097
130906 130903 127134 127135 127136 127137 127138 127139 127140 127141 127142
130907 130905 127696 127697 127698 127699 127700 127701 127684 127685 127702
131842 131820 131798 131776 131754 131732 131710 131688 131666 131644 131622 131600 131578 131556 131534 131512 131490
131843 131821 131799 131777 131755 131733 131711 131689 131667 131645 131623 131601 131579 131557 131535 131513 131491
131844 131822 131800 131778 131756 131734 131712 131690 131668 131646 131624 131602 131580 131558 131536 131514 131492
131848 131826 131804 131782 131760 131738 131716 131694 131672 131650 131628 131606 131584 131562 131540 131518 131496
131850 131828 131806 131784 131762 131740 131718 131696 131674 131652 131630 131608 131586 131564 131542 131520 131498
131852 131830 131808 131786 131764 131742 131720 131698 131676 131654 131632 131610 131588 131566 131544 131522 131500
131853 131831 131809 131787 131765 131743 131721 131699 131677 131655 131633 131611 131589 131567 131545 131523 131501
131854 131832 131810 131788 131766 131744 131722 131700 131678 131656 131634 131612 131590 131568 131546 131524 131502
131858 131836 131814 131792 131770 131748 131726 131704 131682 131660 131638 131616 131594 131572 131550 131528 131506
131859 131837 131815 131793 131771 131749 131727 131705 131683 131661 131639 131617 131595 131573 131551 131529 131507
131860 131838 131816 131794 131772 131750 131728 131706 131684 131662 131640 131618 131596 131574 131552 131530 131508
131868 131865 127134 127135 127136 127137 127138 127139 127140 127141 127142
131869 131867 127051 127052 127053 127054 127055 127056 127057 127058 127059
131905 131902 127134 127135 127136 127137 127138 127139 127140 127141 127142
131906 131904 127614 127615 127616 127617 127618 127619 127620 127621 127622
131919 131916 131880 131881
131920 131918 127620 127621
131926 131923 131910 131911
131927 131925 131890 131891
131963 131960 131936 131937
131964 131962 127684 127685
131970 131967 131954 131955
131971 131969 131946 131947
131993 131992 131954 131955
131994 1 1 4
132197 132194 131846 131847
132198 132196 127140 127141
132204 132201 131856 131857
132205 132203 132901 132900
132322 132319 127134 127135 127136 127137 127138 127139 127140 127141 127142
132323 132321 127696 127697 127698 127699 127700 127701 127684 127685 127702
133094 133086 133080
133095 133093 133089
133100 133099 133080
133101 5 33
133124 1 1 1 1 1 1 133123 133607
133148 1 1 1 1 1 1 133147 133143
133175 1 1 1 1 1 1 133174 133640
133199 1 1 1 1 1 1 133198 133194
133231 1 1 1 1 1 1 133230 133226
133294 1 1 1 1 1 1 133293 133531
133407 133404 133378
133408 133406 133374
133417 133414 133387
133418 133416 133374
133426 133423 133396
133427 133425 133374
133435 133432 133271
133436 133434 133374
133489 133488 133473 133474 133475 133476
133490 1 1 1 1 4
133501 133500 133475 133476
133502 1 1 1
133695 133687 133652
133696 133694 133690
133707 133699 133660
133708 133706 133702
133721 133713 133656
133722 133720 133716
133733 133725 133664
133734 133732 133728
133925 133917 133911
133926 133924 133920
133931 133930 133911
133932 5 33
133956 1 1 1 1 1 1 133955 134407
133975 1 1 1 1 1 1 133974 133940
134002 1 1 1 1 1 1 134001 134435
134021 1 1 1 1 1 1 134020 133940
134048 1 1 1 1 1 1 134047 133940
134111 1 1 1 1 1 1 134110 134344
134224 134221 134195
134225 134223 134191
134234 134231 134204
134235 134233 134191
134243 134240 134213
134244 134242 134191
134252 134249 134088
134253 134251 134191
134306 134305 134290 134291 134292 134293
134307 1 1 1 1 4
134318 134317 134292 134293
134319 1 1 1
134485 134482 134447
134486 134484 134338
134492 134489 134455
134493 134491 134329
134501 134498 134451
134502 134500 134338
134508 134505 134459
134509 134507 134329
134686 134675 134676
134687 134685 134683
134689 134675 134676
134690 33 33
134714 1 1 1 1 1 1 135067 135068
134731 1 1 1 1 1 1 134702 134703
134756 1 1 1 1 1 1 135095 135096
134773 1 1 1 1 1 1 134702 134703
134798 1 1 1 1 1 1 134702 134703
134835 1 1 1 1 1 1 135004 135005
134874 134869 134873
134875 134854 134855
134888 134883 134887
134889 134854 134855
134901 134896 134900
134902 134854 134855
134914 134909 134913
134915 134854 134855
134966 134951 134952 134953 134954 134955
134967 1 1 1 1 4
134977 134976 134954 134955
134978 1 1 1
135142 135107 135108
135143 135002 135003
135145 135115 135116
135146 134992 134993
135150 135111 135112
135151 135002 135003
135153 135119 135120
135154 134992 134993
135331 135320 135321
135332 135330 135328
135334 135320 135321
135335 33 33
135361 1 1 1 1 1 1 135716 135717
135378 1 1 1 1 1 1 135349 135350
135403 1 1 1 1 1 1 135744 135745
135420 1 1 1 1 1 1 135349 135350
135445 1 1 1 1 1 1 135349 135350
135482 1 1 1 1 1 1 135653 135654
135521 135516 135520
135522 135501 135502
135535 135530 135534
135536 135501 135502
135548 135543 135547
135549 135501 135502
135561 135556 135560
135562 135501 135502
135613 135598 135599 135600 135601 135602
135614 1 1 1 1 4
135624 135623 135601 135602
135625 1 1 1
135791 135756 135757
135792 135651 135652
135794 135764 135765
135795 135641 135642
135799 135760 135761
135800 135651 135652
135802 135768 135769
135803 135641 135642
135984 135976 135970
135985 135983 135979
135990 135989 135970
135991 5 33
136090 1 1 1 1 1 1 136089 136659
136109 1 1 1 1 1 1 136108 136033
136136 1 1 1 1 1 1 136135 136687
136155 1 1 1 1 1 1 136154 136033
136182 1 1 1 1 1 1 136181 136033
136260 1 1 1 1 1 1 136259 136592
136397 136394 136366 136365
136398 136396 136359 136360
136407 136404 136239 136240
136408 136406 136359 136360
136416 136413 136379 136378
136417 136415 136359 136360
136425 136422 136389 136388
136426 136424 136359 136360
136479 136478 136463 136464 136465 136466
136480 1 1 1 1 4
136491 136490 136465 136466
136492 1 1 1
136741 136738 136699 136700
136742 136740 136589 136590
136748 136745 136711
136749 136747 136536
136757 136754 136705 136706
136758 136756 136589 136590
136764 136761 136715
136765 136763 136536
136948 136940 136934
136949 136947 136943
136954 136953 136934
136955 5 33
137135 1 1 1 1 1 1 137134 137785
137154 1 1 1 1 1 1 137153 137040
137181 1 1 1 1 1 1 137180 137813
137200 1 1 1 1 1 1 137199 137040
137227 1 1 1 1 1 1 137226 137040
137305 1 1 1 1 1 1 137304 137718
137442 137439 137411 137410
137443 137441 137404 137405
137452 137449 137284 137285
137453 137451 137404 137405
137461 137458 137424 137423
137462 137460 137404 137405
137470 137467 137434 137433
137471 137469 137404 137405
137524 137523 137508 137509 137510 137511
137525 1 1 1 1 4
137536 137535 137510 137511
137537 1 1 1
137867 137864 137825 137826
137868 137866 137715 137716
137874 137871 137837
137875 137873 137624
137883 137880 137831 137832
137884 137882 137715 137716
137890 137887 137841
137891 137889 137624
138204 138203 138202
138332 138330 138331
138339 138338 138261
138340 1 1
138489 138488 138487
138617 138615 138616
138624 138623 138546
138625 1 1
138770 138769 138768
138898 138896 138897
138905 138904 138827
138906 1 1
139051 139050 139049
139179 139177 139178
139186 139185 139108
139187 1 1
139459 139458 139457
140203 140195 140189
140204 140202 140198
140209 140208 140189
140210 5 33
140216 1 1 1 1 1 1 140215 141330
140384 1 1 1 1 1 1 140383 143077
140594 1 1 1 1 1 1 140593 141367
140762 1 1 1 1 1 1 140761 143077
140972 1 1 1 1 1 1 140971 141312
141041 1 1 1 1 1 1 141040 143077
141120 1 1 1 1 1 1 141119 141321
141189 1 1 1 1 1 1 141188 143077
141268 1 1 1 1 1 1 141267 140131
141281 1 1 1 1 1 1 141280 141404
141419 141416 140344 140345 140346 140347 140348 140349 140350
141420 141418 141413 141412 141411 141410 141409 141408 141407
141426 141423 140722 140723 140724 140725 140726 140727 140728
141427 141425 141413 141412 141411 141410 141409 141408 141407
141433 141430 141342 141341 141340 141339 141338 141337 141336
141434 141432 141413 141412 141411 141410 141409 141408 141407
141440 141437 141379 141378 141377 141376 141375 141374 141373
141441 141439 141413 141412 141411 141410 141409 141408 141407
141447 141444 141353 141352 141351 141350 141349 141348 141347
141448 141446 141413 141412 141411 141410 141409 141408 141407
141454 141451 141390 141389 141388 141387 141386 141385 141384
141455 141453 141413 141412 141411 141410 141409 141408 141407
141461 141458 141363 141362 141361 141360 141359 141358 141357
141462 141460 141413 141412 141411 141410 141409 141408 141407
141468 141465 141400 141399 141398 141397 141396 141395 141394
141469 141467 141413 141412 141411 141410 141409 141408 141407
141539 140073 143657 143658 143659 143660 133897 133898 133899 133900 133901
141540 141538 141536 141533 141530 141527 141524 141521 141507 141508 141509
141705 140073 143657 143658 143659 143660 133897 133898 133899 133900 133901
141706 141704 141702 141699 141696 141693 141690 141687 141673 141674 141675
141708 141707 141707 141707 141707 141707 141707 141707 141707 141707 141707
141709 1 1 1 1 1 1 1 1 1 41
141876 140073 143657 143658 143659 143660 133897 133898 133899 133900 133901
141877 141875 141873 141870 141867 141864 141861 141858 141844 141845 141846
141879 141878 141878 141878 141878 141878 141878 141878 141878 141878 141878
141880 1 1 1 1 1 1 1 1 1 42
142045 140073 143657 143658 143659 143660 133897 133898 133899 133900 133901
142046 142044 142042 142039 142036 142033 142030 142027 142013 142014 142015
142048 142047 142047 142047 142047 142047 142047 142047 142047 142047 142047
142049 1 1 1 1 1 1 1 1 1 11
142866 132974 132975 132976 132977 132978 132979 132980 132981 132982 132983
142867 142865 142863 142860 142857 142854 142851 142848 142845 142842 142839
142869 140075 140076 140077 140078 140079 140080 140081 140082 140083 140084
142870 142868 142868 142868 142868 142868 142868 142868 142868 142868 142868
142875 142873 142871 142871 142871 142871 142871 142871 142871 142871 142871 142871
142876 142874 1 1 1 1 1 1 1 33 33 33
142882 142880 142871 142871 142871 142871 142871 142871 142871 142871 142871 142871
142883 142881 33 33 33 33 33 33 33 1 1 1
143282 143271 143262 143263
143283 143281 143277 143274
143288 143287 143262 143263
143289 5 33 33
143295 1 1 1 1 1 143294 143338 143337
143310 1 1 1 1 1 143309 143514 143515
143402 143399 143367 143368
143403 143401 143209 143210
143410 143407 143373 143374
143411 143409 143209 143210
146546 146543 143730 143731 143732 143733 143734 143735 143736 143737 143738
146547 146545 143601 143602 143603 143604 143605 143606 143607 143608 143609
146553 146550 143874 143875 143876 143877 143878 143879 143880 143881 143882
146554 146552 143601 143602 143603 143604 143605 143606 143607 143608 143609
146560 146557 144018 144019 144020 144021 144022 144023 144024 144025 144026
146561 146559 143601 143602 143603 143604 143605 143606 143607 143608 143609
146567 146564 144162 144163 144164 144165 144166 144167 144168 144169 144170
146568 146566 143601 143602 143603 143604 143605 143606 143607 143608 143609
146574 146571 144306 144307 144308 144309 144310 144311 144312 144313 144314
146575 146573 143601 143602 143603 143604 143605 143606 143607 143608 143609
146581 146578 144450 144451 144452 144453 144454 144455 144456 144457 144458
146582 146580 143601 143602 143603 143604 143605 143606 143607 143608 143609
146588 146585 144594 144595 144596 144597 144598 144599 144600 144601 144602
146589 146587 143601 143602 143603 143604 143605 143606 143607 143608 143609
146595 146592 144738 144739 144740 144741 144742 144743 144744 144745 144746
146596 146594 143601 143602 143603 143604 143605 143606 143607 143608 143609
146602 146599 144882 144883 144884 144885 144886 144887 144888 144889 144890
146603 146601 143601 143602 143603 143604 143605 143606 143607 143608 143609
146609 146606 145026 145027 145028 145029 145030 145031 145032 145033 145034
146610 146608 143601 143602 143603 143604 143605 143606 143607 143608 143609
146616 146613 145170 145171 145172 145173 145174 145175 145176 145177 145178
146617 146615 143601 143602 143603 143604 143605 143606 143607 143608 143609
146623 146620 145314 145315 145316 145317 145318 145319 145320 145321 145322
146624 146622 143601 143602 143603 143604 143605 143606 143607 143608 143609
146630 146627 145458 145459 145460 145461 145462 145463 145464 145465 145466
146631 146629 143601 143602 143603 143604 143605 143606 143607 143608 143609
146637 146634 145602 145603 145604 145605 145606 145607 145608 145609 145610
146638 146636 143601 143602 143603 143604 143605 143606 143607 143608 143609
146644 146641 145746 145747 145748 145749 145750 145751 145752 145753 145754
146645 146643 143601 143602 143603 143604 143605 143606 143607 143608 143609
146651 146648 145890 145891 145892 145893 145894 145895 145896 145897 145898
146652 146650 143601 143602 143603 143604 143605 143606 143607 143608 143609
146658 146655 143766 143767 143768 143769 143770 143771 143772 143773 143774
146659 146657 143601 143602 143603 143604 143605 143606 143607 143608 143609
146665 146662 143910 143911 143912 143913 143914 143915 143916 143917 143918
146666 146664 143601 143602 143603 143604 143605 143606 143607 143608 143609
146672 146669 144054 144055 144056 144057 144058 144059 144060 144061 144062
146673 146671 143601 143602 143603 143604 143605 143606 143607 143608 143609
146679 146676 144198 144199 144200 144201 144202 144203 144204 144205 144206
146680 146678 143601 143602 143603 143604 143605 143606 143607 143608 143609
146686 146683 144342 144343 144344 144345 144346 144347 144348 144349 144350
146687 146685 143601 143602 143603 143604 143605 143606 143607 143608 143609
146693 146690 144486 144487 144488 144489 144490 144491 144492 144493 144494
146694 146692 143601 143602 143603 143604 143605 143606 143607 143608 143609
146700 146697 144630 144631 144632 144633 144634 144635 144636 144637 144638
146701 146699 143601 143602 143603 143604 143605 143606 143607 143608 143609
146707 146704 144774 144775 144776 144777 144778 144779 144780 144781 144782
146708 146706 143601 143602 143603 143604 143605 143606 143607 143608 143609
146714 146711 144918 144919 144920 144921 144922 144923 144924 144925 144926
146715 146713 143601 143602 143603 143604 143605 143606 143607 143608 143609
146721 146718 145062 145063 145064 145065 145066 145067 145068 145069 145070
146722 146720 143601 143602 143603 143604 143605 143606 143607 143608 143609
146728 146725 145206 145207 145208 145209 145210 145211 145212 145213 145214
146729 146727 143601 143602 143603 143604 143605 143606 143607 143608 143609
146735 146732 145350 145351 145352 145353 145354 145355 145356 145357 145358
146736 146734 143601 143602 143603 143604 143605 143606 143607 143608 143609
146742 146739 145494 145495 145496 145497 145498 145499 145500 145501 145502
146743 146741 143601 143602 143603 143604 143605 143606 143607 143608 143609
146749 146746 145638 145639 145640 145641 145642 145643 145644 145645 145646
146750 146748 143601 143602 143603 143604 143605 143606 143607 143608 143609
146756 146753 145782 145783 145784 145785 145786 145787 145788 145789 145790
146757 146755 143601 143602 143603 143604 143605 143606 143607 143608 143609
146763 146760 145926 145927 145928 145929 145930 145931 145932 145933 145934
146764 146762 143601 143602 143603 143604 143605 143606 143607 143608 143609
146770 146767 143802 143803 143804 143805 143806 143807 143808 143809 143810
146771 146769 143601 143602 143603 143604 143605 143606 143607 143608 143609
146777 146774 143946 143947 143948 143949 143950 143951 143952 143953 143954
146778 146776 143601 143602 143603 143604 143605 143606 143607 143608 143609
146784 146781 144090 144091 144092 144093 144094 144095 144096 144097 144098
146785 146783 143601 143602 143603 143604 143605 143606 143607 143608 143609
146791 146788 144234 144235 144236 144237 144238 144239 144240 144241 144242
146792 146790 143601 143602 143603 143604 143605 143606 143607 143608 143609
146798 146795 144378 144379 144380 144381 144382 144383 144384 144385 144386
146799 146797 143601 143602 143603 143604 143605 143606 143607 143608 143609
146805 146802 144522 144523 144524 144525 144526 144527 144528 144529 144530
146806 146804 143601 143602 143603 143604 143605 143606 143607 143608 143609
146812 146809 144666 144667 144668 144669 144670 144671 144672 144673 144674
146813 146811 143601 143602 143603 143604 143605 143606 143607 143608 143609
146819 146816 144810 144811 144812 144813 144814 144815 144816 144817 144818
146820 146818 143601 143602 143603 143604 143605 143606 143607 143608 143609
146826 146823 144954 144955 144956 144957 144958 144959 144960 144961 144962
146827 146825 143601 143602 143603 143604 143605 143606 143607 143608 143609
146833 146830 145098 145099 145100 145101 145102 145103 145104 145105 145106
146834 146832 143601 143602 143603 143604 143605 143606 143607 143608 143609
146840 146837 145242 145243 145244 145245 145246 145247 145248 145249 145250
146841 146839 143601 143602 143603 143604 143605 143606 143607 143608 143609
146847 146844 145386 145387 145388 145389 145390 145391 145392 145393 145394
146848 146846 143601 143602 143603 143604 143605 143606 143607 143608 143609
146854 146851 145530 145531 145532 145533 145534 145535 145536 145537 145538
146855 146853 143601 143602 143603 143604 143605 143606 143607 143608 143609
146861 146858 145674 145675 145676 145677 145678 145679 145680 145681 145682
146862 146860 143601 143602 143603 143604 143605 143606 143607 143608 143609
146868 146865 145818 145819 145820 145821 145822 145823 145824 145825 145826
146869 146867 143601 143602 143603 143604 143605 143606 143607 143608 143609
146875 146872 145962 145963 145964 145965 145966 145967 145968 145969 145970
146876 146874 143601 143602 143603 143604 143605 143606 143607 143608 143609
146882 146879 143838 143839 143840 143841 143842 143843 143844 143845 143846
146883 146881 143601 143602 143603 143604 143605 143606 143607 143608 143609
146889 146886 143982 143983 143984 143985 143986 143987 143988 143989 143990
146890 146888 143601 143602 143603 143604 143605 143606 143607 143608 143609
146896 146893 144126 144127 144128 144129 144130 144131 144132 144133 144134
146897 146895 143601 143602 143603 143604 143605 143606 143607 143608 143609
146903 146900 144270 144271 144272 144273 144274 144275 144276 144277 144278
146904 146902 143601 143602 143603 143604 143605 143606 143607 143608 143609
146910 146907 144414 144415 144416 144417 144418 144419 144420 144421 144422
146911 146909 143601 143602 143603 143604 143605 143606 143607 143608 143609
146917 146914 144558 144559 144560 144561 144562 144563 144564 144565 144566
146918 146916 143601 143602 143603 143604 143605 143606 143607 143608 143609
146924 146921 144702 144703 144704 144705 144706 144707 144708 144709 144710
146925 146923 143601 143602 143603 143604 143605 143606 143607 143608 143609
146931 146928 144846 144847 144848 144849 144850 144851 144852 144853 144854
146932 146930 143601 143602 143603 143604 143605 143606 143607 143608 143609
146938 146935 144990 144991 144992 144993 144994 144995 144996 144997 144998
146939 146937 143601 143602 143603 143604 143605 143606 143607 143608 143609
146945 146942 145134 145135 145136 145137 145138 145139 145140 145141 145142
146946 146944 143601 143602 143603 143604 143605 143606 143607 143608 143609
146952 146949 145278 145279 145280 145281 145282 145283 145284 145285 145286
146953 146951 143601 143602 143603 143604 143605 143606 143607 143608 143609
146959 146956 145422 145423 145424 145425 145426 145427 145428 145429 145430
146960 146958 143601 143602 143603 143604 143605 143606 143607 143608 143609
146966 146963 145566 145567 145568 145569 145570 145571 145572 145573 145574
146967 146965 143601 143602 143603 143604 143605 143606 143607 143608 143609
146973 146970 145710 145711 145712 145713 145714 145715 145716 145717 145718
146974 146972 143601 143602 143603 143604 143605 143606 143607 143608 143609
146980 146977 145854 145855 145856 145857 145858 145859 145860 145861 145862
146981 146979 143601 143602 143603 143604 143605 143606 143607 143608 143609
146987 146984 145998 145999 146000 146001 146002 146003 146004 146005 146006
146988 146986 143601 143602 143603 143604 143605 143606 143607 143608 143609
147119 146510 146478 146446 146414 146382 146350 146318 146286 146254 146222 146190 146158 146126 146094 146062 146030
147120 146511 146479 146447 146415 146383 146351 146319 146287 146255 146223 146191 146159 146127 146095 146063 146031
147121 146512 146480 146448 146416 146384 146352 146320 146288 146256 146224 146192 146160 146128 146096 146064 146032
147122 146513 146481 146449 146417 146385 146353 146321 146289 146257 146225 146193 146161 146129 146097 146065 146033
147155 140073 143657 143658 143659 143660 133897 133898 133899 133900 133901
147156 147154 147152 147149 147146 147143 147140 147137 147124 147125 147126
147158 145886 145742 145598 145454 145310 145166 145022 144878 144734 144590 144446 144302 144158 144014 143870 143726
147160 145919 145775 145631 145487 145343 145199 145055 144911 144767 144623 144479 144335 144191 144047 143903 143759
147168 146518 146486 146454 146422 146390 146358 146326 146294 146262 146230 146198 146166 146134 146102 146070 146038
147169 146519 146487 146455 146423 146391 146359 146327 146295 146263 146231 146199 146167 146135 146103 146071 146039
147170 146520 146488 146456 146424 146392 146360 146328 146296 146264 146232 146200 146168 146136 146104 146072 146040
147171 146521 146489 146457 146425 146393 146361 146329 146297 146265 146233 146201 146169 146137 146105 146073 146041
147204 140073 143657 143658 143659 143660 133897 133898 133899 133900 133901
147205 147203 147201 147198 147195 147192 147189 147186 147173 147174 147175
147207 147206 147206 147206 147206 147206 147206 147206 147206 147206 147206
147208 1 1 1 1 1 1 1 1 1 41
147210 145922 145778 145634 145490 145346 145202 145058 144914 144770 144626 144482 144338 144194 144050 143906 143762
147212 145955 145811 145667 145523 145379 145235 145091 144947 144803 144659 144515 144371 144227 144083 143939 143795
147220 146526 146494 146462 146430 146398 146366 146334 146302 146270 146238 146206 146174 146142 146110 146078 146046
147221 146527 146495 146463 146431 146399 146367 146335 146303 146271 146239 146207 146175 146143 146111 146079 146047
147222 146528 146496 146464 146432 146400 146368 146336 146304 146272 146240 146208 146176 146144 146112 146080 146048
147223 146529 146497 146465 146433 146401 146369 146337 146305 146273 146241 146209 146177 146145 146113 146081 146049
147256 140073 143657 143658 143659 143660 133897 133898 133899 133900 133901
147257 147255 147253 147250 147247 147244 147241 147238 147225 147226 147227
147259 147258 147258 147258 147258 147258 147258 147258 147258 147258 147258
147260 1 1 1 1 1 1 1 1 1 42
147262 145958 145814 145670 145526 145382 145238 145094 144950 144806 144662 144518 144374 144230 144086 143942 143798
147264 145991 145847 145703 145559 145415 145271 145127 144983 144839 144695 144551 144407 144263 144119 143975 143831
147272 146534 146502 146470 146438 146406 146374 146342 146310 146278 146246 146214 146182 146150 146118 146086 146054
147273 146535 146503 146471 146439 146407 146375 146343 146311 146279 146247 146215 146183 146151 146119 146087 146055
147274 146536 146504 146472 146440 146408 146376 146344 146312 146280 146248 146216 146184 146152 146120 146088 146056
147275 146537 146505 146473 146441 146409 146377 146345 146313 146281 146249 146217 146185 146153 146121 146089 146057
147308 140073 143657 143658 143659 143660 133897 133898 133899 133900 133901
147309 147307 147305 147302 147299 147296 147293 147290 147277 147278 147279
147311 147310 147310 147310 147310 147310 147310 147310 147310 147310 147310
147312 1 1 1 1 1 1 1 1 1 11
147314 145994 145850 145706 145562 145418 145274 145130 144986 144842 144698 144554 144410 144266 144122 143978 143834
147316 146027 145883 145739 145595 145451 145307 145163 145019 144875 144731 144587 144443 144299 144155 144011 143867
150139 150125 132981 132982 132983
150140 150138 150136 150133 150130
150148 150145 140082 140083 140084
150149 150147 150141 150141 150141
152567 152564 187006
152568 152566 164873
152613 152543 152523 152503 152483 152463 152443 152423 152403 152383 152363 152343 152323 152303 152283 152263 152243 152223 152203 152183 152163 152143 152123 152103 152083 152063 152043 152023 152003 151983 151963 151943 151923
152614 152544 152524 152504 152484 152464 152444 152424 152404 152384 152364 152344 152324 152304 152284 152264 152244 152224 152204 152184 152164 152144 152124 152104 152084 152064 152044 152024 152004 151984 151964 151944 151924
152615 152545 152525 152505 152485 152465 152445 152425 152405 152385 152365 152345 152325 152305 152285 152265 152245 152225 152205 152185 152165 152145 152125 152105 152085 152065 152045 152025 152005 151985 151965 151945 151925
152616 152546 152526 152506 152486 152466 152446 152426 152406 152386 152366 152346 152326 152306 152286 152266 152246 152226 152206 152186 152166 152146 152126 152106 152086 152066 152046 152026 152006 151986 151966 151946 151926
152617 152547 152527 152507 152487 152467 152447 152427 152407 152387 152367 152347 152327 152307 152287 152267 152247 152227 152207 152187 152167 152147 152127 152107 152087 152067 152047 152027 152007 151987 151967 151947 151927
152618 152548 152528 152508 152488 152468 152448 152428 152408 152388 152368 152348 152328 152308 152288 152268 152248 152228 152208 152188 152168 152148 152128 152108 152088 152068 152048 152028 152008 151988 151968 151948 151928
152619 152549 152529 152509 152489 152469 152449 152429 152409 152389 152369 152349 152329 152309 152289 152269 152249 152229 152209 152189 152169 152149 152129 152109 152089 152069 152049 152029 152009 151989 151969 151949 151929
152620 152550 152530 152510 152490 152470 152450 152430 152410 152390 152370 152350 152330 152310 152290 152270 152250 152230 152210 152190 152170 152150 152130 152110 152090 152070 152050 152030 152010 151990 151970 151950 151930
152621 152551 152531 152511 152491 152471 152451 152431 152411 152391 152371 152351 152331 152311 152291 152271 152251 152231 152211 152191 152171 152151 152131 152111 152091 152071 152051 152031 152011 151991 151971 151951 151931
152622 152552 152532 152512 152492 152472 152452 152432 152412 152392 152372 152352 152332 152312 152292 152272 152252 152232 152212 152192 152172 152152 152132 152112 152092 152072 152052 152032 152012 151992 151972 151952 151932
152645 152644 187006
152646 1 1
152661 152660 187006
152662 1 4
152677 152676 187006
152678 1 41
152693 152692 187006
152694 1 2
152709 152708 187006
152710 1 42
152725 152724 187006
152726 1 6778
152741 152740 187006
152742 1 11
152757 152756 187006
152758 1 5
152773 152772 187006
152774 1 37
152789 152788 187006
152790 1 43
152805 152804 187006
152806 1 6779
152821 152820 187006
152822 1 6780
152837 152836 187006
152838 1 6781
152853 152852 187006
152854 1 44
152869 152868 187006
152870 1 6782
152885 152884 187006
152886 1 33
152901 152900 187006
152902 4 1
152917 152916 187006
152918 4 4
152933 152932 187006
152934 4 41
152949 152948 187006
152950 4 2
152965 152964 187006
152966 4 42
152981 152980 187006
152982 4 6778
152997 152996 187006
152998 4 11
153013 153012 187006
153014 4 5
153029 153028 187006
153030 4 37
153045 153044 187006
153046 4 43
153061 153060 187006
153062 4 6779
153077 153076 187006
153078 4 6780
153093 153092 187006
153094 4 6781
153109 153108 187006
153110 4 44
153125 153124 187006
153126 4 6782
153141 153140 187006
153142 4 33
154321 154320 154312 154313 154314 154315 154316 154317 154318
154322 1 1 1 1 1 1 1 1
154350 154347 154205 154204 154203 154202 154201 154200 154199
154351 154349 154343 154342 154341 154340 154339 154338 154337
154421 154420 154412 154413 154414 154415 154416 154417 154418
154422 1 1 1 1 1 1 1 1
154446 154443 154205 154204 154203 154202 154201 154200 154199
154447 154445 154439 154438 154437 154436 154435 154434 154433
154517 154516 154508 154509 154510 154511 154512 154513 154514
154518 1 1 1 1 1 1 1 1
154603 154602 154594 154595 154596 154597 154598 154599 154600
154604 1 1 1 1 1 1 1 1
154680 154679 154671 154672 154673 154674 154675 154676 154677
154681 1 1 1 1 1 1 1 1
154825 154824 154816 154817 154818 154819 154820 154821 154822
154826 1 1 1 1 1 1 1 1
154853 154850 154205 154204 154203 154202 154201 154200 154199
154854 154852 154846 154845 154844 154843 154842 154841 154840
154924 154923 154915 154916 154917 154918 154919 154920 154921
154925 1 1 1 1 1 1 1 1
154949 154946 154205 154204 154203 154202 154201 154200 154199
154950 154948 154942 154941 154940 154939 154938 154937 154936
155020 155019 155011 155012 155013 155014 155015 155016 155017
155021 1 1 1 1 1 1 1 1
155106 155105 155097 155098 155099 155100 155101 155102 155103
155107 1 1 1 1 1 1 1 1
155183 155182 155174 155175 155176 155177 155178 155179 155180
155184 1 1 1 1 1 1 1 1
155328 155327 155319 155320 155321 155322 155323 155324 155325
155329 1 1 1 1 1 1 1 1
155356 155353 154205 154204 154203 154202 154201 154200 154199
155357 155355 155349 155348 155347 155346 155345 155344 155343
155427 155426 155418 155419 155420 155421 155422 155423 155424
155428 1 1 1 1 1 1 1 1
155452 155449 154205 154204 154203 154202 154201 154200 154199
155453 155451 155445 155444 155443 155442 155441 155440 155439
155523 155522 155514 155515 155516 155517 155518 155519 155520
155524 1 1 1 1 1 1 1 1
155609 155608 155600 155601 155602 155603 155604 155605 155606
155610 1 1 1 1 1 1 1 1
155686 155685 155677 155678 155679 155680 155681 155682 155683
155687 1 1 1 1 1 1 1 1
155831 155830 155822 155823 155824 155825 155826 155827 155828
155832 1 1 1 1 1 1 1 1
155859 155856 154205 154204 154203 154202 154201 154200 154199
155860 155858 155852 155851 155850 155849 155848 155847 155846
155930 155929 155921 155922 155923 155924 155925 155926 155927
155931 1 1 1 1 1 1 1 1
155955 155952 154205 154204 154203 154202 154201 154200 154199
155956 155954 155948 155947 155946 155945 155944 155943 155942
156026 156025 156017 156018 156019 156020 156021 156022 156023
156027 1 1 1 1 1 1 1 1
156112 156111 156103 156104 156105 156106 156107 156108 156109
156113 1 1 1 1 1 1 1 1
156189 156188 156180 156181 156182 156183 156184 156185 156186
156190 1 1 1 1 1 1 1 1
156334 156333 156325 156326 156327 156328 156329 156330 156331
156335 1 1 1 1 1 1 1 1
156362 156359 154205 154204 154203 154202 154201 154200 154199
156363 156361 156355 156354 156353 156352 156351 156350 156349
156433 156432 156424 156425 156426 156427 156428 156429 156430
156434 1 1 1 1 1 1 1 1
156458 156455 154205 154204 154203 154202 154201 154200 154199
156459 156457 156451 156450 156449 156448 156447 156446 156445
156529 156528 156520 156521 156522 156523 156524 156525 156526
156530 1 1 1 1 1 1 1 1
156615 156614 156606 156607 156608 156609 156610 156611 156612
156616 1 1 1 1 1 1 1 1
156692 156691 156683 156684 156685 156686 156687 156688 156689
156693 1 1 1 1 1 1 1 1
156837 156836 156828 156829 156830 156831 156832 156833 156834
156838 1 1 1 1 1 1 1 1
156865 156862 154205 154204 154203 154202 154201 154200 154199
156866 156864 156858 156857 156856 156855 156854 156853 156852
156936 156935 156927 156928 156929 156930 156931 156932 156933
156937 1 1 1 1 1 1 1 1
156961 156958 154205 154204 154203 154202 154201 154200 154199
156962 156960 156954 156953 156952 156951 156950 156949 156948
157032 157031 157023 157024 157025 157026 157027 157028 157029
157033 1 1 1 1 1 1 1 1
157118 157117 157109 157110 157111 157112 157113 157114 157115
157119 1 1 1 1 1 1 1 1
157195 157194 157186 157187 157188 157189 157190 157191 157192
157196 1 1 1 1 1 1 1 1
157340 157339 157331 157332 157333 157334 157335 157336 157337
157341 1 1 1 1 1 1 1 1
157368 157365 154205 154204 154203 154202 154201 154200 154199
157369 157367 157361 157360 157359 157358 157357 157356 157355
157439 157438 157430 157431 157432 157433 157434 157435 157436
157440 1 1 1 1 1 1 1 1
157464 157461 154205 154204 154203 154202 154201 154200 154199
157465 157463 157457 157456 157455 157454 157453 157452 157451
157535 157534 157526 157527 157528 157529 157530 157531 157532
157536 1 1 1 1 1 1 1 1
157621 157620 157612 157613 157614 157615 157616 157617 157618
157622 1 1 1 1 1 1 1 1
157698 157697 157689 157690 157691 157692 157693 157694 157695
157699 1 1 1 1 1 1 1 1
157843 157842 157834 157835 157836 157837 157838 157839 157840
157844 1 1 1 1 1 1 1 1
157868 157865 154205 154204 154203 154202 154201 154200 154199
157869 157867 157861 157860 157859 157858 157857 157856 157855
157939 157938 157930 157931 157932 157933 157934 157935 157936
157940 1 1 1 1 1 1 1 1
158024 158023 158015 158016 158017 158018 158019 158020 158021
158025 1 1 1 1 1 1 1 1
158080 158079 158077 158074 158071 158068 158065 158062
158081 1 1 1 1 1 1 1
158096 158095 158093 158090 158087
158097 1 1 1 1
158119 158118 158116 158113 158110 158106 158107
158120 1 1 1 1 1 1
158122 154182 154183 154184 154185 154186 154187 154188
158123 1 1 1 1 1 1 1
158153 158152 158150 158147 158144 158141 158138
158154 1 1 1 1 1 1
158157 154182 154183 158156
158158 1 1 1
158177 158176 158172 158169
158178 1 1 1
158280 158279 158277
158281 1 1
158296 158295 158293
158297 1 1
158368 158367 158360 158361 158362 158363 158364 158365
158369 1 1 1 1 1 1 1
158435 158434 158427 158428 158429 158430 158431 158432
158436 1 1 1 1 1 1 1
158502 158501 158494 158495 158496 158497 158498 158499
158503 1 1 1 1 1 1 1
158569 158568 158561 158562 158563 158564 158565 158566
158570 1 1 1 1 1 1 1
158636 158635 158628 158629 158630 158631 158632 158633
158637 1 1 1 1 1 1 1
158703 158702 158695 158696 158697 158698 158699 158700
158704 1 1 1 1 1 1 1
158770 158769 158762 158763 158764 158765 158766 158767
158771 1 1 1 1 1 1 1
158837 158836 158829 158830 158831 158832 158833 158834
158838 1 1 1 1 1 1 1
158853 158850 158842 158841
158854 158852 158846 158845
158869 158866 158858 158857
158870 158868 158862 158861
158884 158881 158877 158876
158885 158883 158846 158845
158896 158893 158889 158888
158897 158895 158862 158861
158910 158907 158903 158902
158911 158909 158846 158845
158922 158919 158915 158914
158923 158921 158862 158861
158936 158933 158929 158928
158937 158935 158846 158845
158948 158945 158941 158940
158949 158947 158862 158861
158957 158956 158360 158361 158362 158363 158364 158365
158958 1 1 1 1 1 1 1
158970 158969 158427 158428 158429 158430 158431 158432
158971 1 1 1 1 1 1 1
158983 158982 158494 158495 158496 158497 158498 158499
158984 1 1 1 1 1 1 1
158996 158995 158561 158562 158563 158564 158565 158566
158997 1 1 1 1 1 1 1
159009 159008 158628 158629 158630 158631 158632 158633
159010 1 1 1 1 1 1 1
159022 159021 158695 158696 158697 158698 158699 158700
159023 1 1 1 1 1 1 1
159035 159034 158762 158763 158764 158765 158766 158767
159036 1 1 1 1 1 1 1
159048 159047 158829 158830 158831 158832 158833 158834
159049 1 1 1 1 1 1 1
159063 159060 158842 158841
159064 159062 158846 158845
159070 159067 158858 158857
159071 159069 158862 158861
159081 159078 158877 158876
159082 159080 158846 158845
159088 159085 158889 158888
159089 159087 158862 158861
159099 159096 158903 158902
159100 159098 158846 158845
159106 159103 158915 158914
159107 159105 158862 158861
159117 159114 158929 158928
159118 159116 158846 158845
159124 159121 158941 158940
159125 159123 158862 158861
159139 159136 159132 159131
159140 159138 158846 158845
159150 159147 159143 159142
159151 159149 158862 158861
159159 159156 154059 154060
159160 159158 151819 151820
161609 161608 161606 161600 161594
161610 1 1 1 1
161792 161791 161787 161788 161789
161793 1 1 1 1
161807 161806 161802 161803 161804
161808 1 1 1 1
161901 161900 161894
161902 33 33
161987 161984 163247 163248 163249 163250 163251 163252
161988 161986 151815 151816 151817 151818 151819 151820
162056 162055 162048 162049 162050 162051 162052 162053
162057 1 1 1 1 1 1 1
162077 162076 162048 162049
162078 1 1 1
162184 162183 162176 162177 162178 162179 162180 162181
162185 1 1 1 1 1 1 1
162201 162200 162176 162177
162202 1 1 1
162308 162307 162300 162301 162302 162303 162304 162305
162309 1 1 1 1 1 1 1
162325 162324 162300 162301
162326 1 1 1
162432 162431 162424 162425 162426 162427 162428 162429
162433 1 1 1 1 1 1 1
162449 162448 162424 162425
162450 1 1 1
162556 162555 162548 162549 162550 162551 162552 162553
162557 1 1 1 1 1 1 1
162573 162572 162548 162549
162574 1 1 1
162680 162679 162672 162673 162674 162675 162676 162677
162681 1 1 1 1 1 1 1
162697 162696 162672 162673
162698 1 1 1
162804 162803 162796 162797 162798 162799 162800 162801
162805 1 1 1 1 1 1 1
162821 162820 162796 162797
162822 1 1 1
162928 162927 162920 162921 162922 162923 162924 162925
162929 1 1 1 1 1 1 1
162945 162944 162920 162921
162946 1 1 1
162996 162993 158842 158841
162997 162995 158846 158845
163003 163000 158858 158857
163004 163002 158862 158861
163021 163018 158877 158876
163022 163020 158846 158845
163028 163025 158889 158888
163029 163027 158862 158861
163046 163043 158903 158902
163047 163045 158846 158845
163053 163050 158915 158914
163054 163052 158862 158861
163071 163068 158929 158928
163072 163070 158846 158845
163078 163075 158941 158940
163079 163077 158862 158861
163096 163093 159132 159131
163097 163095 158846 158845
163103 163100 159143 159142
163104 163102 158862 158861
163111 163108 154059 154060
163112 163110 151819 151820
163404 163403 163401 163398 163395 163392 163389 163386 163383 163380 163377
163405 1 1 1 1 1 1 1 1 1 37
163815 163814 163812 163809 163806 163803 163800 163797 163794 163791 163788
163816 1 1 1 1 1 1 1 1 1 37
164006 151782 151783 151784 151785 151786 151787 151788 151789 151790 151791 151792 151793 151794 151795 151796 151797
164007 163990 163991 163992 163993 163994 163995 163996 163997 163998 163999 164000 164001 164002 164003 164004 164005
164026 151814 151815 151816 151817 151818 151819 151820 151821 151822 151823
164027 163818 163819 163820 163821 163822 163823 163824 163825 163826 163827
164060 151814 151815 151816 151817 151818 151819 151820 151821 151822 151823
164061 163818 163819 163820 163821 163822 163823 163824 163825 163826 163827
164952 164947 164951
164953 1 1
165178 165177 165158
165179 1 1
165225 165224 165222 165155
165226 1 1 1
165230 165229 165158
165231 1 1
165235 165234 165158
165236 1 41
165247 165246 165244 165155
165248 1 1 1
165470 165469 165158
165471 1 1
165539 165538 165158
165540 1 1
165549 165548 165155
165550 1 1
165587 165586 165158
165588 1 1
165600 165599 165155
165601 1 1
165673 165672 165670
165674 1 4
165689 165688 165686
165690 1 41
165705 165704 165702
165706 1 2
165721 165720 165718
165722 1 42
165737 165736 165734
165738 1 6778
165753 165752 165750
165754 1 11
165769 165768 165766
165770 1 5
165785 165784 165782
165786 1 37
165801 165800 165798
165802 1 43
165817 165816 165814
165818 1 6779
165833 165832 165830
165834 1 6780
165849 165848 165846
165850 1 6781
165865 165864 165862
165866 1 44
165881 165880 165878
165882 1 6782
165897 165896 165894
165898 1 33
165913 165912 165910
165914 4 1
165929 165928 165926
165930 4 4
165945 165944 165942
165946 4 41
165961 165960 165958
165962 4 2
165977 165976 165974
165978 4 42
165993 165992 165990
165994 4 6778
166009 166008 166006
166010 4 11
166025 166024 166022
166026 4 5
166041 166040 166038
166042 4 37
166049 166048 166046
166050 4 43
166057 166056 166054
166058 4 6779
166065 166064 166062
166066 4 6780
166073 166072 166070
166074 4 6781
166081 166080 166078
166082 4 44
166089 166088 166086
166090 4 6782
166097 166096 166094
166098 4 33
166134 166129 166133
166135 1 1
166360 166359 166340
166361 1 1
166407 166406 166404 166337
166408 1 1 1
166412 166411 166340
166413 1 1
166417 166416 166340
166418 1 41
166429 166428 166426 166337
166430 1 1 1
166652 166651 166340
166653 1 1
166721 166720 166340
166722 1 1
166731 166730 166337
166732 1 1
166769 166768 166340
166770 1 1
166782 166781 166337
166783 1 1
166855 166854 166852
166856 1 4
166871 166870 166868
166872 1 41
166887 166886 166884
166888 1 2
166903 166902 166900
166904 1 42
166919 166918 166916
166920 1 6778
166935 166934 166932
166936 1 11
166951 166950 166948
166952 1 5
166967 166966 166964
166968 1 37
166983 166982 166980
166984 1 43
166999 166998 166996
167000 1 6779
167015 167014 167012
167016 1 6780
167031 167030 167028
167032 1 6781
167047 167046 167044
167048 1 44
167063 167062 167060
167064 1 6782
167079 167078 167076
167080 1 33
167095 167094 167092
167096 4 1
167111 167110 167108
167112 4 4
167127 167126 167124
167128 4 41
167143 167142 167140
167144 4 2
167159 167158 167156
167160 4 42
167175 167174 167172
167176 4 6778
167191 167190 167188
167192 4 11
167207 167206 167204
167208 4 5
167223 167222 167220
167224 4 37
167231 167230 167228
167232 4 43
167239 167238 167236
167240 4 6779
167247 167246 167244
167248 4 6780
167255 167254 167252
167256 4 6781
167263 167262 167260
167264 4 44
167271 167270 167268
167272 4 6782
167279 167278 167276
167280 4 33
167334 167333 167331 167328 167325 167322 167319 167316 167313 167310 167307
167335 33 33 33 33 33 33 33 33 33 6782
167344 167343 167341 166122
167345 1 11 2
167354 167353 167351 166122
167355 1 6782 2
167364 167363 167361 166122
167365 41 6782 2
167374 167373 167371 166122
167375 2 6782 2
167384 167383 167381 166122
167385 41 11 2
167394 167393 167391 166122
167395 2 11 2
167405 167404 166122
167406 11 33
167415 167414 167412 166122
167416 1 11 5
167431 167430 167428 167425 166122
167432 1 1 43 2
167447 167446 167444 167441 166122
167448 1 41 43 2
167463 167462 167460 167457 166122
167464 42 41 43 2
167473 167472 167470 166122
167474 1 4 6780
167492 167491 167489 167486 167483 166122
167493 1 1 1 43 6780
167511 167510 167508 167505 167502 166122
167512 1 37 41 43 6780
167530 167529 167527 167524 167521 166122
167531 1 1 41 43 6780
167549 167548 167546 167543 167540 166122
167550 1 1 1 2 6780
167568 167567 167565 167562 167559 166122
167569 1 37 1 2 6780
167587 167586 167584 167581 167578 166122
167588 1 1 1 6780 6780
167606 167605 167603 167600 167597 166122
167607 1 37 41 6780 6780
167625 167624 167622 167619 167616 166122
167626 1 1 41 6780 6780
167631 167630 166122
167632 2 5
167641 167640 167638 166122
167642 1 4 2
167651 167650 167648 166122
167652 2 43 2
167661 167660 167658 166122
167662 2 4 2
167671 167670 167668 166122
167672 41 4 2
167681 167680 167678 166122
167682 4 4 2
167691 167690 167688 166122
167692 4 43 2
167710 167709 167707 167704 167701 166122
167711 1 1 1 6780 2
167729 167728 167726 167723 167720 166122
167730 1 1 1 2 2
167748 167747 167745 167742 167739 166122
167749 1 37 1 2 2
167767 167766 167764 167761 167758 166122
167768 1 1 4 2 2
167786 167785 167783 167780 167777 166122
167787 1 1 4 6780 2
167805 167804 167802 167799 167796 166122
167806 1 1 2 6780 2
167824 167823 167821 167818 167815 166122
167825 1 1 2 2 2
167843 167842 167840 167837 167834 166122
167844 1 1 41 2 2
167862 167861 167859 167856 167853 166122
167863 1 37 41 6780 2
167881 167880 167878 167875 167872 166122
167882 1 1 41 6780 2
167924 167923 167919
167925 1 4
167941 167940 167919
167942 1 1
167968 167336 167336 167336 167336 167336 167336 167336 167336 167336 167336
167969 167951 167952 167953 167954 167955 167956 167957 167967 167963 167960
168001 167336 167336 167336 167336 167336 167336 167336 167336 167336 167336
168002 167986 167987 167988 167989 167990 166118 166119 168000 167996 167993
168033 168032 167948 166120
168034 1 1 1
168044 168043 168037
168045 1 1
168063 168060 167928
168064 168062 167919
168082 168081 168079 168076 168073 166122
168083 1 1 1 2 2
168087 168086 167928
168088 1 1
168101 168100 168098 167304
168102 1 11 2
168111 168110 168108 167304
168112 1 6782 2
168121 168120 168118 167304
168122 41 6782 2
168131 168130 168128 167304
168132 2 6782 2
168141 168140 168138 167304
168142 41 11 2
168151 168150 168148 167304
168152 2 11 2
168162 168161 167304
168163 11 33
168172 168171 168169 167304
168173 1 11 5
168188 168187 168185 168182 167304
168189 1 1 43 2
168204 168203 168201 168198 167304
168205 1 41 43 2
168220 168219 168217 168214 167304
168221 42 41 43 2
168230 168229 168227 167304
168231 1 4 6780
168249 168248 168246 168243 168240 167304
168250 1 1 1 43 6780
168268 168267 168265 168262 168259 167304
168269 1 37 41 43 6780
168287 168286 168284 168281 168278 167304
168288 1 1 41 43 6780
168306 168305 168303 168300 168297 167304
168307 1 1 1 2 6780
168325 168324 168322 168319 168316 167304
168326 1 37 1 2 6780
168344 168343 168341 168338 168335 167304
168345 1 1 1 6780 6780
168363 168362 168360 168357 168354 167304
168364 1 37 41 6780 6780
168382 168381 168379 168376 168373 167304
168383 1 1 41 6780 6780
168388 168387 167304
168389 2 5
168398 168397 168395 167304
168399 1 4 2
168408 168407 168405 167304
168409 2 43 2
168418 168417 168415 167304
168419 2 4 2
168428 168427 168425 167304
168429 41 4 2
168438 168437 168435 167304
168439 4 4 2
168448 168447 168445 167304
168449 4 43 2
168467 168466 168464 168461 168458 167304
168468 1 1 1 6780 2
168486 168485 168483 168480 168477 167304
168487 1 1 1 2 2
168505 168504 168502 168499 168496 167304
168506 1 37 1 2 2
168524 168523 168521 168518 168515 167304
168525 1 1 4 2 2
168543 168542 168540 168537 168534 167304
168544 1 1 4 6780 2
168562 168561 168559 168556 168553 167304
168563 1 1 2 6780 2
168581 168580 168578 168575 168572 167304
168582 1 1 2 2 2
168600 168599 168597 168594 168591 167304
168601 1 1 41 2 2
168619 168618 168616 168613 168610 167304
168620 1 37 41 6780 2
168638 168637 168635 168632 168629 167304
168639 1 1 41 6780 2
168681 168680 168676
168682 1 4
168698 168697 168676
168699 1 1
168725 164917 164915 164912 164909 164906 164903 164900 164897 164894 164891
168726 168708 168709 168710 168711 168712 168713 168714 168724 168720 168717
168758 164917 164915 164912 164909 164906 164903 164900 164897 164894 164891
168759 168743 168744 168745 168746 168747 167300 167301 168757 168753 168750
168790 168789 168705 167302
168791 1 1 1
168801 168800 168794
168802 1 1
168820 168817 168685
168821 168819 168676
168839 168838 168836 168833 168830 167304
168840 1 1 1 2 2
168844 168843 168685
168845 1 1
168900 164692 164693 164694 164695 164696 164697 164698 164699 164700 164701
168901 168872 168873 168874 168875 168876 168877 168878 168879 168880 168881
168921 168911 168869
168922 168920 168916
168935 168934 168933 168932 168931
168943 168942 168923
168944 4 4
169024 169019 169023
169025 1 1
169250 169249 169230
169251 1 1
169297 169296 169294 169227
169298 1 1 1
169302 169301 169230
169303 1 1
169307 169306 169230
169308 1 41
169319 169318 169316 169227
169320 1 1 1
169542 169541 169230
169543 1 1
169611 169610 169230
169612 1 1
169621 169620 169227
169622 1 1
169659 169658 169230
169660 1 1
169672 169671 169227
169673 1 1
169745 169744 169742
169746 1 4
169761 169760 169758
169762 1 41
169777 169776 169774
169778 1 2
169793 169792 169790
169794 1 42
169809 169808 169806
169810 1 6778
169825 169824 169822
169826 1 11
169841 169840 169838
169842 1 5
169857 169856 169854
169858 1 37
169873 169872 169870
169874 1 43
169889 169888 169886
169890 1 6779
169905 169904 169902
169906 1 6780
169921 169920 169918
169922 1 6781
169937 169936 169934
169938 1 44
169953 169952 169950
169954 1 6782
169969 169968 169966
169970 1 33
169985 169984 169982
169986 4 1
170001 170000 169998
170002 4 4
170017 170016 170014
170018 4 41
170033 170032 170030
170034 4 2
170049 170048 170046
170050 4 42
170065 170064 170062
170066 4 6778
170081 170080 170078
170082 4 11
170097 170096 170094
170098 4 5
170113 170112 170110
170114 4 37
170121 170120 170118
170122 4 43
170129 170128 170126
170130 4 6779
170137 170136 170134
170138 4 6780
170145 170144 170142
170146 4 6781
170153 170152 170150
170154 4 44
170161 170160 170158
170162 4 6782
170169 170168 170166
170170 4 33
170224 170223 170221 170218 170215 170212 170209 170206 170203 170200 170197
170225 1 1 1 1 1 1 1 1 1 41
170234 170233 170231 170194
170235 1 11 2
170244 170243 170241 170194
170245 1 6782 2
170254 170253 170251 170194
170255 41 6782 2
170264 170263 170261 170194
170265 2 6782 2
170274 170273 170271 170194
170275 41 11 2
170284 170283 170281 170194
170285 2 11 2
170295 170294 170194
170296 11 33
170305 170304 170302 170194
170306 1 11 5
170321 170320 170318 170315 170194
170322 1 1 43 2
170337 170336 170334 170331 170194
170338 1 41 43 2
170353 170352 170350 170347 170194
170354 42 41 43 2
170363 170362 170360 170194
170364 1 4 6780
170382 170381 170379 170376 170373 170194
170383 1 1 1 43 6780
170401 170400 170398 170395 170392 170194
170402 1 37 41 43 6780
170420 170419 170417 170414 170411 170194
170421 1 1 41 43 6780
170439 170438 170436 170433 170430 170194
170440 1 1 1 2 6780
170458 170457 170455 170452 170449 170194
170459 1 37 1 2 6780
170477 170476 170474 170471 170468 170194
170478 1 1 1 6780 6780
170496 170495 170493 170490 170487 170194
170497 1 37 41 6780 6780
170515 170514 170512 170509 170506 170194
170516 1 1 41 6780 6780
170521 170520 170194
170522 2 5
170531 170530 170528 170194
170532 1 4 2
170541 170540 170538 170194
170542 2 43 2
170551 170550 170548 170194
170552 2 4 2
170561 170560 170558 170194
170562 41 4 2
170571 170570 170568 170194
170572 4 4 2
170581 170580 170578 170194
170582 4 43 2
170600 170599 170597 170594 170591 170194
170601 1 1 1 6780 2
170619 170618 170616 170613 170610 170194
170620 1 1 1 2 2
170638 170637 170635 170632 170629 170194
170639 1 37 1 2 2
170657 170656 170654 170651 170648 170194
170658 1 1 4 2 2
170676 170675 170673 170670 170667 170194
170677 1 1 4 6780 2
170695 170694 170692 170689 170686 170194
170696 1 1 2 6780 2
170714 170713 170711 170708 170705 170194
170715 1 1 2 2 2
170733 170732 170730 170727 170724 170194
170734 1 1 41 2 2
170752 170751 170749 170746 170743 170194
170753 1 37 41 6780 2
170771 170770 170768 170765 170762 170194
170772 1 1 41 6780 2
170814 170813 170809
170815 1 4
170831 170830 170809
170832 1 1
170858 170226 170226 170226 170226 170226 170226 170226 170226 170226 170226
170859 170841 170842 170843 170844 170845 170846 170847 170857 170853 170850
170891 170226 170226 170226 170226 170226 170226 170226 170226 170226 170226
170892 170876 170877 170878 170879 170880 170190 170191 170890 170886 170883
170923 170922 170838 170192
170924 1 1 1
170934 170933 170927
170935 1 1
170948 170945 170818
170949 170947 170809
170967 170966 170964 170961 170958 170194
170968 1 1 1 2 2
170972 170971 170818
170973 1 1
171002 164704 164705 164706 164707 164708 164709 164710 164711 164712 164713
171003 170904 170905 170906 170907 170908 170909 170910 170911 170912 170913
171018 171017 171011
171019 1 41
171032 171031 171030 171029 171028
171040 171039 171020
171041 4 4
171120 171115 171119
171121 1 1
171346 171345 171326
171347 1 1
171393 171392 171390 171323
171394 1 1 1
171398 171397 171326
171399 1 1
171403 171402 171326
171404 1 41
171415 171414 171412 171323
171416 1 1 1
171638 171637 171326
171639 1 1
171707 171706 171326
171708 1 1
171717 171716 171323
171718 1 1
171755 171754 171326
171756 1 1
171768 171767 171323
171769 1 1
171841 171840 171838
171842 1 4
171857 171856 171854
171858 1 41
171873 171872 171870
171874 1 2
171889 171888 171886
171890 1 42
171905 171904 171902
171906 1 6778
171921 171920 171918
171922 1 11
171937 171936 171934
171938 1 5
171953 171952 171950
171954 1 37
171969 171968 171966
171970 1 43
171985 171984 171982
171986 1 6779
172001 172000 171998
172002 1 6780
172017 172016 172014
172018 1 6781
172033 172032 172030
172034 1 44
172049 172048 172046
172050 1 6782
172065 172064 172062
172066 1 33
172081 172080 172078
172082 4 1
172097 172096 172094
172098 4 4
172113 172112 172110
172114 4 41
172129 172128 172126
172130 4 2
172145 172144 172142
172146 4 42
172161 172160 172158
172162 4 6778
172177 172176 172174
172178 4 11
172193 172192 172190
172194 4 5
172209 172208 172206
172210 4 37
172217 172216 172214
172218 4 43
172225 172224 172222
172226 4 6779
172233 172232 172230
172234 4 6780
172241 172240 172238
172242 4 6781
172249 172248 172246
172250 4 44
172257 172256 172254
172258 4 6782
172265 172264 172262
172266 4 33
172320 172319 172317 172314 172311 172308 172305 172302 172299 172296 172293
172321 1 1 1 1 1 1 1 1 1 42
172330 172329 172327 172290
172331 1 11 2
172340 172339 172337 172290
172341 1 6782 2
172350 172349 172347 172290
172351 41 6782 2
172360 172359 172357 172290
172361 2 6782 2
172370 172369 172367 172290
172371 41 11 2
172380 172379 172377 172290
172381 2 11 2
172391 172390 172290
172392 11 33
172401 172400 172398 172290
172402 1 11 5
172417 172416 172414 172411 172290
172418 1 1 43 2
172433 172432 172430 172427 172290
172434 1 41 43 2
172449 172448 172446 172443 172290
172450 42 41 43 2
172459 172458 172456 172290
172460 1 4 6780
172478 172477 172475 172472 172469 172290
172479 1 1 1 43 6780
172497 172496 172494 172491 172488 172290
172498 1 37 41 43 6780
172516 172515 172513 172510 172507 172290
172517 1 1 41 43 6780
172535 172534 172532 172529 172526 172290
172536 1 1 1 2 6780
172554 172553 172551 172548 172545 172290
172555 1 37 1 2 6780
172573 172572 172570 172567 172564 172290
172574 1 1 1 6780 6780
172592 172591 172589 172586 172583 172290
172593 1 37 41 6780 6780
172611 172610 172608 172605 172602 172290
172612 1 1 41 6780 6780
172617 172616 172290
172618 2 5
172627 172626 172624 172290
172628 1 4 2
172637 172636 172634 172290
172638 2 43 2
172647 172646 172644 172290
172648 2 4 2
172657 172656 172654 172290
172658 41 4 2
172667 172666 172664 172290
172668 4 4 2
172677 172676 172674 172290
172678 4 43 2
172696 172695 172693 172690 172687 172290
172697 1 1 1 6780 2
172715 172714 172712 172709 172706 172290
172716 1 1 1 2 2
172734 172733 172731 172728 172725 172290
172735 1 37 1 2 2
172753 172752 172750 172747 172744 172290
172754 1 1 4 2 2
172772 172771 172769 172766 172763 172290
172773 1 1 4 6780 2
172791 172790 172788 172785 172782 172290
172792 1 1 2 6780 2
172810 172809 172807 172804 172801 172290
172811 1 1 2 2 2
172829 172828 172826 172823 172820 172290
172830 1 1 41 2 2
172848 172847 172845 172842 172839 172290
172849 1 37 41 6780 2
172867 172866 172864 172861 172858 172290
172868 1 1 41 6780 2
172910 172909 172905
172911 1 4
172927 172926 172905
172928 1 1
172954 172322 172322 172322 172322 172322 172322 172322 172322 172322 172322
172955 172937 172938 172939 172940 172941 172942 172943 172953 172949 172946
172987 172322 172322 172322 172322 172322 172322 172322 172322 172322 172322
172988 172972 172973 172974 172975 172976 172286 172287 172986 172982 172979
173019 173018 172934 172288
173020 1 1 1
173030 173029 173023
173031 1 1
173044 173041 172914
173045 173043 172905
173063 173062 173060 173057 173054 172290
173064 1 1 1 2 2
173068 173067 172914
173069 1 1
173097 164716 164717 164718 164719 164720 164721 164722 164723 164724 164725
173098 173000 173001 173002 173003 173004 173005 173006 173007 173008 173009
173113 173112 173106
173114 1 42
173127 173126 173125 173124 173123
173135 173134 173115
173136 4 4
173215 173210 173214
173216 1 1
173441 173440 173421
173442 1 1
173488 173487 173485 173418
173489 1 1 1
173493 173492 173421
173494 1 1
173498 173497 173421
173499 1 41
173510 173509 173507 173418
173511 1 1 1
173733 173732 173421
173734 1 1
173802 173801 173421
173803 1 1
173812 173811 173418
173813 1 1
173850 173849 173421
173851 1 1
173863 173862 173418
173864 1 1
173936 173935 173933
173937 1 4
173952 173951 173949
173953 1 41
173968 173967 173965
173969 1 2
173984 173983 173981
173985 1 42
174000 173999 173997
174001 1 6778
174016 174015 174013
174017 1 11
174032 174031 174029
174033 1 5
174048 174047 174045
174049 1 37
174064 174063 174061
174065 1 43
174080 174079 174077
174081 1 6779
174096 174095 174093
174097 1 6780
174112 174111 174109
174113 1 6781
174128 174127 174125
174129 1 44
174144 174143 174141
174145 1 6782
174160 174159 174157
174161 1 33
174176 174175 174173
174177 4 1
174192 174191 174189
174193 4 4
174208 174207 174205
174209 4 41
174224 174223 174221
174225 4 2
174240 174239 174237
174241 4 42
174256 174255 174253
174257 4 6778
174272 174271 174269
174273 4 11
174288 174287 174285
174289 4 5
174304 174303 174301
174305 4 37
174312 174311 174309
174313 4 43
174320 174319 174317
174321 4 6779
174328 174327 174325
174329 4 6780
174336 174335 174333
174337 4 6781
174344 174343 174341
174345 4 44
174352 174351 174349
174353 4 6782
174360 174359 174357
174361 4 33
174415 174414 174412 174409 174406 174403 174400 174397 174394 174391 174388
174416 1 1 1 1 1 1 1 1 1 11
174425 174424 174422 174385
174426 1 11 2
174435 174434 174432 174385
174436 1 6782 2
174445 174444 174442 174385
174446 41 6782 2
174455 174454 174452 174385
174456 2 6782 2
174465 174464 174462 174385
174466 41 11 2
174475 174474 174472 174385
174476 2 11 2
174486 174485 174385
174487 11 33
174496 174495 174493 174385
174497 1 11 5
174512 174511 174509 174506 174385
174513 1 1 43 2
174528 174527 174525 174522 174385
174529 1 41 43 2
174544 174543 174541 174538 174385
174545 42 41 43 2
174554 174553 174551 174385
174555 1 4 6780
174573 174572 174570 174567 174564 174385
174574 1 1 1 43 6780
174592 174591 174589 174586 174583 174385
174593 1 37 41 43 6780
174611 174610 174608 174605 174602 174385
174612 1 1 41 43 6780
174630 174629 174627 174624 174621 174385
174631 1 1 1 2 6780
174649 174648 174646 174643 174640 174385
174650 1 37 1 2 6780
174668 174667 174665 174662 174659 174385
174669 1 1 1 6780 6780
174687 174686 174684 174681 174678 174385
174688 1 37 41 6780 6780
174706 174705 174703 174700 174697 174385
174707 1 1 41 6780 6780
174712 174711 174385
174713 2 5
174722 174721 174719 174385
174723 1 4 2
174732 174731 174729 174385
174733 2 43 2
174742 174741 174739 174385
174743 2 4 2
174752 174751 174749 174385
174753 41 4 2
174762 174761 174759 174385
174763 4 4 2
174772 174771 174769 174385
174773 4 43 2
174791 174790 174788 174785 174782 174385
174792 1 1 1 6780 2
174810 174809 174807 174804 174801 174385
174811 1 1 1 2 2
174829 174828 174826 174823 174820 174385
174830 1 37 1 2 2
174848 174847 174845 174842 174839 174385
174849 1 1 4 2 2
174867 174866 174864 174861 174858 174385
174868 1 1 4 6780 2
174886 174885 174883 174880 174877 174385
174887 1 1 2 6780 2
174905 174904 174902 174899 174896 174385
174906 1 1 2 2 2
174924 174923 174921 174918 174915 174385
174925 1 1 41 2 2
174943 174942 174940 174937 174934 174385
174944 1 37 41 6780 2
174962 174961 174959 174956 174953 174385
174963 1 1 41 6780 2
175005 175004 175000
175006 1 4
175022 175021 175000
175023 1 1
175049 174417 174417 174417 174417 174417 174417 174417 174417 174417 174417
175050 175032 175033 175034 175035 175036 175037 175038 175048 175044 175041
175082 174417 174417 174417 174417 174417 174417 174417 174417 174417 174417
175083 175067 175068 175069 175070 175071 174381 174382 175081 175077 175074
175114 175113 175029 174383
175115 1 1 1
175125 175124 175118
175126 1 1
175139 175136 175009
175140 175138 175000
175158 175157 175155 175152 175149 174385
175159 1 1 1 2 2
175163 175162 175009
175164 1 1
175194 164728 164729 164730 164731 164732 164733 164734 164735 164736 164737
175195 175095 175096 175097 175098 175099 175100 175101 175102 175103 175104
175210 175209 175203
175211 1 11
175224 175223 175222 175221 175220
175232 175231 175212
175233 4 4
175328 164740 164741 164742 164743 164744 164745 164746 164747 164748 164749
175329 164173 164174 164175 164176 164177 164178 164179 164180 164181 164182
175424 175423 175421 175418 175415 175412 175409 175406 175403 175400 175397
175425 1 1 1 1 1 1 1 1 1 37
175662 175661 164314
175663 1 4
175668 175667 164314
175669 4 33
175773 175711 175709 175706 175703 175700 175697 175694 175691 175688 175685
175774 175742 175740 175737 175734 175731 175728 175725 175722 175719 175716
175776 175775 175775 175775 175775 175775 175775 175775 175775 175775 175775
175777 175772 175770 175767 175764 175761 175758 175755 175752 175749 175746
175779 151782 151783 151784 151785 151786 151787 151788 151789 151790 151791 151792 151793 151794 151795 151796 151797
175780 175643 175644 175645 175646 175647 175648 175649 175650 175651 175652 175653 175654 175655 175656 175657 175658
175785 163633 163634 163635 163636 163637 163638 163639 163640 163641 163642 163643 163644 163645 163646 163647 163648
175786 175643 175644 175645 175646 175647 175648 175649 175650 175651 175652 175653 175654 175655 175656 175657 175658
175800 151834 151835 151836 151837 151838 151839 151840 151841 151842 151843
175801 175427 175428 175429 175430 175431 175432 175433 175434 175435 175436
175832 151814 151815 151816 151817 151818 151819 151820 151821 151822 151823
175833 175427 175428 175429 175430 175431 175432 175433 175434 175435 175436
175881 151834 151835 151836 151837 151838 151839 151840 151841 151842 151843
175882 175427 175428 175429 175430 175431 175432 175433 175434 175435 175436
175887 151814 151815 151816 151817 151818 151819 151820 151821 151822 151823
175888 175427 175428 175429 175430 175431 175432 175433 175434 175435 175436
175984 1 1 1 1 1 1 1 175983
176058 1 1 1 1 1 1 1 176057
178090 178088 178089
178091 1 1
178107 178105 178106
178108 1 1
178193 178192 178190 178187 178184 178181 178178 178175 178172 178169 178166
178194 33 33 33 33 33 33 33 33 33 6782
178241 178240 178238 178235 178232 178229 178226 178223 178220 178217 178214
178242 1 1 1 1 1 1 1 1 1 41
178281 178280 178278 178275 178272 178269 178266 178263 178260 178257 178254
178282 1 1 1 1 1 1 1 1 1 42
178321 178320 178318 178315 178312 178309 178306 178303 178300 178297 178294
178322 1 1 1 1 1 1 1 1 1 11
182638 1 1 1 1 1 1 1 182310
182789 1 1 1 1 1 1 1 185454
183552 1 1 1 1 1 1 1 182310
183571 1 1 1 1 1 1 1 185454
183636 1 1 1 1 1 1 1 182310
183655 1 1 1 1 1 1 1 189647
184157 184156 183780
184158 1 4
184163 184162 183780
184164 4 33
185467 183510 183468 183426 183384 183342 183300 183258 183216 183174 183132 183090 183048 183006 182964 182922 182880
185469 183512 183470 183428 183386 183344 183302 183260 183218 183176 183134 183092 183050 183008 182966 182924 182882
185471 183514 183472 183430 183388 183346 183304 183262 183220 183178 183136 183094 183052 183010 182968 182926 182884
185473 183516 183474 183432 183390 183348 183306 183264 183222 183180 183138 183096 183054 183012 182970 182928 182886
185475 183518 183476 183434 183392 183350 183308 183266 183224 183182 183140 183098 183056 183014 182972 182930 182888
185477 183520 183478 183436 183394 183352 183310 183268 183226 183184 183142 183100 183058 183016 182974 182932 182890
185499 182618 182598 182578 182558 182538 182518 182498 182478 182458 182438 182418 182398 182378 182358 182338 182318
185500 182619 182599 182579 182559 182539 182519 182499 182479 182459 182439 182419 182399 182379 182359 182339 182319
185501 182620 182600 182580 182560 182540 182520 182500 182480 182460 182440 182420 182400 182380 182360 182340 182320
185502 182621 182601 182581 182561 182541 182521 182501 182481 182461 182441 182421 182401 182381 182361 182341 182321
185503 182622 182602 182582 182562 182542 182522 182502 182482 182462 182442 182422 182402 182382 182362 182342 182322
185504 182623 182603 182583 182563 182543 182523 182503 182483 182463 182443 182423 182403 182383 182363 182343 182323
185505 182624 182604 182584 182564 182544 182524 182504 182484 182464 182444 182424 182404 182384 182364 182344 182324
185506 182625 182605 182585 182565 182545 182525 182505 182485 182465 182445 182425 182405 182385 182365 182345 182325
185507 182626 182606 182586 182566 182546 182526 182506 182486 182466 182446 182426 182406 182386 182366 182346 182326
185508 182627 182607 182587 182567 182547 182527 182507 182487 182467 182447 182427 182407 182387 182367 182347 182327
185575 185479 185480 185481 185482 185483 185484 185485 185486 185487 185488
185576 185432 185433 185434 185435 185436 185437 185438 185439 185440 185441
185613 185479 185480 185481 185482 185483 185484 185485 185486 185487 185488
185614 185432 185433 185434 185435 185436 185437 185438 185439 185440 185441
185655 183522 183480 183438 183396 183354 183312 183270 183228 183186 183144 183102 183060 183018 182976 182934 182892
185657 183524 183482 183440 183398 183356 183314 183272 183230 183188 183146 183104 183062 183020 182978 182936 182894
185659 183526 183484 183442 183400 183358 183316 183274 183232 183190 183148 183106 183064 183022 182980 182938 182896
185660 183527 183485 183443 183401 183359 183317 183275 183233 183191 183149 183107 183065 183023 182981 182939 182897
185661 183528 183486 183444 183402 183360 183318 183276 183234 183192 183150 183108 183066 183024 182982 182940 182898
185662 183529 183487 183445 183403 183361 183319 183277 183235 183193 183151 183109 183067 183025 182983 182941 182899
185663 183530 183488 183446 183404 183362 183320 183278 183236 183194 183152 183110 183068 183026 182984 182942 182900
185664 183531 183489 183447 183405 183363 183321 183279 183237 183195 183153 183111 183069 183027 182985 182943 182901
185665 183532 183490 183448 183406 183364 183322 183280 183238 183196 183154 183112 183070 183028 182986 182944 182902
185666 183533 183491 183449 183407 183365 183323 183281 183239 183197 183155 183113 183071 183029 182987 182945 182903
185667 183534 183492 183450 183408 183366 183324 183282 183240 183198 183156 183114 183072 183030 182988 182946 182904
185668 183535 183493 183451 183409 183367 183325 183283 183241 183199 183157 183115 183073 183031 182989 182947 182905
185679 183546 183504 183462 183420 183378 183336 183294 183252 183210 183168 183126 183084 183042 183000 182958 182916
185680 183547 183505 183463 183421 183379 183337 183295 183253 183211 183169 183127 183085 183043 183001 182959 182917
185683 183550 183508 183466 183424 183382 183340 183298 183256 183214 183172 183130 183088 183046 183004 182962 182920
187089 187087 187088
187090 1 1
187111 253228 253229 253230 253231 253232 253233 253234 253235 253236 253237 253238 253239 253240 253241 253242 253243
187112 187098 187099 187100 187101 187102 187103 187104 187105 187106 187107 187108 187109 187110 252792 252793 252794
187126 187125 187121 187120 187119 187118 187117 187116
187127 4 33 33 33 33 33 33
187131 187130 187121 187120 187119 187118 187117 187116
187132 1 1 1 1 1 1 1
187150 187149 252683
187151 1 4
187156 187155 252683
187157 1 41
187183 187182 252683
187184 1 4
187190 187189 252683
187191 1 41
187195 187194 252683
187196 42 2
187216 187215 252885
187217 4 42
187338 187336 187337
187339 1 1
187352 187350 187351
187353 1 1
187361 187359 187360
187362 1 1
187370 187368 187369
187371 1 1
187483 187451 187449 187446 187443 187440 187437 187434 187431 187428 253061
187484 187482 187480 187477 187474 187471 187468 187465 187462 187459 187456
187815 187511 187512 187513 187514 187515 187516 187517 187518 187519 187520 187521 187522 187523 187524 187525 187526
187816 187736 187737 187738 187739 187740 187741 187742 187743 187744 187745 187746 187747 187748 187749 187750 187751
187818 187817 187817 187817 187817 187817 187817 187817 187817 187817 187817 187817 187817 187817 187817 187817 187817
187819 187814 187812 187809 187806 187803 187800 187797 187794 187791 187788 187785 187782 187779 187776 187773 187770
188301 188284 188285 188286 188287 188288 188289 188290 188291 188292 188293 188294 188295 188296 188297 188298 188299 188300
188895 253260 253261 253262 253263 253264 253265 253266 253267 253268 253269 253270 253271 253272 253273 253274 253275
188896 253324 253325 253326 253327 253328 253329 253330 253331 253332 253333 253334 253335 253336 253337 253338 253339
188898 1 253260 253261 253262 253263 253264 253265 253266 253267 253268 253269 253270 253271 253272 253273 253274 253275
188899 1 253324 253325 253326 253327 253328 253329 253330 253331 253332 253333 253334 253335 253336 253337 253338 253339
188988 253260 253261 253262 253263 253264 253265 253266 253267 253268 253269 253270 253271 253272 253273 253274 253275
188989 188965 188966 188967 188968 188969 188970 188971 188972 188973 188974 188975 187388 187389 188987 188983 188978
189001 189000 188996 188995 188994 188993 188992 188991
189002 1 1 1 1 1 1 1
189006 189005 188996 188995 188994 188993 188992 188991
189007 4 33 33 33 33 33 33
189032 186566 186567 186568 186569 186570 186571 186572 186573 186574 186575
189033 189018 189019 189020 189021 189022 189023 189024 189025 189026 189027
189147 189146 252955
189148 11 44
189168 189167 253015 253016
189169 1 1 4
189173 189172 253015 253016
189174 1 1 41
189178 189177 253015 253016
189179 1 41 1
189183 189182 252955
189184 11 6781
189214 189212 189213
189215 1 1
189226 189224 189225
189227 1 1
189235 189233 189234
189236 1 1
189244 189242 189243
189245 1 1
189396 189364 189365 189366 189367 189368 189369 189370 189371 189372 189373 189374 189375 189376 189377 189378 189379 189255 189256 189257 189258 189259 189260 189261 189262 189263 189264 189265 189266 189267 189268 189269 189270
189397 189380 189381 189382 189383 189384 189385 189386 189387 189388 189389 189390 189391 189392 189393 189394 189395 189287 189288 189289 189290 189291 189292 189293 189294 189295 189296 189297 189298 189299 189300 189301 189302
189917 189915 189916
189918 1 1
189929 189927 189928
189930 1 1
189938 189936 189937
189939 1 1
189946 189945 252955
189947 42 11
189951 189950 252955
189952 42 6782
189956 189955 252955
189957 6778 1
189961 189960 252955
189962 6778 42
189966 189965 252955
189967 6778 5
189971 189970 252955
189972 6778 37
189976 189975 252955
189977 6778 43
189981 189980 252955
189982 6778 44
189986 189985 252955
189987 6778 6782
189991 189990 252955
189992 6778 33
189996 189995 252955
189997 11 1
190001 190000 252955
190002 6778 2
190006 190005 252955
190007 42 5
190011 190010 252955
190012 42 6779
190016 190015 252955
190017 42 6780
190021 190020 252955
190022 42 33
190026 190025 252955
190027 6778 4
190031 190030 252955
190032 42 43
190036 190035 252955
190037 6778 6778
190041 190040 252955
190042 6778 6779
190046 190045 252955
190047 6778 6780
190051 190050 252955
190052 6778 6781
190056 190055 252955
190057 11 4
190061 190060 252955
190062 11 41
190066 190065 252955
190067 11 2
190071 190070 252955
190072 11 42
190076 190075 252955
190077 42 6778
190081 190080 252955
190082 42 44
190102 190101 252955
190103 42 42
190123 190122 252955
190124 42 6781
190162 190161 253260
190163 4 33
190285 190284 190266 190267
190286 1 1 1
190288 190268 190269 190270 190271 190272 190273 190274 190275 190276 190277 190278 190279 190280
190289 1 1 1 1 1 1 1 1 1 1 1 1 1
190508 190507 190506 190505 190504 190503 190502 190501 190500 190499 190498 190497 190496 190495 190494 190493 190492 190491 190490 190489 190488 190487 190486 190485 190484 190483 190482 190481 190480 190479
190573 190561 190562 190563
190574 190572 190570 190567
190611 190606 190610
190612 1 1
190616 190615 190276 190277 190278 190279 190280
190617 1 1 1 1 1 1
190740 190739 190738 190737 190736 190735 190734 190733 190732 190731 190730 190729 190728 190727 190726
190782 190773 190769 190770
190783 190781 190779 190776
190807 190580 190581 190582 190583 190584
190808 33 33 33 33 33
190887 1 1 1 1 1 1 1 1 1 1 1 1 1 1 1 1
190888 190869 190870 190871 190872 190873 190874 190875 190876 190877 190878 190879 190880 190881 190882 190883 190884
191166 191165 191164 191163 191162 191161 191160 191159 191158 191157 191156 191155 191154 191153 191152 191151 191150 191149 191148 191147 191146 191145 191144 191143 191142 191141 191140 191139 191138 191137 191136 191135 191134
191190 191189 191170 191170 191170 191170 191170 191170 191170 191170 191170
191191 1 1 1 1 1 1 1 1 1 1
191204 191203 191170 191170 191170 191170 191170 191170
191205 1 1 1 1 1 1 4
191285 191276 191177 191174
191286 191284 191282 191279
191291 191290 191287 191287
191292 1 37 1
191320 1 1 1 1 1 1 1 1 1 1 1 1 1 1 1 1
191321 190869 190870 190871 190872 190873 190874 190875 190876 190877 190878 190879 190880 190881 190882 190883 190884
191599 191598 191597 191596 191595 191594 191593 191592 191591 191590 191589 191588 191587 191586 191585 191584 191583 191582 191581 191580 191579 191578 191577 191576 191575 191574 191573 191572 191571 191570 191569 191568 191567
191627 191626 191603 191603
191628 1 1 1
191656 191655 191650 191649 191648 191647 191646 191645 191644 191643 191642 191641 191640 191639 191638
191657 1 1 1 1 1 1 1 1 1 1 1 1 1 4
191788 191623 191610 191607
191789 191787 191785 191782
191791 191790 191790 191790
191792 5 37 1
192060 1 1 1 1 1 1 1 192059
192083 1 1 1 1 1 1 1 192082
192290 192288 192289
192291 1 1
192307 192305 192306
192308 1 1
192321 192319 192320
192322 1 1
192335 192333 192334
192336 1 1
192349 192347 192348
192350 1 1
192551 192549 192550
192552 1 1
192626 192624 192625
192627 1 1
192645 192643 192644
192646 1 1
192841 192838 192705 192706 192707 192708 192709 192710 192711 192712 192713 192714 192715 192716 192717 192718 192719 192720
192842 192840 192671 192672 192673 192674 192675 192676 192677 192678 192679 192680 192681 192682 192683 192684 192685 192686
192924 1 1 1 1 1 1 1 1 1 1 1 1 1 1 1 1
192925 192908 192909 192910 192911 192912 192913 192914 192915 192916 192917 192918 192919 192920 192921 192922 192923
193082 193077 193073 193070 193067 193064 193061 193058 193055 193052 193049 193046 193043 193040 193037 193034 193031 193028
193083 193081 192671 192672 192673 192674 192675 192676 192677 192678 192679 192680 192681 192682 192683 192684 192685 192686
193093 193088 193084 193084 193084 193084 193084 193084 193084 193084 193084 193084 193084 193084 193084 193084 193084 193084
193094 193092 193005 193004 193003 193002 193001 193000 192999 192998 192997 192996 192995 192994 192993 192992 192991 192990
193116 193115 192661
193117 2 6782
193226 193225 192661
193227 1 4
193234 193233 192661
193235 2 33
193358 193357 192661
193359 42 1
193373 193372 192661
193374 1 4
193378 193377 192661
193379 1 1
193383 192671 192672 192673 192674 192675 192676 192677 192678
193384 1 1 1 1 1 1 1 1
193387 192671 192672 192673 192674
193388 1 1 1 1
193391 192671 192672
193392 1 1
193444 192675 192676
193445 1 1
193498 192679 192680 192681 192682
193499 1 1 1 1
193502 192679 192680
193503 1 1
193555 192683 192684
193556 1 1
193611 192721 192722 192723 192724 192725 192726 192727 192728
193612 1 1 1 1 1 1 1 1
193615 192721 192722 192723 192724
193616 1 1 1 1
193619 192721 192722
193620 1 1
193672 192725 192726
193673 1 1
193726 192729 192730 192731 192732
193727 1 1 1 1
193730 192729 192730
193731 1 1
193783 192733 192734
193784 1 1
193847 193842 193838
193848 193846 193610
193857 193856 193849
193858 2 33
193898 193897 193896 193895 193894 193893 193892 193891 193890 193889 193888 193887 193886 193885 193884 193883 193882 193881 193880 193879 193878 193877 193876 193875 193874 193873 193872 193871 193870 193869 193868 193867 193866
195178 195176 195177
195179 1 1
195190 195188 195189
195191 1 1
195199 195197 195198
195200 1 1
195208 195206 195207
195209 1 1
195217 195215 195216
195218 1 1
195225 195224 219559
195226 6778 41
195230 195229 219559
195231 42 11
195235 195234 219559
195236 42 6782
195240 195239 219559
195241 6778 1
195245 195244 219559
195246 42 37
195250 195249 219559
195251 6778 42
195255 195254 219559
195256 6778 5
195260 195259 219559
195261 6778 37
195265 195264 219559
195266 6778 43
195270 195269 219559
195271 6778 44
195275 195274 219559
195276 6778 6782
195280 195279 219559
195281 6778 33
195285 195284 219559
195286 11 1
195290 195289 219559
195291 6778 2
195295 195294 219559
195296 42 5
195300 195299 219559
195301 42 6779
195305 195304 219559
195306 42 6780
195310 195309 219559
195311 42 33
195315 195314 219559
195316 6778 4
195320 195319 219559
195321 42 43
195325 195324 219559
195326 6778 6778
195330 195329 219559
195331 6778 6779
195335 195334 219559
195336 6778 6780
195340 195339 219559
195341 6778 6781
195345 195344 219559
195346 11 4
195350 195349 219559
195351 11 41
195355 195354 219559
195356 11 2
195360 195359 219559
195361 11 42
195394 195393 219559
195395 42 6778
195399 195398 219559
195400 42 44
195420 195419 219559
195421 42 42
195441 195440 219559
195442 42 6781
195771 195768 195506 195507 195508
195772 195770 195540 195541 195542
195777 195776 195773 195773 195773
195778 2 37 2 37
195788 195785 195779 195779 195779
195789 195787 195574 195575 195576
195803 195798 195790 195790 195790
195804 195802 1 1 1
195810 195809 195790 195790 195790
195811 1 1 2 11
195817 195816 195790 195790 195790
195818 1 1 6779 4
195972 195930 195931 195932 195933 195934 195935 195936 195937 195938 195939 195940 195941 195942 195943 195944 195945 195946 195947 195948 195949 195950 195951 195952 195953 195954 195955 195956 195957 195958 195959 195960 195961 195962 195963 195964 195965 195966 195967 195968 195969 195970 195971
196027 196010 196011 196012 196013 196014 196015 196016 196017 196018 196019 196020 196021 196022 196023 196024 196025 196026
196090 196089 196085 196086 196087
196091 1 1 1 1
196145 196144 195779 195779 195779
196146 4 33 6781 6780
196158 196157 197780 197781 197782 197783 197784 197785 197786 197787 197788 197789 197790 197791 197792
196159 1 1 1 1 1 1 1 1 1 1 1 1 1 4
196190 196178 197764 197765 197766
196191 196189 196187 196184 196181
196325 196324 197910 197911 197912 197913 197914 197915 197916 197917 197918 197919 197920 197921 197922
196326 4 33 33 33 33 33 33 33 33 33 33 33 33 33
196332 196331 197910 197911 197912 197913 197914 197915 197916 197917 197918 197919 197920 197921 197922
196333 1 1 1 1 1 1 1 1 1 1 1 1 1 1
196383 196382 196381 196380 196379 196378 196377 196376 196375 196374 196373 196372 196371 196370 196369 196368 196367 196366 196365 196364 196363 196362 196361 196360 196359 196358 196357 196356 196355 196354 196353 196352 196351 196350 196349 196348 196347 196346 196345 196344 196343 196342 196341 196340
196477 196472 196473 196474 196475 196476
196542 196541 196537 196538 196539
196543 1 1 1 1
196892 196808 196806 196801 196798 196795 196792 196789 196786 196783 196780 196777 196774 196771 196768 196765 196762 196759 196756 196753 196750 196747 196744 196741 196738 196735 196732 196729 196726
196893 196891 196889 196886 196883 196880 196877 196874 196871 196868 196865 196862 196859 196856 196853 196850 196847 196844 196841 196838 196835 196832 196829 196826 196823 196820 196817 196814 196811
197209 197195 197764 197765 197766
197210 197208 197206 197203 197198
197372 197371 197370 197369 197368 197367 197366 197365 197364 197363 197362 197361 197360 197359 197358 197357 197356 197355 197354 197353 197352 197351 197350 197349 197348 197347 197346 197345 197344 197343 197342 197341 197340 197339 197338 197337 197336 197335 197334 197333 197332 197331 197330 197329 197328 197327 197326 197325 197324 197323 197322 197321 197320 197319 197318 197317 197316 197315 197314 197313
197452 197443 197444 197445 197446 197447 197448 197449 197450 197451
197519 197518 197514 197515 197516
197520 1 1 1 1
197728 197684 197680 197677 197674 197671 197668 197665 197662 197659 197656 197653 197650 197647 197644 195509 195510 195511 195512 195513 195514 195515 195516 195517 195518 195519 195520 195521
197729 197727 197723 197720 197717 197714 197711 197708 197705 197702 197699 197696 197693 197690 197687 195543 195544 195545 195546 195547 195548 195549 195550 195551 195552 195553 195554 195555
197740 197735 197730 197730 197730 197730 197730 197730 197730 197730 197730 197730 197730 197730 197730 197730 197730 197730 197730 197730 197730 197730 197730 197730 197730 197730 197730 197730
197741 197739 196127 196126 196125 196124 196123 196122 196121 196120 196119 196118 196117 196116 196115 196114 196113 196112 196111 196110 196109 196108 196107 196106 196105 196104 196103 196102
198031 198014 198015 198016 198017 198018 198019 198020 198021 198022 198023 198024 198025 198026 198027 198028 198029 198030
198373 198356 198357 198358 198359 198360 198361 198362 198363 198364 198365 198366 198367 198368 198369 198370 198371 198372
198756 198755 198741 198742 198743 198744 198745 198746 198747 198748 198749 198750 198751 198752 198753
198757 1 1 1 1 1 1 1 1 1 1 1 1 1 1
198820 198819 198805 198806 198807 198808 198809 198810 198811 198812 198813 198814 198815 198816 198817
198821 1 1 1 1 1 1 1 1 1 1 1 1 1 1
198941 198940 198924 198925 198926 198927 198928 198929 198930 198931 198932 198933 198934 198935 198936
198942 1 1 1 1 1 1 1 1 1 1 1 1 1 4
199327 199315 199596 199597 199598
199328 199326 199324 199321 199318
199415 199410 199329 199329 199329
199416 199414 2 6781 6782
199806 199805 219559
199807 42 11
200147 200142 200087 200086
200148 200146 200103 200102
200153 200152 200149 200149
200154 5 4 6780
200166 200161 200155 200155
200167 200165 200119 200118
200175 200174 200168 200168
200176 1 1 1
200182 200181 200168 200168
200183 1 4 43
200189 200188 200168 200168
200190 1 42 6779
200273 200253 200254 200255 200256 200257 200258 200259 200260 200261 200262 200263 200264 200265 200266 200267 200268 200269 200270 200271 200272
200328 200319 200320 200321 200322 200323 200324 200325 200326 200327
200359 200358 200356
200360 1 1
200401 200400 200155 200155
200402 2 6782 37
200414 200413 201261 201262 201263 201264 201265 201266
200415 1 1 1 1 1 1 4
200437 200426 201247 201248
200438 200436 200432 200429
200496 201337 201338 201339 201340 201341 201342
200497 33 33 33 33 33 33
200503 200502 201337 201338 201339 201340 201341 201342
200504 1 1 1 1 1 1 1
200556 200555 200554 200553 200552 200551 200550 200549 200548 200547 200546 200545 200544 200543 200542 200541 200540 200539 200538 200537 200536 200535
200604 200601 200602 200603
200637 200636 200634
200638 1 1
200801 200760 200756 200753 200750 200747 200744 200741 200738 200735 200732 200729 200726 200723
200802 200800 200796 200793 200790 200787 200784 200781 200778 200775 200772 200769 200766 200763
200958 200947 201247 201248
200959 200957 200955 200950
201046 201045 201044 201043 201042 201041 201040 201039 201038 201037 201036 201035 201034 201033 201032 201031 201030 201029 201028 201027 201026 201025 201024 201023 201022 201021 201020 201019 201018 201017
201089 201084 201085 201086 201087 201088
201122 201121 201119
201123 1 1
201216 1 1 1 1 1 1 201213 199864 199865 199866 199867 199868
201217 1 1 1 1 1 1 201215 199898 199899 199900 199901 199902
201223 201220 201218 201218 201218 201218 201218 201218 201218 201218 201218 201218 201218 201218
201224 201222 200382 200381 200380 200379 200378 200377 200376 200375 200374 200373 200372 200371
201418 201401 201402 201403 201404 201405 201406 201407 201408 201409 201410 201411 201412 201413 201414 201415 201416 201417
201552 201535 201536 201537 201538 201539 201540 201541 201542 201543 201544 201545 201546 201547 201548 201549 201550 201551
201739 201738 201731 201732 201733 201734 201735 201736
201740 1 1 1 1 1 1 1
201773 201772 201765 201766 201767 201768 201769 201770
201774 1 1 1 1 1 1 1
201836 201835 201826 201827 201828 201829 201830 201831
201837 1 1 1 1 1 1 4
202030 202019 202232 202233
202031 202029 202025 202022
202075 202074 202032 202032
202076 1 11 6780
202372 202371 219835
202373 4 33
202421 202420 219869
202422 4 33
202470 202469 219903
202471 4 33
202708 202574 202575 202576
202709 202608 202609 202610
202719 202714 202574 202575 202576
202720 202718 202608 202609 202610
202726 202723 202577 202578 202579 202580 202581 202582 202583 202584 202585 202586 202587 202588 202589
202727 202725 202611 202612 202613 202614 202615 202616 202617 202618 202619 202620 202621 202622 202623
202735 202732 202577 202578 202579 202580 202581 202582 202583 202584 202585 202586 202587 202588 202589
202736 202734 202611 202612 202613 202614 202615 202616 202617 202618 202619 202620 202621 202622 202623
202788 202783 202574 202575 202576
202789 202787 42 1 41
202794 1 4
202795 202793 202576
202830 202816 202817 202818 202819 202820 202821 202822 202823 202824 202825 202826 202827 202828 202829
202885 202880 202855 202854
202886 202884 37 41
202893 1 4
202894 202892 202888
202914 202908 202909 202910 202911 202912 202913
202928 202923 202927
202929 5 33
202988 202983 202574 202575 202576
202989 202987 42 1 41
202994 1 4
202995 202993 202576
203030 203016 203017 203018 203019 203020 203021 203022 203023 203024 203025 203026 203027 203028 203029
203039 203038 202575 202576
203040 2 33 33
203111 203106 203081 203080
203112 203110 37 41
203119 1 4
203120 203118 203114
203140 203134 203135 203136 203137 203138 203139
203154 203149 203153
203155 5 33
203245 203244 202575 202576
203246 4 1 1
203273 203272 203262
203274 1 41
203322 203321 202575 202576
203323 1 1 41
203454 203453 202575 202576
203455 5 33 33
203543 203542 203541 203540 203539 203538 203537 203536 203535 203534 203533 203532 203531 203530 203529 203528 203527 203526 203525 203524 203523 203522 203521 203520 203519 203518 203517 203516 203515 203514
203551 203550 203547 203547 203547 203547 203547 203547 203547 203547 203547 203547 203547 203547
203552 1 1 1 1 1 1 1 1 1 1 1 1 1
203620 203603 203604 203605 203606 203607 203608 203609 203610 203611 203612 203613 203614 203615 203616 203617 203618
203621 1 1 1 1 1 1 1 1 1 1 1 1 1 1 1 4
203708 203707 202575 202576
203709 1 2 33
203714 203713 203547 203547 203547 203547 203547 203547 203547 203547 203547 203547 203547 203547 203547 203547 203547
203715 2 33 33 33 33 33 33 33 33 33 33 33 33 33 33 33
203723 203722 203718
203724 1 1
203730 203729 203547 203547 203547 203547 203547 203547 203547 203547 203547 203547 203547 203547 203547 203547 203547
203731 1 1 1 1 1 1 1 1 1 1 1 1 1 1 1 1
203738 203737 202575 202576
203739 1 2 6782
203829 203828 202575 202576
203830 5 33 33
203886 203885 203884 203883 203882 203881 203880 203879 203878 203877 203876 203875 203874 203873 203872 203871 203870 203869 203868 203867 203866 203865
203894 203893 203890 203890 203890 203890 203890 203890 203890 203890 203890 203890 203890 203890
203895 1 1 1 1 1 1 1 1 1 1 1 1 1
203932 203931 202575 202576
203933 1 4 33
203938 203937 203890 203890 203890 203890 203890 203890 203890
203939 2 33 33 33 33 33 33 33
203947 203946 203942
203948 1 1
203954 203953 203890 203890 203890 203890 203890 203890 203890
203955 1 1 1 1 1 1 1 1
203962 203961 202575 202576
203963 1 4 6782
204077 204072 202574 202575 202576 202577 202578 202579 202580 202581 202582 202583 202584 202585 202586 202587 202588 202589
204078 204076 1 1 1 1 1 1 1 1 1 1 1 1 1 1 1 1
204088 204083 202608 202609 202610 202611 202612 202613 202614 202615 202616 202617 202618 202619 202620 202621 202622 202623
204089 204087 33 33 33 33 33 33 33 33 33 33 33 33 33 33 33 33
204106 204105 204099 204098
204107 5 1 1
204143 204142 219835
204144 4 33
204192 204191 204185 204184
204193 5 1 1
204229 204228 219869
204230 4 33
204662 204661 204735 204736
204663 4 1 1
204782 204781 204459 204460 204461
204783 2 43 1 1
204786 204468 204469 204470 204471 204472 204473 204474
204787 1 1 1 1 1 1 1
204819 204802 204803 204804 204805 204806 204807 204808 204809 204810 204811 204812 204813 204814 204815 204816 204817 204818
204953 204936 204937 204938 204939 204940 204941 204942 204943 204944 204945 204946 204947 204948 204949 204950 204951 204952
205066 205065 205058 205059 205060 205061 205062 205063
205067 1 1 1 1 1 1 1
205120 205119 205112 205113 205114 205115 205116 205117
205121 1 1 1 1 1 1 1
205165 205164 205155 205156 205157 205158 205159 205160
205166 1 1 1 1 1 1 4
205304 205290 204784 204784 204784
205305 205303 205299 205296 205293
205314 205312 205309 205308
205315 205313 1 41
205322 205321 205306 205306 205306
205323 1 1 11 6780
205345 205340 204784
205346 205344 4
205988 205986 205987
205989 1 1
206008 206007 219835
206009 4 33
206056 206055 206030 206029
206057 5 1 1
206136 206135 219869
206137 4 33
206184 206183 206158 206157
206185 5 1 1
206259 206257 206258
206260 1 1
206823 206817 205897 205898 205899
206824 206822 206820 206812 206813
206837 206832 206825 206825 206825
206838 206836 44 33 33
207431 207430 207426 207423 1 1
207432 42 1 1 1 1
207476 207475 207471 207470 207469 207468 207467
207477 1 1 1 42 1 1
207562 207551 207547 207544 207349 207350
207563 207561 207557 207554 207358 207359
207575 207570 207564 207564 207564 207564
207576 207574 207538 207539 207540 207541
207590 207589 207581
207591 1 4
209422 209421 210877 210878 210879 210880 210881 210882 210883 210884 210885 210886 210887 210888 210889
209423 1 1 1 1 1 1 1 1 1 1 1 1 1 1
209436 209435 206513 206514 206515
209437 1 1 1 4
209445 209444 206709 206710 206711 206712 206713 206714 206715 206716 206717 206718 206719 206720 206721
209446 1 1 1 1 1 1 1 1 1 1 1 1 1 4
209468 209467 209465 209464 209463
209469 1 42 1 1
209583 209566 209567 209568 209569 209570 209571 209572 209573 209574 209575 209576 209577 209578 209579 209580 209581 209582
209925 209908 209909 209910 209911 209912 209913 209914 209915 209916 209917 209918 209919 209920 209921 209922 209923 209924
210192 210191 210177 210178 210179 210180 210181 210182 210183 210184 210185 210186 210187 210188 210189
210193 1 1 1 1 1 1 1 1 1 1 1 1 1 1
210254 210253 210239 210240 210241 210242 210243 210244 210245 210246 210247 210248 210249 210250 210251
210255 1 1 1 1 1 1 1 1 1 1 1 1 1 1
210334 210333 210317 210318 210319 210320 210321 210322 210323 210324 210325 210326 210327 210328 210329
210335 1 1 1 1 1 1 1 1 1 1 1 1 1 4
210582 210570 209481 209482 209483
210583 210581 210579 210576 210573
210605 210600 210584 210584 210584
210606 210604 2 6781 6782
211057 211015 211013 211010 211007 211004 211001 210998 210995 210992 210989 210986 210983 210980 210977 210808 210809 210810 210811 210812 210813 210814 210815 210816 210817 210818 210819 210820
211058 211056 211054 211051 211048 211045 211042 211039 211036 211033 211030 211027 211024 211021 211018 210836 210837 210838 210839 210840 210841 210842 210843 210844 210845 210846 210847 210848
211065 211062 211059 211059 211059 211059 211059 211059 211059 211059 211059 211059 211059 211059 211059 211059 211059 211059 211059 211059 211059 211059 211059 211059 211059 211059 211059 211059
211066 211064 208700 208701 208702 208703 208704 208705 208706 208707 208708 208709 208710 208711 208794 208795 208796 208797 208798 208799 208800 208801 208802 208803 208804 208805 208806 208807
211153 211151 211152
211154 1 1
211248 211246 211247
211249 1 1
211386 211385 211210 211211 211212
211387 2 43 1 1
211390 211219 211220 211221 211222 211223 211224 211225
211391 1 1 1 1 1 1 1
211423 211406 211407 211408 211409 211410 211411 211412 211413 211414 211415 211416 211417 211418 211419 211420 211421 211422
211557 211540 211541 211542 211543 211544 211545 211546 211547 211548 211549 211550 211551 211552 211553 211554 211555 211556
211670 211669 211662 211663 211664 211665 211666 211667
211671 1 1 1 1 1 1 1
211724 211723 211716 211717 211718 211719 211720 211721
211725 1 1 1 1 1 1 1
211769 211768 211759 211760 211761 211762 211763 211764
211770 1 1 1 1 1 1 4
211908 211894 211388 211388 211388
211909 211907 211903 211900 211897
211918 211916 211913 211912
211919 211917 1 41
211926 211925 211910 211910 211910
211927 1 1 11 6780
211949 211944 211388
211950 211948 4
212166 1 1 1 1 1 1 1 212165
212189 1 1 1 1 1 1 1 212188
212450 212448 212449
212451 1 1
212467 212465 212466
212468 1 1
212481 212479 212480
212482 1 1
212495 212493 212494
212496 1 1
212509 212507 212508
212510 1 1
212523 212521 212522
212524 1 1
212537 212535 212536
212538 1 1
212829 212827 212828
212830 1 1
212877 212876 195024
212878 1 41
212886 1 1 1 1 1 1 1 212885
212909 1 1 1 1 1 1 1 212908
213048 213046 213047
213049 1 1
213065 213063 213064
213066 1 1
213079 213077 213078
213080 1 1
213223 213221 213222
213224 1 1
213271 213270 219559
213272 1 41
213276 213274 213275
213277 1 1
213299 213294 219869 219870 219871
213300 213298 42 1 41
213305 1 4
213306 213304 219871
213341 213327 213328 213329 213330 213331 213332 213333 213334 213335 213336 213337 213338 213339 213340
213350 213349 219870 219871
213351 2 33 33
213424 213419 213394 213393
213425 213423 37 41
213432 1 4
213433 213431 213427
213453 213447 213448 213449 213450 213451 213452
213467 213462 213466
213468 5 33
213557 213556 227361
213558 1 41
214017 214014 220975
214018 214016 213842
214025 214022 220975
214026 214024 213844
214033 214030 220975
214034 214032 213846
214041 214038 212136
214042 214040 213842
214049 214046 212136
214050 214048 213844
214057 214054 212136
214058 214056 213846
214085 214083 214084
214086 1 1
214584 214581 220975
214585 214583 214409
214592 214589 220975
214593 214591 214411
214600 214597 220975
214601 214599 214413
214608 214605 212136
214609 214607 214409
214616 214613 212136
214617 214615 214411
214624 214621 212136
214625 214623 214413
214652 214650 214651
214653 1 1
215156 215153 220975
215157 215155 214981
215164 215161 220975
215165 215163 214983
215172 215169 220975
215173 215171 214985
215180 215177 212136
215181 215179 214981
215188 215185 212136
215189 215187 214983
215196 215193 212136
215197 215195 214985
215224 215222 215223
215225 1 1
215728 215725 220975
215729 215727 215553
215736 215733 220975
215737 215735 215555
215744 215741 220975
215745 215743 215557
215752 215749 212136
215753 215751 215553
215760 215757 212136
215761 215759 215555
215768 215765 212136
215769 215767 215557
215796 215794 215795
215797 1 1
216300 216297 220975
216301 216299 216125
216308 216305 220975
216309 216307 216127
216316 216313 220975
216317 216315 216129
216324 216321 212136
216325 216323 216125
216332 216329 212136
216333 216331 216127
216340 216337 212136
216341 216339 216129
216368 216366 216367
216369 1 1
216872 216869 220975
216873 216871 216697
216880 216877 220975
216881 216879 216699
216888 216885 220975
216889 216887 216701
216896 216893 212136
216897 216895 216697
216904 216901 212136
216905 216903 216699
216912 216909 212136
216913 216911 216701
216940 216938 216939
216941 1 1
217444 217441 220975
217445 217443 217269
217452 217449 220975
217453 217451 217271
217460 217457 220975
217461 217459 217273
217468 217465 212136
217469 217467 217269
217476 217473 212136
217477 217475 217271
217484 217481 212136
217485 217483 217273
217512 217510 217511
217513 1 1
218016 218013 220975
218017 218015 217841
218024 218021 220975
218025 218023 217843
218032 218029 220975
218033 218031 217845
218040 218037 212136
218041 218039 217841
218048 218045 212136
218049 218047 217843
218056 218053 212136
218057 218055 217845
218084 218082 218083
218085 1 1
218320 218319 218316 218317
218321 1 1 1
218457 218456 218453 218454
218458 1 1 1
218597 218596 218593 218594
218598 1 1 1
218737 218736 218733 218734
218738 1 1 1
218877 218876 218873 218874
218878 1 1 1
219017 219016 219013 219014
219018 1 1 1
219157 219156 219153 219154
219158 1 1 1
219297 219296 219293 219294
219298 1 1 1
219440 1 1 1 1 1 1 219439 219522
219460 1 1 1 1 1 1 219459 219526
219480 1 1 1 1 1 1 219479 219530
219500 1 1 1 1 1 1 219499 221594
219520 1 1 1 1 1 1 219519 212136
219539 219536 221594
219540 219538 212136
219545 219544 221594
219546 1 1
219938 219937 219437
219939 4 43
219943 219942 219437
219944 4 6779
219948 219947 219437
219949 4 6781
219955 219954 219437
219956 4 37
219960 219959 219437
219961 4 44
219967 219966 219437
219968 4 6780
219981 219980 219437
219982 1 6780
219989 219988 219984
219990 1 11
219997 219996 219992
219998 4 5
220005 220004 220000
220006 1 6781
220015 220014 220012
220016 1 11
220028 220027 220025
220029 1 6780
220034 220033 219437
220035 1 11
220048 220047 220043
220049 1 2
220054 220053 219437
220055 1 6779
220060 220059 219437
220061 1 6781
220072 220071 220069
220073 1 42
220085 220084 220082
220086 1 44
220090 220089 219437
220091 41 44
220098 220097 220093
220099 4 37
220108 220107 220105
220109 1 6780
220118 220117 220115
220119 1 37
220144 220143 220141
220145 1 43
220169 220168 220166
220170 1 42
220182 220181 220179
220183 1 6778
220195 220194 219437
220196 1 43
220202 220201 219437
220203 1 6779
220209 220208 219437
220210 1 6781
220219 220218 220216
220220 1 37
220231 220230 220228
220232 1 6779
220263 220262 219437
220264 41 6780
220268 220267 219437
220269 41 6782
220273 220272 219437
220274 2 1
220278 220277 219437
220279 2 41
220283 220282 219437
220284 41 6781
220288 220287 219437
220289 41 33
220293 220292 219437
220294 2 4
220298 220297 219437
220299 2 2
220376 220375 219437
220377 1 4
220381 220380 219437
220382 1 41
220386 220385 219437
220387 42 2
220392 220391 219437
220393 1 2
220400 220399 219345
220401 1 11
220412 220410 220411
220413 1 1
220684 220683 219376
220685 1 1
220708 220707 219374
220709 1 1
220732 220731 219372
220733 1 1
220756 220754 220755
220757 1 1
221018 221017 220999 221000
221019 1 1 1
221021 221001 221002 221003 221004 221005 221006 221007 221008 221009 221010 221011 221012 221013
221022 1 1 1 1 1 1 1 1 1 1 1 1 1
221241 221240 221239 221238 221237 221236 221235 221234 221233 221232 221231 221230 221229 221228 221227 221226 221225 221224 221223 221222 221221 221220 221219 221218 221217 221216 221215 221214 221213 221212
221306 221294 221295 221296
221307 221305 221303 221300
221344 221339 221343
221345 1 1
221349 221348 221009 221010 221011 221012 221013
221350 1 1 1 1 1 1
221473 221472 221471 221470 221469 221468 221467 221466 221465 221464 221463 221462 221461 221460 221459
221515 221506 221502 221503
221516 221514 221512 221509
221540 221313 221314 221315 221316 221317
221541 33 33 33 33 33
221652 221651 213550
221653 1 41
221696 221695 221693 182279
221697 4 1 2
221706 221705 221703 182279
221707 1 37 2
221716 221715 221713 182279
221717 41 37 2
221726 221725 221723 182279
221727 1 1 2
221736 221735 221733 182279
221737 41 1 2
221746 221745 221743 182279
221747 4 41 2
221756 221755 221753 182279
221757 1 6779 2
221766 221765 221763 182279
221767 1 41 2
221772 221771 182279
221773 2 5
221782 221781 221779 182279
221783 1 4 2
221792 221791 221789 182279
221793 2 43 2
221802 221801 221799 182279
221803 2 4 2
221812 221811 221809 182279
221813 41 4 2
221822 221821 221819 182279
221823 4 4 2
221832 221831 221829 182279
221833 4 43 2
221851 221850 221848 221845 221842 182279
221852 1 1 1 6780 2
221870 221869 221867 221864 221861 182279
221871 1 1 1 2 2
221889 221888 221886 221883 221880 182279
221890 1 37 1 2 2
221908 221907 221905 221902 221899 182279
221909 1 1 4 2 2
221927 221926 221924 221921 221918 182279
221928 1 1 4 6780 2
221946 221945 221943 221940 221937 182279
221947 1 1 2 6780 2
221965 221964 221962 221959 221956 182279
221966 1 1 2 2 2
221984 221983 221981 221978 221975 182279
221985 1 1 41 2 2
222003 222002 222000 221997 221994 182279
222004 1 37 41 6780 2
222022 222021 222019 222016 222013 182279
222023 1 1 41 6780 2
222041 222040 222038 222035 222032 182279
222042 1 1 42 2 2
222060 222059 222057 222054 222051 182279
222061 1 1 42 6780 2
222079 222078 222076 222073 222070 182279
222080 1 1 6778 6780 2
222098 222097 222095 222092 222089 182279
222099 1 1 6778 2 2
222117 222116 222114 222111 222108 182279
222118 1 1 42 2 6780
222136 222135 222133 222130 222127 182279
222137 1 1 11 2 2
222155 222154 222152 222149 222146 182279
222156 1 1 11 6780 2
222174 222173 222171 222168 222165 182279
222175 1 1 5 2 2
222193 222192 222190 222187 222184 182279
222194 1 1 5 6780 2
222212 222211 222209 222206 222203 182279
222213 1 1 11 2 6780
222231 222230 222228 222225 222222 182279
222232 1 1 11 6780 6780
222250 222249 222247 222244 222241 182279
222251 1 1 5 2 6780
222269 222268 222266 222263 222260 182279
222270 1 1 5 6780 6780
222275 222274 182279
222276 4 5
222281 222280 182279
222282 11 33
222291 222290 222288 182279
222292 1 11 5
222301 222300 222298 182279
222302 1 11 2
222311 222310 222308 182279
222312 1 6782 2
222321 222320 222318 182279
222322 41 6782 2
222331 222330 222328 182279
222332 2 6782 2
222341 222340 222338 182279
222342 41 11 2
222351 222350 222348 182279
222352 2 11 2
222361 222360 222358 182279
222362 1 33 2
222371 222370 222368 182279
222372 4 5 2
222381 222380 222378 182279
222382 4 33 2
222391 222390 222388 182279
222392 41 33 2
222401 222400 222398 182279
222402 2 5 2
222411 222410 222408 182279
222412 2 33 2
222426 222425 222423 222420 182277 182278 182279
222427 1 42 37 1 5 2
222429 182272 182273 182274 182275 182276 182277 182278 182279
222430 1 1 1 1 1 1 5 2
222432 182272 182273 182274 182275 182276 182277 182278 182279
222433 1 1 4 1 1 1 5 2
222435 182272 182273 182274 182275 182276 182277 182278 182279
222436 4 1 41 1 1 1 5 2
222438 182272 182273 182274 182275 182276 182277 182278 182279
222439 2 1 41 1 1 1 5 2
222441 182272 182273 182274 182275 182276 182277 182278 182279
222442 5 6780 41 1 1 1 5 2
222444 182272 182273 182274 182275 182276 182277 182278 182279
222445 4 1 6778 1 1 1 5 2
222454 222453 222451 182279
222455 1 37 33
222464 222463 222461 182279
222465 1 1 33
222482 222481 222477 222474 182279
222483 1 4 41 33
222500 222499 222495 222492 182279
222501 4 4 41 33
222518 222517 222513 222510 182279
222519 1 6778 41 33
222536 222535 222531 222528 182279
222537 2 4 41 33
222554 222553 222549 222546 182279
222555 41 4 41 33
222572 222571 222567 222564 182279
222573 42 4 41 33
222590 222589 222585 222582 182279
222591 11 4 41 33
222608 222607 222603 222600 182279
222609 6778 4 41 33
222626 222625 222621 222618 182279
222627 5 4 41 33
222644 222643 222639 222636 182279
222645 1 4 6779 33
222662 222661 222657 222654 182279
222663 4 4 6779 33
222680 222679 222675 222672 182279
222681 1 6778 6779 33
222698 222697 222693 222690 182279
222699 2 4 6779 33
222716 222715 222711 222708 182279
222717 41 4 6779 33
222734 222733 222729 222726 182279
222735 42 4 6779 33
222752 222751 222747 222744 182279
222753 11 4 6779 33
222770 222769 222765 222762 182279
222771 6778 4 6779 33
222788 222787 222783 222780 182279
222789 5 4 6779 33
222810 222809 222807 222802 222799 182279
222811 4 1 4 41 33
222832 222831 222829 222824 222821 182279
222833 4 1 4 6779 33
222850 222849 222845 222842 182279
222851 1 44 41 33
222868 222867 222863 222860 182279
222869 1 44 6779 33
222878 222877 222875 182279
222879 4 1 5
222888 222887 222885 182279
222889 4 37 5
222898 222897 222895 182279
222899 4 41 5
222908 222907 222905 182279
222909 4 6779 5
222927 222926 222924 222921 222918 222915 182279
222928 2 37 1 1 44 2
222946 222945 222943 222940 222937 222934 182279
222947 2 37 37 1 44 2
222965 222964 222962 222959 222956 222953 182279
222966 2 6781 1 1 6778 2
222984 222983 222981 222978 222975 222972 182279
222985 2 6781 37 1 6778 2
223003 223002 223000 222997 222994 222991 182279
223004 2 37 1 1 6778 2
223022 223021 223019 223016 223013 223010 182279
223023 2 37 37 1 6778 2
223041 223040 223038 223035 223032 182279
223042 1 42 1 6778 2
223060 223059 223057 223054 223051 182279
223061 1 42 42 6778 2
223079 223078 223076 223073 223070 182279
223080 1 42 4 6778 2
223098 223097 223095 223092 223089 182279
223099 1 42 6778 6778 2
223117 223116 223114 223111 223108 182279
223118 1 42 1 44 2
223136 223135 223133 223130 223127 182279
223137 1 42 42 44 2
223151 223150 223148 223145 223142 182279
223152 41 1 1 44 2
223166 223165 223163 223160 223157 182279
223167 41 4 1 6778 2
223181 223180 223178 223175 223172 182279
223182 11 37 1 6778 2
223196 223195 223193 223190 223187 182279
223197 11 37 1 44 2
223211 223210 223208 223205 223202 182279
223212 11 37 4 6778 2
223226 223225 223223 223220 223217 182279
223227 11 37 4 44 2
223241 223240 223238 223235 223232 182279
223242 11 43 1 6778 2
223256 223255 223253 223250 223247 182279
223257 11 43 1 44 2
223271 223270 223268 223265 223262 182279
223272 11 43 4 6778 2
223286 223285 223283 223280 223277 182279
223287 11 43 4 44 2
223301 223300 223298 223295 223292 182279
223302 11 1 1 6778 2
223316 223315 223313 223310 223307 182279
223317 11 1 1 44 2
223331 223330 223328 223325 223322 182279
223332 11 1 4 6778 2
223346 223345 223343 223340 223337 182279
223347 11 1 4 44 2
223361 223360 223358 223355 223352 182279
223362 11 4 1 6778 2
223376 223375 223373 223370 223367 182279
223377 11 4 1 44 2
223391 223390 223388 223385 223382 182279
223392 11 4 4 6778 2
223406 223405 223403 223400 223397 182279
223407 11 4 4 44 2
223425 223424 223422 223419 223416 182279
223426 4 42 4 6778 2
223444 223443 223441 223438 223435 182279
223445 4 42 1 44 2
223463 223462 223460 223457 223454 182279
223464 4 42 1 6778 2
223482 223481 223479 223476 223473 182279
223483 4 42 6778 6778 2
223501 223500 223498 223495 223492 182279
223502 4 42 42 44 2
223520 223519 223517 223514 223511 182279
223521 4 42 42 6778 2
223539 223538 223536 223533 223530 182279
223540 1 6778 1 6778 2
223558 223557 223555 223552 223549 182279
223559 1 6778 1 44 2
223577 223576 223574 223571 223568 182279
223578 1 6778 42 6778 2
223596 223595 223593 223590 223587 182279
223597 1 6778 42 44 2
223611 223610 223608 223605 182279
223612 1 1 6778 2
223626 223625 223623 223620 182279
223627 1 41 6778 2
223641 223640 223638 223635 182279
223642 1 42 6778 2
223656 223655 223653 223650 182279
223657 1 1 44 2
223671 223670 223668 223665 182279
223672 1 41 44 2
223686 223685 223683 223680 182279
223687 1 42 44 2
223697 223696 223694 182279
223698 1 42 2
223708 223707 223705 182279
223709 1 42 5
223719 223718 223716 182279
223720 1 42 33
223730 223729 223727 182279
223731 1 42 6780
223741 223740 223738 182279
223742 1 6781 2
223752 223751 223749 182279
223753 1 6781 5
223763 223762 223760 182279
223764 1 6781 33
223774 223773 223771 182279
223775 1 6781 6780
223789 223788 223786 223783 182279
223790 1 11 6778 2
223804 223803 223801 223798 182279
223805 1 11 44 2
223819 223818 223816 223813 223810 182279
223820 41 6781 1 6778 2
223834 223833 223831 223828 223825 182279
223835 41 44 1 6778 2
223844 223843 223841 182279
223845 4 37 2
223854 223853 223851 182279
223855 2 1 2
223864 223863 223861 182279
223865 4 6779 2
223880 223879 223877 223874 182279
223881 1 1 43 2
223896 223895 223893 223890 182279
223897 1 41 43 2
223912 223911 223909 223906 182279
223913 42 41 43 2
223922 223921 223919 182279
223923 1 4 6780
223941 223940 223938 223935 223932 182279
223942 1 1 1 43 6780
223960 223959 223957 223954 223951 182279
223961 1 37 41 43 6780
223979 223978 223976 223973 223970 182279
223980 1 1 41 43 6780
223998 223997 223995 223992 223989 182279
223999 1 1 1 2 6780
224017 224016 224014 224011 224008 182279
224018 1 37 1 2 6780
224036 224035 224033 224030 224027 182279
224037 1 1 1 6780 6780
224055 224054 224052 224049 224046 182279
224056 1 37 41 6780 6780
224074 224073 224071 224068 224065 182279
224075 1 1 41 6780 6780
224325 224324 224322
224326 1 1
224358 224357 224353
224359 1 37
224382 224381 224377
224383 1 37
224413 224412 224408
224414 4 37
224430 224429 224427
224431 1 6780
224454 224453 224447
224455 4 6779
224465 224464 224462
224466 4 33
224479 224478 224476
224480 4 37
224501 224500 224496
224502 42 6779
224519 224518 224514
224520 2 37
224546 224545 224539
224547 42 41
224564 224563 224557
224565 41 37
224588 224587 224581
224589 11 11
224611 224610 224604
224612 11 1
224634 224633 224627
224635 11 1
224650 224649 224647
224651 4 41
224669 224668 224662
224670 6778 37
224684 224683 224679
224685 2 37
224708 224707 224701
224709 1 42
224723 224722 224720
224724 41 41
224745 224744 224740
224746 2 41
224813 224812 224808
224814 1 42
224844 224843 224841 224837
224845 1 1 6781
224864 224863 224861
224865 1 6778
224883 224882 224878
224884 1 6779
224900 224899 224897
224901 1 6778
224915 224914 224910
224916 4 42
224925 224924 224922
224926 1 33
224935 224934 224932
224936 4 5
224945 224944 224942
224946 4 43
224964 224963 224959
224965 41 6779
224978 224977 224975
224979 4 6781
224989 224988 224986
224990 4 43
225008 225007 225003
225009 2 41
225028 225027 225023
225029 4 44
225050 225049 225043
225051 11 11
225061 225060 225058
225062 4 6778
225080 225079 225075
225081 41 2
225095 225094 225092
225096 4 6779
225106 225105 225103
225107 4 33
225141 225140 225138
225142 1 41
225174 225173 225171
225175 1 2
225190 225180 225189
225191 1 42
225201 225200 225198
225202 1 37
225233 225232 225230
225234 1 6779
225243 225242 225240
225244 1 5
225275 225274 225270
225276 4 41
225291 225290 225288
225292 1 43
225314 225313 225309
225315 2 41
225338 225337 225333
225339 41 11
225352 225351 225347
225353 5 11
225368 225367 225365
225369 4 43
225383 225382 225378
225384 4 44
225400 225399 225395
225401 4 44
225418 225417 225413
225419 2 41
225436 225435 225431
225437 41 42
225447 225446 225444
225448 4 6778
225463 225462 225458
225464 11 41
225482 225481 225475
225483 1 2
225541 225540 225534
225542 1 11
225568 225567 225565
225569 1 11
225584 225583 225581
225585 1 11
225612 225611 225607
225613 1 6779
225623 225622 225616
225624 41 42
225635 225634 225632
225636 4 41
225655 225654 225650
225656 2 41
225675 225674 225670
225676 2 41
225691 225690 225686
225692 2 42
225704 225703 225701
225705 1 44
225720 225719 225715
225721 4 6778
225742 225741 225735
225743 41 2
225767 225766 225760
225768 41 2
225778 225777 225775
225779 4 44
225789 225788 225786
225790 42 41
225799 225798 225796
225800 41 6778
225813 225812 225808
225814 1 44
225844 225843 225841
225845 1 6778
225855 225854 225852
225856 1 6778
225869 225868 225866
225870 1 6782
225881 225880 225874
225882 41 6781
225895 225894 225892
225896 4 11
225925 225924 225922
225926 4 41
225941 225940 225938
225942 4 41
225962 225961 225955
225963 41 11
225974 225973 225967
225975 41 6781
225992 225991 225989
225993 4 2
226005 226004 226002
226006 37 6781
226023 226022 226020
226024 41 2
226044 226043 226037
226045 11 11
226080 226079 226077
226081 1 5
226090 226089 226087
226091 4 33
226115 226114 226112
226116 4 44
226166 226165 226163
226167 1 6778
226180 226179 226177
226181 1 44
226443 226442 226436
226444 11 11
226460 226459 226455
226461 41 11
226477 226476 226474
226478 4 6779
226508 226507 226505
226509 4 11
226522 226521 226519
226523 1 33
226558 226557 226555
226559 4 44
226566 226565 226561
226567 1 43
226576 226575 226573
226577 4 6778
226815 226814 226810
226816 1 5
226829 226828 226824
226830 41 2
226843 226842 226840
226844 2 2
226957 226956 226954
226958 4 6778
226975 226974 226972
226976 1 4
227107 227106 227172
227108 1 1
227124 227123 227117
227125 11 6780
227189 227188 227167
227190 1 1
227204 227203 227201
227205 4 42
227215 227214 227212
227216 1 6778
227221 227220 182274
227222 1 1
227227 227226 227172
227228 1 1
227273 227272 227266
227274 41 6778
227288 227287 227281
227289 41 11
227297 227291 227292
227298 33 33
227885 227882 227569
227886 227884 227670
227893 227890 227569
227894 227892 227666
227901 227898 227569
227902 227900 227674
229110 229109 229108 229107 229106 229105 229104 229103 229102 229101 229100 229099 229098 229097 229096 229095 229094
230401 228095 228089 228083 228077 228071 228065 228059 228053 228047 228041 228035 228029 228023 228017 228011 228005 227999 227993 227987 227981 227975 227969 227963 227957 227951 227945 227939 227933 227927 227921 227915 32
230402 228096 228090 228084 228078 228072 228066 228060 228054 228048 228042 228036 228030 228024 228018 228012 228006 228000 227994 227988 227982 227976 227970 227964 227958 227952 227946 227940 227934 227928 227922 227916 1
230411 230410 233227
230412 1 1
230418 230415 227916
230419 230417 233227
230425 230422 227922
230426 230424 233227
230432 230429 227928
230433 230431 233227
230439 230436 227934
230440 230438 233227
230446 230443 227940
230447 230445 233227
230453 230450 227946
230454 230452 233227
230460 230457 227952
230461 230459 233227
230467 230464 227958
230468 230466 233227
230474 230471 227964
230475 230473 233227
230481 230478 227970
230482 230480 233227
230488 230485 227976
230489 230487 233227
230495 230492 227982
230496 230494 233227
230502 230499 227988
230503 230501 233227
230509 230506 227994
230510 230508 233227
230516 230513 228000
230517 230515 233227
230523 230520 228006
230524 230522 233227
230530 230527 228012
230531 230529 233227
230537 230534 228018
230538 230536 233227
230544 230541 228024
230545 230543 233227
230551 230548 228030
230552 230550 233227
230558 230555 228036
230559 230557 233227
230565 230562 228042
230566 230564 233227
230572 230569 228048
230573 230571 233227
230579 230576 228054
230580 230578 233227
230586 230583 228060
230587 230585 233227
230593 230590 228066
230594 230592 233227
230600 230597 228072
230601 230599 233227
230607 230604 228078
230608 230606 233227
230614 230611 228084
230615 230613 233227
230621 230618 228090
230622 230620 233227
230628 230625 228096
230629 230627 233227
230665 230664 233227
230666 1 1
231682 231681 231680 231679 231678 231677 231676 231675 231674 231673 231672 231671 231670 231669 231668 231667 231666
231877 231876 231875 231874 231873 231872 231871 231870 231869 231868 231867 231866 231865 231864 231863 231862 231861
232314 231652 231653 231654 231655 231656 231657 231658 231659 231660 231661 231662 231663 231664
232315 1 1 1 1 1 1 1 1 1 1 1 1 1
232321 231652 231653 231654 231655 231656
232322 1 1 1 1 1
232392 232379 232383 232387 232391
232393 1 1 1 1
232408 232403 232407
232409 1 1
232500 232487 232488 232489 232490 232491 232492 232493 232494 232495 232496 232497 232498 232499
232501 1 1 1 1 1 1 1 1 1 1 1 1 1
232714 232711 232646
232715 232713 232709
232848 232845 232780
232849 232847 232843
232860 232855 232716
232861 232859 232850
232866 232865 232862
232867 4 2
232933 232932 232931 232930 232929 232928 232927 232926 232925 232924 232923 232922 232921 232920 232919 232918 232917
232981 232980 232979 232978 232977 232976 232975 232974 232973 232972 232971 232970 232969 232968 232967 232966 232965
233029 233028 233027 233026 233025 233024 233023 233022 233021 233020 233019 233018 233017 233016 233015 233014 233013
233129 233128 233127 233126 233125 233124 233123 233122 233121 233120 233119 233118 233117 233116 233115 233114 233113
233187 233174 233175 233176 233177 233178 233179 233180 233181 233182 233183 233184 233185 233186
233207 233194 233195 233196 233197 233198 233199 233200 233201 233202 233203 233204 233205 233206
233235 233234 232437
233236 1 1
233244 233243 227569
233245 1 1
233270 233269 227573
233271 1 1
233280 233279 227577
233281 1 1
233413 233410 233325
233414 233412 233376
233421 233418 233325
233422 233420 233372
233429 233426 233325
233430 233428 233368
233437 233434 233325
233438 233436 233380
234682 234681 234680 234679 234678 234677 234676 234675 234674 234673 234672 234671 234670 234669 234668 234667 234666
235983 233635 233629 233623 233617 233611 233605 233599 233593 233587 233581 233575 233569 233563 233557 233551 233545 233539 233533 233527 233521 233515 233509 233503 233497 233491 233485 233479 233473 233467 233461 233455 233449
235984 233636 233630 233624 233618 233612 233606 233600 233594 233588 233582 233576 233570 233564 233558 233552 233546 233540 233534 233528 233522 233516 233510 233504 233498 233492 233486 233480 233474 233468 233462 233456 233450
235996 235993 233450
235997 235995 238554
236003 236000 233456
236004 236002 238554
236010 236007 233462
236011 236009 238554
236017 236014 233468
236018 236016 238554
236024 236021 233474
236025 236023 238554
236031 236028 233480
236032 236030 238554
236038 236035 233486
236039 236037 238554
236045 236042 233492
236046 236044 238554
236052 236049 233498
236053 236051 238554
236059 236056 233504
236060 236058 238554
236066 236063 233510
236067 236065 238554
236073 236070 233516
236074 236072 238554
236080 236077 233522
236081 236079 238554
236087 236084 233528
236088 236086 238554
236094 236091 233534
236095 236093 238554
236101 236098 233540
236102 236100 238554
236108 236105 233546
236109 236107 238554
236115 236112 233552
236116 236114 238554
236122 236119 233558
236123 236121 238554
236129 236126 233564
236130 236128 238554
236136 236133 233570
236137 236135 238554
236143 236140 233576
236144 236142 238554
236150 236147 233582
236151 236149 238554
236157 236154 233588
236158 236156 238554
236164 236161 233594
236165 236163 238554
236171 236168 233600
236172 236170 238554
236178 236175 233606
236179 236177 238554
236185 236182 233612
236186 236184 238554
236192 236189 233618
236193 236191 238554
236199 236196 233624
236200 236198 238554
236206 236203 233630
236207 236205 238554
236213 236210 233636
236214 236212 238554
236250 236249 238554
236251 1 1
237143 237142 237141 237140 237139 237138 237137 237136 237135 237134 237133 237132 237131 237130 237129 237128 237127
237325 237324 237323 237322 237321 237320 237319 237318 237317 237316 237315 237314 237313 237312 237311 237310 237309
237730 237114 237115 237116 237117 237118 237119 237120 237121 237122 237123 237124 237125
237731 1 1 1 1 1 1 1 1 1 1 1 1
237737 237114 237115 237116 237117
237738 1 1 1 1
237810 237797 237801 237805 237809
237811 1 1 1 1
237826 237821 237825
237827 1 1
237914 237902 237903 237904 237905 237906 237907 237908 237909 237910 237911 237912 237913
237915 1 1 1 1 1 1 1 1 1 1 1 1
238110 238107 238048
238111 238109 238105
238232 238229 238170
238233 238231 238227
238244 238239 238112
238245 238243 238234
238250 238249 238246
238251 1 6782
238314 238313 238312 238311 238310 238309 238308 238307 238306 238305 238304 238303 238302 238301 238300 238299 238298
238360 238359 238358 238357 238356 238355 238354 238353 238352 238351 238350 238349 238348 238347 238346 238345 238344
238442 238441 238440 238439 238438 238437 238436 238435 238434 238433 238432 238431 238430 238429 238428 238427 238426
238496 238484 238485 238486 238487 238488 238489 238490 238491 238492 238493 238494 238495
238515 238503 238504 238505 238506 238507 238508 238509 238510 238511 238512 238513 238514
238534 238522 238523 238524 238525 238526 238527 238528 238529 238530 238531 238532 238533
238562 238561 237855
238563 1 1
238596 238595 227361
238597 1 41
238605 238604 227361
238606 42 2
239088 239087 238904
239089 1 1
239100 239099 238906
239101 1 1
239113 239110 252671
239114 239112 238904
239121 239118 252671
239122 239120 238906
239129 239126 252671
239130 239128 238908
239137 239134 252118
239138 239136 238904
239145 239142 252118
239146 239144 238906
239153 239150 252118
239154 239152 238908
239161 239158 194114
239162 239160 238904
239169 239166 194114
239170 239168 238906
239177 239174 194114
239178 239176 238908
239186 239185 297477
239187 1 1
239197 239194 297477
239198 239196 238904
239215 239212 297477
239216 239214 238906
239247 239245 239246
239248 1 1
239765 239764 239581
239766 1 1
239777 239776 239583
239778 1 1
239790 239787 252671
239791 239789 239581
239798 239795 252671
239799 239797 239583
239806 239803 252671
239807 239805 239585
239814 239811 252118
239815 239813 239581
239822 239819 252118
239823 239821 239583
239830 239827 252118
239831 239829 239585
239838 239835 194114
239839 239837 239581
239846 239843 194114
239847 239845 239583
239854 239851 194114
239855 239853 239585
239863 239862 297477
239864 1 1
239874 239871 297477
239875 239873 239581
239892 239889 297477
239893 239891 239583
239924 239922 239923
239925 1 1
240447 240446 240263
240448 1 1
240459 240458 240265
240460 1 1
240472 240469 252671
240473 240471 240263
240480 240477 252671
240481 240479 240265
240488 240485 252671
240489 240487 240267
240496 240493 252118
240497 240495 240263
240504 240501 252118
240505 240503 240265
240512 240509 252118
240513 240511 240267
240520 240517 194114
240521 240519 240263
240528 240525 194114
240529 240527 240265
240536 240533 194114
240537 240535 240267
240545 240544 297477
240546 1 1
240556 240553 297477
240557 240555 240263
240574 240571 297477
240575 240573 240265
240606 240604 240605
240607 1 1
241129 241128 240945
241130 1 1
241141 241140 240947
241142 1 1
241154 241151 252671
241155 241153 240945
241162 241159 252671
241163 241161 240947
241170 241167 252671
241171 241169 240949
241178 241175 252118
241179 241177 240945
241186 241183 252118
241187 241185 240947
241194 241191 252118
241195 241193 240949
241202 241199 194114
241203 241201 240945
241210 241207 194114
241211 241209 240947
241218 241215 194114
241219 241217 240949
241227 241226 297477
241228 1 1
241238 241235 297477
241239 241237 240945
241256 241253 297477
241257 241255 240947
241288 241286 241287
241289 1 1
241811 241810 241627
241812 1 1
241823 241822 241629
241824 1 1
241836 241833 252671
241837 241835 241627
241844 241841 252671
241845 241843 241629
241852 241849 252671
241853 241851 241631
241860 241857 252118
241861 241859 241627
241868 241865 252118
241869 241867 241629
241876 241873 252118
241877 241875 241631
241884 241881 194114
241885 241883 241627
241892 241889 194114
241893 241891 241629
241900 241897 194114
241901 241899 241631
241909 241908 297477
241910 1 1
241920 241917 297477
241921 241919 241627
241938 241935 297477
241939 241937 241629
241970 241968 241969
241971 1 1
242493 242492 242309
242494 1 1
242505 242504 242311
242506 1 1
242518 242515 252671
242519 242517 242309
242526 242523 252671
242527 242525 242311
242534 242531 252671
242535 242533 242313
242542 242539 252118
242543 242541 242309
242550 242547 252118
242551 242549 242311
242558 242555 252118
242559 242557 242313
242566 242563 194114
242567 242565 242309
242574 242571 194114
242575 242573 242311
242582 242579 194114
242583 242581 242313
242591 242590 297477
242592 1 1
242602 242599 297477
242603 242601 242309
242620 242617 297477
242621 242619 242311
242652 242650 242651
242653 1 1
243175 243174 242991
243176 1 1
243187 243186 242993
243188 1 1
243200 243197 252671
243201 243199 242991
243208 243205 252671
243209 243207 242993
243216 243213 252671
243217 243215 242995
243224 243221 252118
243225 243223 242991
243232 243229 252118
243233 243231 242993
243240 243237 252118
243241 243239 242995
243248 243245 194114
243249 243247 242991
243256 243253 194114
243257 243255 242993
243264 243261 194114
243265 243263 242995
243273 243272 297477
243274 1 1
243284 243281 297477
243285 243283 242991
243302 243299 297477
243303 243301 242993
243334 243332 243333
243335 1 1
243857 243856 243673
243858 1 1
243869 243868 243675
243870 1 1
243882 243879 252671
243883 243881 243673
243890 243887 252671
243891 243889 243675
243898 243895 252671
243899 243897 243677
243906 243903 252118
243907 243905 243673
243914 243911 252118
243915 243913 243675
243922 243919 252118
243923 243921 243677
243930 243927 194114
243931 243929 243673
243938 243935 194114
243939 243937 243675
243946 243943 194114
243947 243945 243677
243955 243954 297477
243956 1 1
243966 243963 297477
243967 243965 243673
243984 243981 297477
243985 243983 243675
244016 244014 244015
244017 1 1
244254 244253 244250 244251
244255 1 1 1
244393 244392 244389 244390
244394 1 1 1
244535 244534 244531 244532
244536 1 1 1
244677 244676 244673 244674
244678 1 1 1
244819 244818 244815 244816
244820 1 1 1
244961 244960 244957 244958
244962 1 1 1
245103 245102 245099 245100
245104 1 1 1
245245 245244 245241 245242
245246 1 1 1
245390 245389 227361
245391 1 41
245399 245398 227361
245400 42 2
245882 245881 245698
245883 1 1
245894 245893 245700
245895 1 1
245907 245904 252671
245908 245906 245698
245915 245912 252671
245916 245914 245700
245923 245920 252671
245924 245922 245702
245931 245928 252118
245932 245930 245698
245939 245936 252118
245940 245938 245700
245947 245944 252118
245948 245946 245702
245955 245952 194114
245956 245954 245698
245963 245960 194114
245964 245962 245700
245971 245968 194114
245972 245970 245702
245980 245979 297477
245981 1 1
245991 245988 297477
245992 245990 245698
246009 246006 297477
246010 246008 245700
246041 246039 246040
246042 1 1
246559 246558 246375
246560 1 1
246571 246570 246377
246572 1 1
246584 246581 252671
246585 246583 246375
246592 246589 252671
246593 246591 246377
246600 246597 252671
246601 246599 246379
246608 246605 252118
246609 246607 246375
246616 246613 252118
246617 246615 246377
246624 246621 252118
246625 246623 246379
246632 246629 194114
246633 246631 246375
246640 246637 194114
246641 246639 246377
246648 246645 194114
246649 246647 246379
246657 246656 297477
246658 1 1
246668 246665 297477
246669 246667 246375
246686 246683 297477
246687 246685 246377
246718 246716 246717
246719 1 1
247241 247240 247057
247242 1 1
247253 247252 247059
247254 1 1
247266 247263 252671
247267 247265 247057
247274 247271 252671
247275 247273 247059
247282 247279 252671
247283 247281 247061
247290 247287 252118
247291 247289 247057
247298 247295 252118
247299 247297 247059
247306 247303 252118
247307 247305 247061
247314 247311 194114
247315 247313 247057
247322 247319 194114
247323 247321 247059
247330 247327 194114
247331 247329 247061
247339 247338 297477
247340 1 1
247350 247347 297477
247351 247349 247057
247368 247365 297477
247369 247367 247059
247400 247398 247399
247401 1 1
247923 247922 247739
247924 1 1
247935 247934 247741
247936 1 1
247948 247945 252671
247949 247947 247739
247956 247953 252671
247957 247955 247741
247964 247961 252671
247965 247963 247743
247972 247969 252118
247973 247971 247739
247980 247977 252118
247981 247979 247741
247988 247985 252118
247989 247987 247743
247996 247993 194114
247997 247995 247739
248004 248001 194114
248005 248003 247741
248012 248009 194114
248013 248011 247743
248021 248020 297477
248022 1 1
248032 248029 297477
248033 248031 247739
248050 248047 297477
248051 248049 247741
248082 248080 248081
248083 1 1
248605 248604 248421
248606 1 1
248617 248616 248423
248618 1 1
248630 248627 252671
248631 248629 248421
248638 248635 252671
248639 248637 248423
248646 248643 252671
248647 248645 248425
248654 248651 252118
248655 248653 248421
248662 248659 252118
248663 248661 248423
248670 248667 252118
248671 248669 248425
248678 248675 194114
248679 248677 248421
248686 248683 194114
248687 248685 248423
248694 248691 194114
248695 248693 248425
248703 248702 297477
248704 1 1
248714 248711 297477
248715 248713 248421
248732 248729 297477
248733 248731 248423
248764 248762 248763
248765 1 1
249287 249286 249103
249288 1 1
249299 249298 249105
249300 1 1
249312 249309 252671
249313 249311 249103
249320 249317 252671
249321 249319 249105
249328 249325 252671
249329 249327 249107
249336 249333 252118
249337 249335 249103
249344 249341 252118
249345 249343 249105
249352 249349 252118
249353 249351 249107
249360 249357 194114
249361 249359 249103
249368 249365 194114
249369 249367 249105
249376 249373 194114
249377 249375 249107
249385 249384 297477
249386 1 1
249396 249393 297477
249397 249395 249103
249414 249411 297477
249415 249413 249105
249446 249444 249445
249447 1 1
249969 249968 249785
249970 1 1
249981 249980 249787
249982 1 1
249994 249991 252671
249995 249993 249785
250002 249999 252671
250003 250001 249787
250010 250007 252671
250011 250009 249789
250018 250015 252118
250019 250017 249785
250026 250023 252118
250027 250025 249787
250034 250031 252118
250035 250033 249789
250042 250039 194114
250043 250041 249785
250050 250047 194114
250051 250049 249787
250058 250055 194114
250059 250057 249789
250067 250066 297477
250068 1 1
250078 250075 297477
250079 250077 249785
250096 250093 297477
250097 250095 249787
250128 250126 250127
250129 1 1
250651 250650 250467
250652 1 1
250663 250662 250469
250664 1 1
250676 250673 252671
250677 250675 250467
250684 250681 252671
250685 250683 250469
250692 250689 252671
250693 250691 250471
250700 250697 252118
250701 250699 250467
250708 250705 252118
250709 250707 250469
250716 250713 252118
250717 250715 250471
250724 250721 194114
250725 250723 250467
250732 250729 194114
250733 250731 250469
250740 250737 194114
250741 250739 250471
250749 250748 297477
250750 1 1
250760 250757 297477
250761 250759 250467
250778 250775 297477
250779 250777 250469
250810 250808 250809
250811 1 1
251046 251045 251042 251043
251047 1 1 1
251185 251184 251181 251182
251186 1 1 1
251327 251326 251323 251324
251328 1 1 1
251469 251468 251465 251466
251470 1 1 1
251611 251610 251607 251608
251612 1 1 1
251753 251752 251749 251750
251754 1 1 1
251895 251894 251891 251892
251896 1 1 1
252037 252036 252033 252034
252038 1 1 1
252191 1 1 1 1 1 1 252190 252288
252210 1 1 1 1 1 1 252209 252292
252229 1 1 1 1 1 1 252228 252296
252248 1 1 1 1 1 1 252247 252300
252267 1 1 1 1 1 1 252266 252671
252286 1 1 1 1 1 1 252285 194114
252307 252304 252671
252308 252306 252288
252315 252312 194114
252316 252314 252288
252388 252385 252671
252389 252387 252292
252396 252393 194114
252397 252395 252292
252469 252466 252671
252470 252468 252296
252477 252474 194114
252478 252476 252296
252550 252547 252671
252551 252549 252300
252558 252555 194114
252559 252557 252300
252633 252630 252671
252634 252632 194114
252639 252638 252671
252640 1 1
253358 253357 245387
253359 4 43
253363 253362 245387
253364 4 6779
253368 253367 245387
253369 4 6781
253375 253374 245387
253376 4 37
253380 253379 245387
253381 4 44
253387 253386 245387
253388 4 6780
253400 253399 245387
253401 1 4
253405 253404 245387
253406 1 41
253410 253409 245387
253411 1 2
253415 253414 245387
253416 42 2
253424 253423 253421
253425 1 2
253432 253431 253427
253433 1 11
253440 253439 253435
253441 4 5
253448 253447 253443
253449 1 6781
253457 253456 253454
253458 1 11
253463 253462 245387
253464 1 2
253471 253470 253466
253472 1 6780
253482 253481 245387
253483 1 6779
253487 253486 245387
253488 1 6781
253499 253498 253496
253500 1 42
253511 253510 253508
253512 1 44
253516 253515 245387
253517 41 44
253524 253523 253519
253525 4 37
253532 253531 253527
253533 1 2
253541 253540 253538
253542 1 6780
253550 253549 253547
253551 1 37
253570 253569 253567
253571 1 6778
253580 253579 253577
253581 1 6778
253590 253589 253587
253591 1 43
253600 253599 253597
253601 1 11
253614 253613 253609
253615 1 42
253626 253625 253623
253627 1 6778
253638 253637 245387
253639 1 43
253644 253643 245387
253645 1 6779
253650 253649 245387
253651 1 6781
253660 253659 253657
253661 1 37
253672 253671 253669
253673 1 6779
253680 253679 253675
253681 1 11
253693 253692 253690
253694 1 11
253711 253710 245387
253712 41 6780
253716 253715 245387
253717 41 6782
253721 253720 245387
253722 2 1
253726 253725 245387
253727 2 41
253731 253730 245387
253732 41 6781
253736 253735 245387
253737 41 33
253741 253740 245387
253742 2 4
253746 253745 245387
253747 2 2
253850 253849 245293
253851 1 11
253862 253860 253861
253863 1 1
254138 254137 252179
254139 4 43
254143 254142 252179
254144 4 6779
254148 254147 252179
254149 4 6781
254153 254152 252179
254154 41 6778
254161 254160 252179
254162 4 37
254166 254165 252179
254167 4 44
254174 254173 252179
254175 4 6780
254182 254181 252179
254183 41 11
254193 254192 252179
254194 2 37
254198 254197 252179
254199 2 6781
254203 254202 252179
254204 2 44
254208 254207 252179
254209 2 6782
254213 254212 252179
254214 2 33
254218 254217 252179
254219 42 1
254223 254222 252179
254224 1 6780
254231 254230 254226
254232 1 11
254239 254238 254234
254240 4 5
254247 254246 254242
254248 1 6781
254259 254258 254256
254260 4 43
254268 254267 254265
254269 1 6782
254282 254281 254277
254283 4 6782
254294 254293 254291
254295 41 1
254303 254302 254300
254304 1 11
254315 254314 254312
254316 1 6780
254321 254320 252179
254322 1 11
254339 254338 254334
254340 1 2
254344 254343 252179
254345 1 6779
254350 254349 252179
254351 1 6781
254362 254361 254359
254363 1 42
254374 254373 254371
254375 1 44
254379 254378 252179
254380 41 44
254387 254386 254382
254388 4 37
254396 254395 254393
254397 1 6780
254405 254404 254402
254406 1 37
254413 254412 254408
254414 4 6780
254425 254424 254422
254426 4 33
254449 254448 254446
254450 1 6778
254468 254467 254465
254469 1 11
254480 254479 254477
254481 1 33
254494 254493 254489
254495 1 42
254506 254505 254503
254507 1 6778
254514 254513 254509
254515 1 33
254528 254527 252179
254529 1 43
254534 254533 252179
254535 1 6779
254540 254539 252179
254541 1 6781
254550 254549 254547
254551 1 37
254562 254561 254559
254563 1 6779
254570 254569 254565
254571 1 11
254583 254582 254580
254584 1 11
254601 254600 252179
254602 41 6780
254606 254605 252179
254607 41 6782
254611 254610 252179
254612 2 1
254616 254615 252179
254617 2 41
254621 254620 252179
254622 41 6781
254626 254625 252179
254627 41 33
254631 254630 252179
254632 2 4
254636 254635 252179
254637 2 2
254662 254661 254659
254663 1 1
254715 254714 254712
254716 4 11
254728 254727 254725
254729 4 37
254741 254740 252179
254742 1 1
254754 254753 254749
254755 4 41
254767 254766 254764
254768 4 41
254823 254822 252179
254824 4 6782
254828 254827 252179
254829 4 33
254833 254832 252179
254834 41 1
254838 254837 252179
254839 41 4
254843 254842 252179
254844 41 41
254848 254847 252179
254849 41 2
254859 254858 252179
254860 11 43
254864 254863 252179
254865 11 6779
254880 254879 252179
254881 1 4
254885 254884 252179
254886 1 41
254890 254889 252179
254891 42 2
254896 254895 252179
254897 1 2
254904 254903 252085
254905 1 11
254919 254918 252116
254920 1 1
254926 254924 254925
254927 1 1
255202 255201 245324
255203 1 1
255225 255224 245322
255226 1 1
255248 255246 255247
255249 1 1
255429 255428 252116
255430 1 1
255452 255451 252114
255453 1 1
255475 255473 255474
255476 1 1
255659 255656 252288
255660 255658 253093
255668 255667 252288
255669 1 1
255681 255678 252292
255682 255680 253093
255687 255686 252292
255688 1 1
255700 255697 252288
255701 255699 187263
255715 255712 252292
255716 255714 187263
255727 255724 252288
255728 255726 187295
255742 255739 252292
255743 255741 187295
255850 255847 252296
255851 255849 253093
255856 255855 252296
255857 1 1
255869 255866 252300
255870 255868 253093
255875 255874 252300
255876 1 1
255888 255885 252296
255889 255887 187263
255900 255897 252300
255901 255899 187263
255912 255909 252296
255913 255911 187295
255924 255921 252300
255925 255923 187295
257944 1 1 1 1 1 1 257943 256038
257949 1 1 1 1 1 1 257948 220952
257952 1 1 1 1 1 1 257951 212161
257955 1 1 1 1 1 1 257954 256032
257958 256211 256208 256205 256202 256199 256196 256193 256190 256187 256184 256181 256178 256175 256172 256169 256166 256163 256160 256157 256154 256151 256148 256145 256142 256139 256136 256133 256130 256127 256124 256121 256118
257962 257961 256038
257963 1 1
257969 257968 256038
257970 1 4
257976 257975 256038
257977 1 41
257983 257982 256038
257984 1 2
257990 257989 256038
257991 1 42
257997 257996 256038
257998 1 6778
258004 258003 256038
258005 1 11
258011 258010 256038
258012 1 5
258018 258017 256038
258019 1 37
258025 258024 256038
258026 1 43
258032 258031 256038
258033 1 6779
258039 258038 256038
258040 1 6780
258046 258045 256038
258047 1 6781
258053 258052 256038
258054 1 44
258060 258059 256038
258061 1 6782
258067 258066 256038
258068 1 33
258074 258073 256038
258075 4 1
258081 258080 256038
258082 4 4
258088 258087 256038
258089 4 41
258095 258094 256038
258096 4 2
258102 258101 256038
258103 4 42
258109 258108 256038
258110 4 6778
258116 258115 256038
258117 4 11
258123 258122 256038
258124 4 5
258130 258129 256038
258131 4 37
258137 258136 256038
258138 4 43
258144 258143 256038
258145 4 6779
258151 258150 256038
258152 4 6780
258158 258157 256038
258159 4 6781
258165 258164 256038
258166 4 44
258172 258171 256038
258173 4 6782
258179 258178 256038
258180 4 33
259095 259092 256038
259096 259094 256038
259103 259102 252673
259104 1 1
259111 259110 252673
259112 1 4
259119 259118 252673
259120 1 41
259127 259126 252673
259128 1 2
259135 259134 252673
259136 1 42
259143 259142 252673
259144 1 6778
259151 259150 252673
259152 1 11
259159 259158 252673
259160 1 5
259167 259166 252673
259168 1 37
259175 259174 252673
259176 1 43
259183 259182 252673
259184 1 6779
259191 259190 252673
259192 1 6780
259199 259198 252673
259200 1 6781
259207 259206 252673
259208 1 44
259215 259214 252673
259216 1 6782
259223 259222 252673
259224 1 33
259231 259230 252673
259232 4 1
259239 259238 252673
259240 4 4
259247 259246 252673
259248 4 41
259255 259254 252673
259256 4 2
259263 259262 252673
259264 4 42
259271 259270 252673
259272 4 6778
259279 259278 252673
259280 4 11
259287 259286 252673
259288 4 5
259295 259294 252673
259296 4 37
259303 259302 252673
259304 4 43
259311 259310 252673
259312 4 6779
259319 259318 252673
259320 4 6780
259327 259326 252673
259328 4 6781
259335 259334 252673
259336 4 44
259343 259342 252673
259344 4 6782
259351 259350 252673
259352 4 33
259455 259454 194112
259456 1 1
259464 259463 194112
259465 1 4
259473 259472 194112
259474 1 41
259482 259481 194112
259483 1 2
259491 259490 194112
259492 1 42
259500 259499 194112
259501 1 6778
259509 259508 194112
259510 1 11
259518 259517 194112
259519 1 5
259527 259526 194112
259528 1 37
259536 259535 194112
259537 1 43
259545 259544 194112
259546 1 6779
259554 259553 194112
259555 1 6780
259563 259562 194112
259564 1 6781
259572 259571 194112
259573 1 44
259581 259580 194112
259582 1 6782
259590 259589 194112
259591 1 33
259599 259598 194112
259600 4 1
259608 259607 194112
259609 4 4
259617 259616 194112
259618 4 41
259626 259625 194112
259627 4 2
259635 259634 194112
259636 4 42
259644 259643 194112
259645 4 6778
259653 259652 194112
259654 4 11
259662 259661 194112
259663 4 5
259671 259670 194112
259672 4 37
259680 259679 194112
259681 4 43
259689 259688 194112
259690 4 6779
259698 259697 194112
259699 4 6780
259707 259706 194112
259708 4 6781
259716 259715 194112
259717 4 44
259725 259724 194112
259726 4 6782
259734 259733 194112
259735 4 33
259935 259934 220977
259936 1 1
259943 259942 220977
259944 1 4
259951 259950 220977
259952 1 41
259959 259958 220977
259960 1 2
259967 259966 220977
259968 1 42
259975 259974 220977
259976 1 6778
259983 259982 220977
259984 1 11
259991 259990 220977
259992 1 5
259999 259998 220977
260000 1 37
260007 260006 220977
260008 1 43
260015 260014 220977
260016 1 6779
260023 260022 220977
260024 1 6780
260031 260030 220977
260032 1 6781
260039 260038 220977
260040 1 44
260047 260046 220977
260048 1 6782
260055 260054 220977
260056 1 33
260063 260062 220977
260064 4 1
260071 260070 220977
260072 4 4
260079 260078 220977
260080 4 41
260087 260086 220977
260088 4 2
260095 260094 220977
260096 4 42
260103 260102 220977
260104 4 6778
260111 260110 220977
260112 4 11
260119 260118 220977
260120 4 5
260127 260126 220977
260128 4 37
260135 260134 220977
260136 4 43
260143 260142 220977
260144 4 6779
260151 260150 220977
260152 4 6780
260159 260158 220977
260160 4 6781
260167 260166 220977
260168 4 44
260175 260174 220977
260176 4 6782
260183 260182 220977
260184 4 33
260287 260286 212134
260288 1 1
260296 260295 212134
260297 1 4
260305 260304 212134
260306 1 41
260314 260313 212134
260315 1 2
260323 260322 212134
260324 1 42
260332 260331 212134
260333 1 6778
260341 260340 212134
260342 1 11
260350 260349 212134
260351 1 5
260359 260358 212134
260360 1 37
260368 260367 212134
260369 1 43
260377 260376 212134
260378 1 6779
260386 260385 212134
260387 1 6780
260395 260394 212134
260396 1 6781
260404 260403 212134
260405 1 44
260413 260412 212134
260414 1 6782
260422 260421 212134
260423 1 33
260431 260430 212134
260432 4 1
260440 260439 212134
260441 4 4
260449 260448 212134
260450 4 41
260458 260457 212134
260459 4 2
260467 260466 212134
260468 4 42
260476 260475 212134
260477 4 6778
260485 260484 212134
260486 4 11
260494 260493 212134
260495 4 5
260503 260502 212134
260504 4 37
260512 260511 212134
260513 4 43
260521 260520 212134
260522 4 6779
260530 260529 212134
260531 4 6780
260539 260538 212134
260540 4 6781
260548 260547 212134
260549 4 44
260557 260556 212134
260558 4 6782
260566 260565 212134
260567 4 33
260765 256276 256274 256272 256270 256268 256266 256264 256262 256260 256258 256256 256254 256252 256250 256248 256246 256244 256242 256240 256238 256236 256234 256232 256230 256228 256226 256224 256222 256220 256218 256216 256214
260769 260768 297642
260770 1 1
260777 260776 297642
260778 1 4
260785 260784 297642
260786 1 41
260793 260792 297642
260794 1 2
260801 260800 297642
260802 1 42
260809 260808 297642
260810 1 6778
260817 260816 297642
260818 1 11
260825 260824 297642
260826 1 5
260833 260832 297642
260834 1 37
260841 260840 297642
260842 1 43
260849 260848 297642
260850 1 6779
260857 260856 297642
260858 1 6780
260865 260864 297642
260866 1 6781
260873 260872 297642
260874 1 44
260881 260880 297642
260882 1 6782
260889 260888 297642
260890 1 33
260897 260896 297642
260898 4 1
260905 260904 297642
260906 4 4
260913 260912 297642
260914 4 41
260921 260920 297642
260922 4 2
260929 260928 297642
260930 4 42
260937 260936 297642
260938 4 6778
260945 260944 297642
260946 4 11
260953 260952 297642
260954 4 5
260961 260960 297642
260962 4 37
260969 260968 297642
260970 4 43
260977 260976 297642
260978 4 6779
260985 260984 297642
260986 4 6780
260993 260992 297642
260994 4 6781
261001 261000 297642
261002 4 44
261009 261008 297642
261010 4 6782
261017 261016 297642
261018 4 33
261095 261094 297724
261096 1 1
261104 261103 297724
261105 1 4
261113 261112 297724
261114 1 41
261122 261121 297724
261123 1 2
261131 261130 297724
261132 1 42
261140 261139 297724
261141 1 6778
261149 261148 297724
261150 1 11
261158 261157 297724
261159 1 5
261167 261166 297724
261168 1 37
261176 261175 297724
261177 1 43
261185 261184 297724
261186 1 6779
261194 261193 297724
261195 1 6780
261203 261202 297724
261204 1 6781
261212 261211 297724
261213 1 44
261221 261220 297724
261222 1 6782
261230 261229 297724
261231 1 33
261239 261238 297724
261240 4 1
261248 261247 297724
261249 4 4
261257 261256 297724
261258 4 41
261266 261265 297724
261267 4 2
261275 261274 297724
261276 4 42
261284 261283 297724
261285 4 6778
261293 261292 297724
261294 4 11
261302 261301 297724
261303 4 5
261311 261310 297724
261312 4 37
261320 261319 297724
261321 4 43
261329 261328 297724
261330 4 6779
261338 261337 297724
261339 4 6780
261347 261346 297724
261348 4 6781
261356 261355 297724
261357 4 44
261365 261364 297724
261366 4 6782
261374 261373 297724
261375 4 33
261485 261484 300817
261486 1 1
261492 261491 300817
261493 1 4
261499 261498 300817
261500 1 41
261506 261505 300817
261507 1 2
261513 261512 300817
261514 1 42
261520 261519 300817
261521 1 6778
261527 261526 300817
261528 1 11
261534 261533 300817
261535 1 5
261541 261540 300817
261542 1 37
261548 261547 300817
261549 1 43
261555 261554 300817
261556 1 6779
261562 261561 300817
261563 1 6780
261569 261568 300817
261570 1 6781
261576 261575 300817
261577 1 44
261583 261582 300817
261584 1 6782
261590 261589 300817
261591 1 33
261597 261596 300817
261598 4 1
261604 261603 300817
261605 4 4
261611 261610 300817
261612 4 41
261618 261617 300817
261619 4 2
261625 261624 300817
261626 4 42
261632 261631 300817
261633 4 6778
261639 261638 300817
261640 4 11
261646 261645 300817
261647 4 5
261653 261652 300817
261654 4 37
261660 261659 300817
261661 4 43
261667 261666 300817
261668 4 6779
261674 261673 300817
261675 4 6780
261681 261680 300817
261682 4 6781
261688 261687 300817
261689 4 44
261695 261694 300817
261696 4 6782
261702 261701 300817
261703 4 33
261709 261708 300821
261710 4 1
261713 256340 256338 256336 256334 256332 256330 256328 256326 256324 256322 256320 256318 256316 256314 256312 256310 256308 256306 256304 256302 256300 256298 256296 256294 256292 256290 256288 256286 256284 256282 256280 256278
261719 257876 257874 257872 257870 257868 257866 257864 257862 257860 257858 257856 257854 257852 257850 257848 257846 257844 257842 257840 257838 257836 257834 257832 257830 257828 257826 257824 257822 257820 257818 257816 257814
261724 257940 257938 257936 257934 257932 257930 257928 257926 257924 257922 257920 257918 257916 257914 257912 257910 257908 257906 257904 257902 257900 257898 257896 257894 257892 257890 257888 257886 257884 257882 257880 257878
261728 257768 257722 257676 257630 257584 257538 257492 257446 257400 257354 257308 257262 257216 257170 257124 257078 257032 256986 256940 256894 256848 256802 256756 256710 256664 256618 256572 256526 256480 256434 256388 256342
261729 257769 257723 257677 257631 257585 257539 257493 257447 257401 257355 257309 257263 257217 257171 257125 257079 257033 256987 256941 256895 256849 256803 256757 256711 256665 256619 256573 256527 256481 256435 256389 256343
261732 257772 257726 257680 257634 257588 257542 257496 257450 257404 257358 257312 257266 257220 257174 257128 257082 257036 256990 256944 256898 256852 256806 256760 256714 256668 256622 256576 256530 256484 256438 256392 256346
261734 257778 257732 257686 257640 257594 257548 257502 257456 257410 257364 257318 257272 257226 257180 257134 257088 257042 256996 256950 256904 256858 256812 256766 256720 256674 256628 256582 256536 256490 256444 256398 256352
261736 257780 257734 257688 257642 257596 257550 257504 257458 257412 257366 257320 257274 257228 257182 257136 257090 257044 256998 256952 256906 256860 256814 256768 256722 256676 256630 256584 256538 256492 256446 256400 256354
261738 257782 257736 257690 257644 257598 257552 257506 257460 257414 257368 257322 257276 257230 257184 257138 257092 257046 257000 256954 256908 256862 256816 256770 256724 256678 256632 256586 256540 256494 256448 256402 256356
261739 257783 257737 257691 257645 257599 257553 257507 257461 257415 257369 257323 257277 257231 257185 257139 257093 257047 257001 256955 256909 256863 256817 256771 256725 256679 256633 256587 256541 256495 256449 256403 256357
261742 257786 257740 257694 257648 257602 257556 257510 257464 257418 257372 257326 257280 257234 257188 257142 257096 257050 257004 256958 256912 256866 256820 256774 256728 256682 256636 256590 256544 256498 256452 256406 256360
261743 257787 257741 257695 257649 257603 257557 257511 257465 257419 257373 257327 257281 257235 257189 257143 257097 257051 257005 256959 256913 256867 256821 256775 256729 256683 256637 256591 256545 256499 256453 256407 256361
261746 257790 257744 257698 257652 257606 257560 257514 257468 257422 257376 257330 257284 257238 257192 257146 257100 257054 257008 256962 256916 256870 256824 256778 256732 256686 256640 256594 256548 256502 256456 256410 256364
261747 257791 257745 257699 257653 257607 257561 257515 257469 257423 257377 257331 257285 257239 257193 257147 257101 257055 257009 256963 256917 256871 256825 256779 256733 256687 256641 256595 256549 256503 256457 256411 256365
261750 257794 257748 257702 257656 257610 257564 257518 257472 257426 257380 257334 257288 257242 257196 257150 257104 257058 257012 256966 256920 256874 256828 256782 256736 256690 256644 256598 256552 256506 256460 256414 256368
261752 257796 257750 257704 257658 257612 257566 257520 257474 257428 257382 257336 257290 257244 257198 257152 257106 257060 257014 256968 256922 256876 256830 256784 256738 256692 256646 256600 256554 256508 256462 256416 256370
261754 257798 257752 257706 257660 257614 257568 257522 257476 257430 257384 257338 257292 257246 257200 257154 257108 257062 257016 256970 256924 256878 256832 256786 256740 256694 256648 256602 256556 256510 256464 256418 256372
261756 257800 257754 257708 257662 257616 257570 257524 257478 257432 257386 257340 257294 257248 257202 257156 257110 257064 257018 256972 256926 256880 256834 256788 256742 256696 256650 256604 256558 256512 256466 256420 256374
261758 257802 257756 257710 257664 257618 257572 257526 257480 257434 257388 257342 257296 257250 257204 257158 257112 257066 257020 256974 256928 256882 256836 256790 256744 256698 256652 256606 256560 256514 256468 256422 256376
261760 257804 257758 257712 257666 257620 257574 257528 257482 257436 257390 257344 257298 257252 257206 257160 257114 257068 257022 256976 256930 256884 256838 256792 256746 256700 256654 256608 256562 256516 256470 256424 256378
261761 257805 257759 257713 257667 257621 257575 257529 257483 257437 257391 257345 257299 257253 257207 257161 257115 257069 257023 256977 256931 256885 256839 256793 256747 256701 256655 256609 256563 256517 256471 256425 256379
261764 257808 257762 257716 257670 257624 257578 257532 257486 257440 257394 257348 257302 257256 257210 257164 257118 257072 257026 256980 256934 256888 256842 256796 256750 256704 256658 256612 256566 256520 256474 256428 256382
261766 257810 257764 257718 257672 257626 257580 257534 257488 257442 257396 257350 257304 257258 257212 257166 257120 257074 257028 256982 256936 256890 256844 256798 256752 256706 256660 256614 256568 256522 256476 256430 256384
261768 257812 257766 257720 257674 257628 257582 257536 257490 257444 257398 257352 257306 257260 257214 257168 257122 257076 257030 256984 256938 256892 256846 256800 256754 256708 256662 256616 256570 256524 256478 256432 256386
261779 261778 256051
261780 1 1
261785 261784 256051
261786 1 4
261791 261790 256051
261792 1 41
261797 261796 256051
261798 1 2
261803 261802 256051
261804 1 42
261809 261808 256051
261810 1 6778
261815 261814 256051
261816 1 11
261821 261820 256051
261822 1 5
261827 261826 256051
261828 1 37
261833 261832 256051
261834 1 43
261839 261838 256051
261840 1 6779
261845 261844 256051
261846 1 6780
261851 261850 256051
261852 1 6781
261857 261856 256051
261858 1 44
261863 261862 256051
261864 1 6782
261869 261868 256051
261870 1 33
261875 261874 256051
261876 4 1
261881 261880 256051
261882 4 4
261887 261886 256051
261888 4 41
261893 261892 256051
261894 4 2
261899 261898 256051
261900 4 42
261905 261904 256051
261906 4 6778
261911 261910 256051
261912 4 11
261917 261916 256051
261918 4 5
261923 261922 256051
261924 4 37
261929 261928 256051
261930 4 43
261935 261934 256051
261936 4 6779
261941 261940 256051
261942 4 6780
261947 261946 256051
261948 4 6781
261953 261952 256051
261954 4 44
261959 261958 256051
261960 4 6782
261965 261964 256051
261966 4 33
262035 262033 262034
262036 1 1
262052 262050 262051
262053 1 1
262067 262065 262066
262068 1 1
262082 262080 262081
262083 1 1
262097 262095 262096
262098 1 1
262112 262110 262111
262113 1 1
262127 262125 262126
262128 1 1
262142 262140 262141
262143 1 1
262157 262155 262156
262158 1 1
262172 262170 262171
262173 1 1
262187 262185 262186
262188 1 1
262202 262200 262201
262203 1 1
262217 262215 262216
262218 1 1
262232 262230 262231
262233 1 1
262247 262245 262246
262248 1 1
262262 262260 262261
262263 1 1
262277 262275 262276
262278 1 1
262292 262290 262291
262293 1 1
262307 262305 262306
262308 1 1
262322 262320 262321
262323 1 1
262337 262335 262336
262338 1 1
262352 262350 262351
262353 1 1
262367 262365 262366
262368 1 1
262382 262380 262381
262383 1 1
262397 262395 262396
262398 1 1
262412 262410 262411
262413 1 1
262427 262425 262426
262428 1 1
262442 262440 262441
262443 1 1
262457 262455 262456
262458 1 1
262472 262470 262471
262473 1 1
262487 262485 262486
262488 1 1
262502 262500 262501
262503 1 1
262517 262516 256032
262518 1 1
262527 262526 256032
262528 1 4
262537 262536 256032
262538 1 41
262547 262546 256032
262548 1 2
262557 262556 256032
262558 1 42
262567 262566 256032
262568 1 6778
262577 262576 256032
262578 1 11
262587 262586 256032
262588 1 5
262597 262596 256032
262598 1 37
262607 262606 256032
262608 1 43
262617 262616 256032
262618 1 6779
262627 262626 256032
262628 1 6780
262637 262636 256032
262638 1 6781
262647 262646 256032
262648 1 44
262657 262656 256032
262658 1 6782
262667 262666 256032
262668 1 33
262677 262676 256032
262678 4 1
262687 262686 256032
262688 4 4
262697 262696 256032
262698 4 41
262707 262706 256032
262708 4 2
262717 262716 256032
262718 4 42
262727 262726 256032
262728 4 6778
262737 262736 256032
262738 4 11
262747 262746 256032
262748 4 5
262757 262756 256032
262758 4 37
262767 262766 256032
262768 4 43
262777 262776 256032
262778 4 6779
262787 262786 256032
262788 4 6780
262797 262796 256032
262798 4 6781
262807 262806 256032
262808 4 44
262817 262816 256032
262818 4 6782
262827 262826 256032
262828 4 33
262851 262848 261745
262852 262850 252671
262874 262871 261745
262875 262873 194114
262897 262894 261745
262898 262896 220975
262920 262917 261745
262921 262919 212136
262947 256066 256067 256068 256069 256070 256071 256072 256073 256074 256075 256076 256077 256078 256079 256080 256081
262948 1 1 1 1 1 1 1 1 1 1 1 1 1 1 4 1
262965 262964 261731
262966 11 6779
262981 262980 257957
262982 1 1
263006 263003 300817
263007 263005 256063
263013 263010 300817
263014 263012 256032
263020 263017 256063
263021 263019 256032
263236 263234 263235
263237 1 1
263255 263252 256063
263256 263254 256032
263273 263270 256032
263274 263272 256038
263284 263283 256032
263285 1 4
263300 263297 256044
263301 263299 256038
263312 263311 256044
263313 1 4
263327 263324 256044
263328 263326 256032
263334 263331 256032
263335 263333 256038
263341 263338 256044
263342 263340 256038
263351 263348 256044
263352 263350 256038
263361 263358 256038
263362 263360 256032
263368 263365 256038
263369 263367 256044
263437 263434 256038
263438 263436 256032
263445 263444 256038
263446 4 33
263453 263450 256038
263454 263452 256032
263460 263459 187291
263461 1 4
263467 263466 256038
263468 1 4
263487 263619 263619
263488 1 1
263605 263604 263603
263617 263616 263615
263644 263619 263619
263645 1 1
264578 264570 264562
264579 264577 264573
264635 264634 264586 264587 264588 264589 264590 264591 264592 264593 264594 264595 264596 264597 264598 264599
264636 1 1 1 1 1 1 1 1 1 1 1 1 1 1 4
264716 264708 264700
264717 264715 264711
264773 264772 264724 264725 264726 264727 264728 264729 264730 264731 264732 264733 264734 264735 264736 264737
264774 1 1 1 1 1 1 1 1 1 1 1 1 1 1 4
264948 264940 264934
264949 264947 264943
264978 264977 264956 264957 264958 264959 264960 264961 264962 264963
264979 1 1 1 1 1 1 1 1 4
265032 265024 265018
265033 265031 265027
265062 265061 265040 265041 265042 265043 265044 265045 265046 265047
265063 1 1 1 1 1 1 1 1 4
265247 1 1 1 1 1 1 1 1 1 1 1 1 1 1 1 265246
265248 37 1 1 1 1 1 1 1 1 1 1 1 1 1 1 1
265283 265282 265278 265275 265272 265269 265266 265263 265260
265284 1 1 1 1 1 1 1 4
265377 265376 265372 265369 265366 265363 265360 265357 265354
265378 1 1 1 1 1 1 1 4
265471 265470 265466 265463 265460 265457 265454 265451 265448
265472 1 1 1 1 1 1 1 4
265565 265564 265560 265557 265554 265551 265548 265545 265542
265566 1 1 1 1 1 1 1 4
265659 265658 265654 265651 265648 265645 265642 265639 265636
265660 1 1 1 1 1 1 1 4
265753 265752 265748 265745 265742 265739 265736 265733 265730
265754 1 1 1 1 1 1 1 4
265847 265846 265842 265839 265836 265833 265830 265827 265824
265848 1 1 1 1 1 1 1 4
265941 265940 265936 265933 265930 265927 265924 265921 265918
265942 1 1 1 1 1 1 1 4
266533 187312 187313 187314
266534 2 1 4
266536 187312 187313 187314
266537 2 1 1
266539 187312 187313 187314
266540 2 1 6778
266542 187312 187313 187314
266543 2 42 42
266545 187312 187313 187314
266546 2 1 42
266548 187312 187313 187314
266549 2 42 1
266551 187312 187313 187314
266552 2 42 4
266554 187312 187313 187314
266555 2 42 2
266557 187312 187313 187314
266558 2 42 41
266560 187312 187313 187314
266561 5 6780 1
266563 187312 187313 187314
266564 5 6780 4
266566 187312 187313 187314
266567 5 6780 41
266569 187312 187313 187314
266570 1 1 4
266572 187312 187313 187314
266573 1 1 41
266575 187312 187313 187314
266576 1 1 2
266578 187312 187313 187314
266579 2 41 1
266581 187312 187313 187314
266582 6780 1 1
266584 187312 187313 187314
266585 6780 1 41
266587 187312 187313 187314
266588 2 41 2
266590 187312 187313 187314
266591 6780 1 2
266593 187312 187313 187314
266594 6781 1 2
266596 187312 187313 187314
266597 2 41 42
266599 187312 187313 187314
266600 6780 1 42
266602 187312 187313 187314
266603 6781 1 42
266605 187312 187313 187314
266606 2 1 11
266608 187312 187313 187314
266609 6781 1 1
266611 187312 187313 187314
266612 6781 1 41
266614 187312 187313 187314
266615 4 1 1
266617 187312 187313 187314
266618 4 42 42
266620 187312 187313 187314
266621 4 1 42
266623 187312 187313 187314
266624 4 42 1
266626 187312 187313 187314
266627 4 42 41
266629 187312 187313 187314
266630 4 42 2
266632 187312 187313 187314
266633 4 37 1
266635 187312 187313 187314
266636 4 42 4
266638 187312 187313 187314
266639 4 1 6778
266641 187312 187313 187314
266642 4 1 11
266644 187312 187313 187314
266645 2 1 2
266647 187312 187313 187314
266648 2 1 41
266650 187312 187313 187314
266651 2 6779 1
266653 187312 187313 187314
266654 2 6780 1
266656 187312 187313 187314
266657 2 6780 4
266659 187312 187313 187314
266660 2 6780 41
266662 187312 187313 187314
266663 2 6780 2
266665 187312 187313 187314
266666 2 6780 42
266668 187312 187313 187314
266669 2 6780 6778
266671 187312 187313 187314
266672 2 6780 11
266674 187312 187313 187314
266675 2 6780 5
266677 187312 187313 187314
266678 5 6781 4
266855 266847 266848 266849 266850 266851 266852 266853 266854
266874 266866 266867 266868 266869 266870 266871 266872 266873
266892 182272 182273 182274
266893 5 6779 1
266895 182272 182273 182274
266896 5 6779 4
266898 182272 182273 182274
266899 5 6779 41
266901 182272 182273 182274
266902 5 6779 2
266904 182272 182273 182274
266905 2 1 4
266907 182272 182273 182274
266908 2 1 1
266910 182272 182273 182274
266911 2 1 6778
266913 182272 182273 182274
266914 2 42 42
266916 182272 182273 182274
266917 2 1 42
266919 182272 182273 182274
266920 2 42 1
266922 182272 182273 182274
266923 2 42 4
266925 182272 182273 182274
266926 2 42 2
266928 182272 182273 182274
266929 2 42 41
266931 182272 182273 182274
266932 33 4 42
266934 182272 182273 182274
266935 5 6780 1
266937 182272 182273 182274
266938 5 6780 4
266940 182272 182273 182274
266941 5 6780 41
266943 182272 182273 182274
266944 1 1 4
266946 182272 182273 182274
266947 1 1 41
266949 182272 182273 182274
266950 1 1 2
266952 182272 182273 182274
266953 2 41 1
266955 182272 182273 182274
266956 6780 1 1
266958 182272 182273 182274
266959 6780 1 41
266961 182272 182273 182274
266962 2 41 2
266964 182272 182273 182274
266965 6780 1 2
266967 182272 182273 182274
266968 6781 1 2
266970 182272 182273 182274
266971 2 41 42
266973 182272 182273 182274
266974 6780 1 42
266976 182272 182273 182274
266977 6781 1 42
266979 182272 182273 182274
266980 2 41 6778
266982 182272 182273 182274
266983 6780 1 6778
266985 182272 182273 182274
266986 6781 1 6778
266988 182272 182273 182274
266989 2 41 11
266991 182272 182273 182274
266992 6780 1 11
266994 182272 182273 182274
266995 6781 1 11
266997 182272 182273 182274
266998 2 41 5
267000 182272 182273 182274
267001 6780 1 5
267003 182272 182273 182274
267004 6781 1 5
267006 182272 182273 182274
267007 2 41 37
267009 182272 182273 182274
267010 6780 1 37
267012 182272 182273 182274
267013 6781 1 37
267015 182272 182273 182274
267016 2 41 43
267018 182272 182273 182274
267019 6780 1 43
267021 182272 182273 182274
267022 6781 1 43
267024 182272 182273 182274
267025 2 41 6779
267027 182272 182273 182274
267028 6780 1 6779
267030 182272 182273 182274
267031 6781 1 6779
267033 182272 182273 182274
267034 2 41 6780
267036 182272 182273 182274
267037 6780 1 6780
267039 182272 182273 182274
267040 6781 1 6780
267042 182272 182273 182274
267043 2 41 6781
267045 182272 182273 182274
267046 6780 1 6781
267048 182272 182273 182274
267049 6781 1 6781
267051 182272 182273 182274
267052 2 41 44
267054 182272 182273 182274
267055 6780 1 44
267057 182272 182273 182274
267058 6781 1 44
267060 182272 182273 182274
267061 2 41 6782
267063 182272 182273 182274
267064 6780 1 6782
267066 182272 182273 182274
267067 6781 1 6782
267069 182272 182273 182274
267070 2 41 33
267072 182272 182273 182274
267073 6780 1 33
267075 182272 182273 182274
267076 6781 1 33
267078 182272 182273 182274
267079 2 2 1
267081 182272 182273 182274
267082 6780 4 1
267084 182272 182273 182274
267085 6781 4 1
267087 182272 182273 182274
267088 2 2 4
267090 182272 182273 182274
267091 6780 4 4
267093 182272 182273 182274
267094 6781 4 4
267096 182272 182273 182274
267097 2 2 41
267099 182272 182273 182274
267100 6780 4 41
267102 182272 182273 182274
267103 6781 4 41
267105 182272 182273 182274
267106 2 2 2
267108 182272 182273 182274
267109 6780 4 2
267111 182272 182273 182274
267112 6781 4 2
267114 182272 182273 182274
267115 2 2 42
267117 182272 182273 182274
267118 6780 4 42
267120 182272 182273 182274
267121 6781 4 42
267123 182272 182273 182274
267124 2 2 6778
267126 182272 182273 182274
267127 6780 4 6778
267129 182272 182273 182274
267130 6781 4 6778
267132 182272 182273 182274
267133 2 2 11
267135 182272 182273 182274
267136 6780 4 11
267138 182272 182273 182274
267139 6781 4 11
267141 182272 182273 182274
267142 2 2 5
267144 182272 182273 182274
267145 6780 4 5
267147 182272 182273 182274
267148 6781 4 5
267150 182272 182273 182274
267151 2 2 37
267153 182272 182273 182274
267154 6780 4 37
267156 182272 182273 182274
267157 6781 4 37
267159 182272 182273 182274
267160 2 2 43
267162 182272 182273 182274
267163 6780 4 43
267165 182272 182273 182274
267166 6781 4 43
267168 182272 182273 182274
267169 2 2 6779
267171 182272 182273 182274
267172 6780 4 6779
267174 182272 182273 182274
267175 6781 4 6779
267177 182272 182273 182274
267178 2 2 6780
267180 182272 182273 182274
267181 6780 4 6780
267183 182272 182273 182274
267184 6781 4 6780
267186 182272 182273 182274
267187 2 2 6781
267189 182272 182273 182274
267190 6780 4 6781
267192 182272 182273 182274
267193 6781 4 6781
267195 182272 182273 182274
267196 2 2 44
267198 182272 182273 182274
267199 6780 4 44
267201 182272 182273 182274
267202 6781 4 44
267204 182272 182273 182274
267205 2 2 6782
267207 182272 182273 182274
267208 6780 4 6782
267210 182272 182273 182274
267211 6781 4 6782
267213 182272 182273 182274
267214 2 2 33
267216 182272 182273 182274
267217 6780 4 33
267219 182272 182273 182274
267220 6781 4 33
267222 182272 182273 182274
267223 2 1 11
267225 182272 182273 182274
267226 6781 1 1
267228 182272 182273 182274
267229 6781 1 41
267231 182272 182273 182274
267232 4 1 1
267234 182272 182273 182274
267235 4 42 42
267237 182272 182273 182274
267238 4 1 42
267240 182272 182273 182274
267241 4 42 1
267243 182272 182273 182274
267244 4 42 41
267246 182272 182273 182274
267247 4 42 2
267249 182272 182273 182274
267250 4 37 1
267252 182272 182273 182274
267253 4 42 4
267255 182272 182273 182274
267256 4 1 6778
267258 182272 182273 182274
267259 4 1 11
267261 182272 182273 182274
267262 2 1 2
267264 182272 182273 182274
267265 2 1 41
267267 182272 182273 182274
267268 2 6779 1
267270 182272 182273 182274
267271 2 6779 41
267273 182272 182273 182274
267274 2 6780 1
267276 182272 182273 182274
267277 2 6780 4
267279 182272 182273 182274
267280 2 6780 41
267282 182272 182273 182274
267283 2 6780 2
267285 182272 182273 182274
267286 2 6780 42
267288 182272 182273 182274
267289 2 6780 6778
267291 182272 182273 182274
267292 2 6780 11
267294 182272 182273 182274
267295 2 6780 5
267297 182272 182273 182274
267298 2 6780 37
267300 182272 182273 182274
267301 2 6780 43
267303 182272 182273 182274
267304 2 6780 6779
267306 182272 182273 182274
267307 2 6780 6780
267309 182272 182273 182274
267310 2 6780 6781
267312 182272 182273 182274
267313 2 6780 44
267315 182272 182273 182274
267316 2 6780 6782
267318 182272 182273 182274
267319 2 6780 33
267321 182272 182273 182274
267322 5 6781 4
267324 182272 182273 182274
267325 33 4 2
267327 182272 182273 182274
267328 33 4 41
267330 182272 182273 182274
267331 33 4 4
267482 1 182272 182273 182274
267483 1 6780 33 33
267486 1 182272 182273 182274
267487 1 6781 41 1
267490 1 182272 182273 182274
267491 1 6781 5 33
267494 1 182272 182273 182274
267495 1 6781 6779 1
267516 1 182272 182273 182274
267517 1 2 2 33
267520 1 182272 182273 182274
267521 1 2 42 42
267524 1 182272 182273 182274
267525 1 4 2 33
267528 1 182272 182273 182274
267529 1 4 42 42
267587 267584 267585
267588 1 6782
267631 267615 267616 267617 267618 267619 267620 267621 267622 267623 267624 267625 267626 267627 267628 267629 267630
267656 267640 267641 267642 267643 267644 267645 267646 267647 267648 267649 267650 267651 267652 267653 267654 267655
267847 267846 267842
267848 1 1
271115 271114 271112
271116 1 1
271146 271145 271143
271147 1 1
271286 271259 271257 271254 271251 271248 271245 271242 271239 271236 1
271287 271285 271283 271280 271277 271274 271271 271268 271265 271262 271231
271322 271288 271288 271288 271288 271288 271288 271288 271288 271288 271288
271323 271321 271319 271316 271313 271310 271307 271304 271301 271298 271295
271357 271324 271324 271324 271324 271324 271324 271324 271324 271324 271324
271358 271356 271354 271351 271348 271345 271342 271339 271336 271333 271330
271452 271422 271420 271417 271414 271411 271408 271405 271402 271399 263550
271453 271451 271449 271446 271443 271440 271437 271434 271431 271428 271425
271541 271480 271478 271475 271472 271469 271466 271463 271460 271457 263550
271542 271500 271498 271495 271492 271489 263584 263585 263586 263587 263588
271544 271543 271543 271543 271543 271543 271543 271543 271543 271543 271543
271545 271540 271538 271535 271532 271529 271526 271523 271520 271517 271514
271649 271608 271606 271603 271600 271597 271594 271591 271588 271585 1
271650 271648 271646 271643 271640 271637 271634 271631 271628 271625 271622
271815 271814 183724
271816 1 4
271820 271819 183724
271821 4 33
271929 271928 252148 252149
271930 1 1 41
272044 272043 272037
272045 1 4
272054 272053 272037
272055 4 33
272156 272129 272127 272124 272121 272118 272115 272112 272109 272106 1
272157 272155 272153 272150 272147 272144 272141 272138 272135 272132 271231
272190 272158 272158 272158 272158 272158 272158 272158 272158 272158 272158
272191 272189 272187 272184 272181 272178 272175 272172 272169 272166 272163
272225 272193 272194 272195 272196 272197 272198 272199 272200 272201 272202 272203 272204 272205 272206 272207 272208
272226 1 1 1 1 1 1 1 1 1 1 1 1 1 1 1 2
272228 272193 272194 272195 272196 272197 272198 272199 272200 272201 272202 272203 272204 272205 272206 272207 272208
272229 1 1 1 1 1 1 1 1 1 1 1 1 1 1 1 42
272231 272193 272194 272195 272196 272197 272198 272199 272200 272201 272202 272203 272204 272205 272206 272207 272208
272232 1 1 1 1 1 1 1 1 1 1 1 1 1 1 1 11
272234 272193 272194 272195 272196 272197 272198 272199 272200 272201 272202 272203 272204 272205 272206 272207 272208
272235 1 1 1 1 1 1 1 1 1 1 1 1 1 1 1 6778
272237 272193 272194 272195 272196 272197 272198 272199 272200 272201 272202 272203 272204 272205 272206 272207 272208
272238 1 1 1 1 1 1 1 1 1 1 1 1 1 1 1 5
272240 272193 272194 272195 272196 272197 272198 272199 272200 272201 272202 272203 272204 272205 272206 272207 272208
272241 1 1 1 1 1 1 1 1 1 1 1 1 1 1 1 4
272243 272193 272194 272195 272196 272197 272198 272199 272200 272201 272202 272203 272204 272205 272206 272207 272208
272244 1 1 1 1 1 1 1 1 1 1 1 1 1 1 1 44
272246 272193 272194 272195 272196 272197 272198 272199 272200 272201 272202 272203 272204 272205 272206 272207 272208
272247 1 1 1 1 1 1 1 1 1 1 1 1 1 1 1 33
272249 272193 272194 272195 272196 272197 272198 272199 272200 272201 272202 272203 272204 272205 272206 272207 272208
272250 1 1 1 1 1 1 1 1 1 1 1 1 1 1 1 6781
272271 272270 272266 272265 272264 272263 272262 272261
272272 1 1 1 1 1 1 1
272276 272275 272266 272265 272264 272263 272262 272261
272277 4 33 33 33 33 33 33
272395 272394 272386
272396 1 4
272423 272422 272399 272400 272401 272402 272403 272404
272424 1 1 1 1 1 1 4
281845 281844 281836 281837 281838 281839 281840 281841 281842
281846 1 1 1 1 1 1 1 1
281874 281871 281729 281728 281727 281726 281725 281724 281723
281875 281873 281867 281866 281865 281864 281863 281862 281861
281945 281944 281936 281937 281938 281939 281940 281941 281942
281946 1 1 1 1 1 1 1 1
281970 281967 281729 281728 281727 281726 281725 281724 281723
281971 281969 281963 281962 281961 281960 281959 281958 281957
282041 282040 282032 282033 282034 282035 282036 282037 282038
282042 1 1 1 1 1 1 1 1
282127 282126 282118 282119 282120 282121 282122 282123 282124
282128 1 1 1 1 1 1 1 1
282204 282203 282195 282196 282197 282198 282199 282200 282201
282205 1 1 1 1 1 1 1 1
282349 282348 282340 282341 282342 282343 282344 282345 282346
282350 1 1 1 1 1 1 1 1
282377 282374 281729 281728 281727 281726 281725 281724 281723
282378 282376 282370 282369 282368 282367 282366 282365 282364
282448 282447 282439 282440 282441 282442 282443 282444 282445
282449 1 1 1 1 1 1 1 1
282473 282470 281729 281728 281727 281726 281725 281724 281723
282474 282472 282466 282465 282464 282463 282462 282461 282460
282544 282543 282535 282536 282537 282538 282539 282540 282541
282545 1 1 1 1 1 1 1 1
282630 282629 282621 282622 282623 282624 282625 282626 282627
282631 1 1 1 1 1 1 1 1
282707 282706 282698 282699 282700 282701 282702 282703 282704
282708 1 1 1 1 1 1 1 1
282852 282851 282843 282844 282845 282846 282847 282848 282849
282853 1 1 1 1 1 1 1 1
282880 282877 281729 281728 281727 281726 281725 281724 281723
282881 282879 282873 282872 282871 282870 282869 282868 282867
282951 282950 282942 282943 282944 282945 282946 282947 282948
282952 1 1 1 1 1 1 1 1
282976 282973 281729 281728 281727 281726 281725 281724 281723
282977 282975 282969 282968 282967 282966 282965 282964 282963
283047 283046 283038 283039 283040 283041 283042 283043 283044
283048 1 1 1 1 1 1 1 1
283133 283132 283124 283125 283126 283127 283128 283129 283130
283134 1 1 1 1 1 1 1 1
283210 283209 283201 283202 283203 283204 283205 283206 283207
283211 1 1 1 1 1 1 1 1
283355 283354 283346 283347 283348 283349 283350 283351 283352
283356 1 1 1 1 1 1 1 1
283383 283380 281729 281728 281727 281726 281725 281724 281723
283384 283382 283376 283375 283374 283373 283372 283371 283370
283454 283453 283445 283446 283447 283448 283449 283450 283451
283455 1 1 1 1 1 1 1 1
283479 283476 281729 281728 281727 281726 281725 281724 281723
283480 283478 283472 283471 283470 283469 283468 283467 283466
283550 283549 283541 283542 283543 283544 283545 283546 283547
283551 1 1 1 1 1 1 1 1
283636 283635 283627 283628 283629 283630 283631 283632 283633
283637 1 1 1 1 1 1 1 1
283713 283712 283704 283705 283706 283707 283708 283709 283710
283714 1 1 1 1 1 1 1 1
283858 283857 283849 283850 283851 283852 283853 283854 283855
283859 1 1 1 1 1 1 1 1
283886 283883 281729 281728 281727 281726 281725 281724 281723
283887 283885 283879 283878 283877 283876 283875 283874 283873
283957 283956 283948 283949 283950 283951 283952 283953 283954
283958 1 1 1 1 1 1 1 1
283982 283979 281729 281728 281727 281726 281725 281724 281723
283983 283981 283975 283974 283973 283972 283971 283970 283969
284053 284052 284044 284045 284046 284047 284048 284049 284050
284054 1 1 1 1 1 1 1 1
284139 284138 284130 284131 284132 284133 284134 284135 284136
284140 1 1 1 1 1 1 1 1
284216 284215 284207 284208 284209 284210 284211 284212 284213
284217 1 1 1 1 1 1 1 1
284361 284360 284352 284353 284354 284355 284356 284357 284358
284362 1 1 1 1 1 1 1 1
284389 284386 281729 281728 281727 281726 281725 281724 281723
284390 284388 284382 284381 284380 284379 284378 284377 284376
284460 284459 284451 284452 284453 284454 284455 284456 284457
284461 1 1 1 1 1 1 1 1
284485 284482 281729 281728 281727 281726 281725 281724 281723
284486 284484 284478 284477 284476 284475 284474 284473 284472
284556 284555 284547 284548 284549 284550 284551 284552 284553
284557 1 1 1 1 1 1 1 1
284642 284641 284633 284634 284635 284636 284637 284638 284639
284643 1 1 1 1 1 1 1 1
284719 284718 284710 284711 284712 284713 284714 284715 284716
284720 1 1 1 1 1 1 1 1
284864 284863 284855 284856 284857 284858 284859 284860 284861
284865 1 1 1 1 1 1 1 1
284892 284889 281729 281728 281727 281726 281725 281724 281723
284893 284891 284885 284884 284883 284882 284881 284880 284879
284963 284962 284954 284955 284956 284957 284958 284959 284960
284964 1 1 1 1 1 1 1 1
284988 284985 281729 281728 281727 281726 281725 281724 281723
284989 284987 284981 284980 284979 284978 284977 284976 284975
285059 285058 285050 285051 285052 285053 285054 285055 285056
285060 1 1 1 1 1 1 1 1
285145 285144 285136 285137 285138 285139 285140 285141 285142
285146 1 1 1 1 1 1 1 1
285222 285221 285213 285214 285215 285216 285217 285218 285219
285223 1 1 1 1 1 1 1 1
285367 285366 285358 285359 285360 285361 285362 285363 285364
285368 1 1 1 1 1 1 1 1
285392 285389 281729 281728 281727 281726 281725 281724 281723
285393 285391 285385 285384 285383 285382 285381 285380 285379
285463 285462 285454 285455 285456 285457 285458 285459 285460
285464 1 1 1 1 1 1 1 1
285548 285547 285539 285540 285541 285542 285543 285544 285545
285549 1 1 1 1 1 1 1 1
285605 285604 285602 285599 285596 285593 285590 285587
285606 1 1 1 1 1 1 1
285621 285620 285618 285615 285612
285622 1 1 1 1
285644 285643 285641 285638 285635 285631 285632
285645 1 1 1 1 1 1
285647 281709 281710 281711 281712 281713 281714 281715
285648 1 1 1 1 1 1 1
285676 285675 285673 285670 285667 285664 285661
285677 1 1 1 1 1 1
285680 281709 281710 285679
285681 1 1 1
285700 285699 285695 285692
285701 1 1 1
285771 285770 285768
285772 1 1
285787 285786 285784
285788 1 1
285857 285856 285849 285850 285851 285852 285853 285854
285858 1 1 1 1 1 1 1
285924 285923 285916 285917 285918 285919 285920 285921
285925 1 1 1 1 1 1 1
285940 285937 285929 285928
285941 285939 285933 285932
285956 285953 285945 285944
285957 285955 285949 285948
285971 285968 285964 285963
285972 285970 285933 285932
285983 285980 285976 285975
285984 285982 285949 285948
285997 285994 285990 285989
285998 285996 285933 285932
286009 286006 286002 286001
286010 286008 285949 285948
286023 286020 286016 286015
286024 286022 285933 285932
286035 286032 286028 286027
286036 286034 285949 285948
286070 286067 286063 286062
286071 286069 285933 285932
286081 286078 286074 286073
286082 286080 285949 285948
286090 286087 281586 281587
286091 286089 295988 295989
287352 287351 296010
287353 1 11
287357 287356 296010
287358 1 5
287363 287362 296010
287364 1 42
287368 287367 296010
287369 1 43
287373 287372 296010
287374 1 6779
287378 287377 296010
287379 1 6780
287386 287385 296010
287387 1 37
287391 287390 296010
287392 1 6781
287396 287395 296010
287397 1 44
287401 287400 296010
287402 1 6782
287406 287405 296010
287407 1 33
287415 287414 296010
287416 1 1
287424 287423 296010
287425 1 4
287429 287428 296010
287430 4 4
287560 287559 287553
287561 1 1
287630 287629 287627
287631 1 1
287650 287649 287647
287651 1 1
287657 287655 287656
287658 1 1
287663 287661 287662
287664 1 1
287669 287667 287668
287670 1 1
287675 287673 287674
287676 1 1
287681 287679 287680
287682 1 1
287753 287750 295995 295996 295997 295998 295999 296000
287754 287752 295984 295985 295986 295987 295988 295989
287780 287779 285849 285850
287781 1 1 1
287837 287836 285916 285917
287838 1 1 1
287952 287951 287950
291832 291831 291830
295381 292162 292163
295382 1 1
296031 296029 296030
296032 1 1
296105 286472 286473 286474 286475 286476 295990 295991 295992
296106 286472 286473 286474 286475 286476 295990 295991 295992
297413 297409 297410
297414 1 1
297428 297411 297412
297429 1 1
297440 297438 297439
297441 1 1
297448 297446 297447
297449 1 1
297456 297454 297455
297457 1 1
297500 297498 297499
297501 1 1
297653 297651 297652
297654 1 1
297675 297673 297674
297676 1 1
297707 297705 297706
297708 1 1
297735 297733 297734
297736 1 1
297751 297749 297750
297752 1 1
297824 297823 297822 297821 297820
297837 297836 297835 297834 297833
297904 297903 297902 297901 297900
297917 297916 297915 297914 297913
297959 297956 297942 297941 297940 297939 297938 297937 297936 297935
297960 297958 297952 297951 297950 297949 297948 297947 297946 297945
297974 297972 297973
297975 1 1
297987 297985 297986
298119 298118 298117 298116 298115
298132 298131 298130 298129 298128
298164 298161 297942 297941 297940 297939 297938 297937 297936 297935
298165 298163 298157 298156 298155 298154 298153 298152 298151 298150
298175 298173 298174
298176 1 1
298188 298186 298187
298308 298307 298306 298305 298304
298321 298320 298319 298318 298317
298353 298350 297942 297941 297940 297939 297938 297937 297936 297935
298354 298352 298346 298345 298344 298343 298342 298341 298340 298339
298364 298362 298363
298365 1 1
298377 298375 298376
298500 298499 298498 298497 298496
298513 298512 298511 298510 298509
298545 298542 297942 297941 297940 297939 297938 297937 297936 297935
298546 298544 298538 298537 298536 298535 298534 298533 298532 298531
298556 298554 298555
298557 1 1
298569 298567 298568
298688 298687 298686 298685 298684
298701 298700 298699 298698 298697
298733 298730 297942 297941 297940 297939 297938 297937 297936 297935
298734 298732 298726 298725 298724 298723 298722 298721 298720 298719
298744 298742 298743
298745 1 1
298757 298755 298756
298876 298875 298874 298873 298872
298889 298888 298887 298886 298885
298921 298918 297942 297941 297940 297939 297938 297937 297936 297935
298922 298920 298914 298913 298912 298911 298910 298909 298908 298907
298932 298930 298931
298933 1 1
298945 298943 298944
299068 299067 299066 299065 299064
299081 299080 299079 299078 299077
299113 299110 297942 297941 297940 297939 297938 297937 297936 297935
299114 299112 299106 299105 299104 299103 299102 299101 299100 299099
299124 299122 299123
299125 1 1
299137 299135 299136
299264 299263 299262 299261 299260
299277 299276 299275 299274 299273
299309 299306 297942 297941 297940 297939 297938 297937 297936 297935
299310 299308 299302 299301 299300 299299 299298 299297 299296 299295
299320 299318 299319
299321 1 1
299333 299331 299332
299533 299530 299517 299516 299515 299514 299513 299512 299511
299534 299532 299526 299525 299524 299523 299522 299521 299520
299543 299542 299541 299540 299539
299556 299555 299554 299553 299552
299576 299574 299575
299577 297850 297851
299599 299574 299575
299600 1 1
299674 299671 299667 299666 299665 299664 299663 299662 299661
299675 299673 299526 299525 299524 299523 299522 299521 299520
299684 299683 299682 299681 299680
299697 299696 299695 299694 299693
299718 299716 299717
299719 297850 297851
299741 299716 299717
299742 1 1
299816 299813 299809 299808 299807 299806 299805 299804 299803
299817 299815 299526 299525 299524 299523 299522 299521 299520
299826 299825 299824 299823 299822
299839 299838 299837 299836 299835
299860 299858 299859
299861 297850 297851
299883 299858 299859
299884 1 1
299958 299955 299951 299950 299949 299948 299947 299946 299945
299959 299957 299526 299525 299524 299523 299522 299521 299520
299968 299967 299966 299965 299964
299981 299980 299979 299978 299977
300001 299999 300000
300002 297850 297851
300024 299999 300000
300025 1 1
300099 300096 300092 300091 300090 300089 300088 300087 300086
300100 300098 299526 299525 299524 299523 299522 299521 299520
300109 300108 300107 300106 300105
300122 300121 300120 300119 300118
300142 300140 300141
300143 297850 297851
300165 300140 300141
300166 1 1
300240 300237 300233 300232 300231 300230 300229 300228 300227
300241 300239 299526 299525 299524 299523 299522 299521 299520
300250 300249 300248 300247 300246
300263 300262 300261 300260 300259
300284 300282 300283
300285 297850 297851
300307 300282 300283
300308 1 1
300382 300379 300375 300374 300373 300372 300371 300370 300369
300383 300381 299526 299525 299524 299523 299522 299521 299520
300392 300391 300390 300389 300388
300405 300404 300403 300402 300401
300426 300424 300425
300427 297850 297851
300449 300424 300425
300450 1 1
300524 300521 300517 300516 300515 300514 300513 300512 300511
300525 300523 299526 299525 299524 299523 299522 299521 299520
300534 300533 300532 300531 300530
300547 300546 300545 300544 300543
300567 300565 300566
300568 297850 297851
300590 300565 300566
300591 1 1
300745 300743 300744
300746 1 1
300859 300856 296047
300860 300858 293606
300866 300863 296047
300867 300865 256032
300873 300870 293606
300874 300872 256032
300888 300886 300887
300889 1 1
300899 300897 300898
300900 1 1
300907 300906 297477
300908 1 1
301140 301138 301139
301141 1 1
301567 301565 301566
301568 1 1
301590 301588 301589
301591 1 1
301613 301611 301612
301614 1 1
301636 301634 301635
301637 1 1
301659 301657 301658
301660 1 1
301682 301680 301681
301683 1 1
301705 301703 301704
301706 1 1
301728 301726 301727
301729 1 1
301751 301749 301750
301752 1 1
301766 301764 301765
301767 1 1
301781 301779 301780
301782 1 1
301796 301794 301795
301797 1 1
301811 301809 301810
301812 1 1
301826 301824 301825
301827 1 1
301841 301839 301840
301842 1 1
301856 301854 301855
301857 1 1
302411 302410 302406
302412 1 1
304263 304262 304258 304257
304264 1 1 1
304276 304275 304271 304270
304277 1 1 1
304297 304296 304292 304291 304290 304289 304288 304287 304286 304285
304298 1 1 1 1 1 1 1 1 1
304690 304679 1 1 1 1 1 1 1 1 304470 304471 304472 304473 304474 304475 304476 304477
304691 304689 304160 304161 304162 304163 304164 304165 304166 304167 304168 304169 304170 304171 304172 304687 304685 304682
304705 304694 1 1 1 1 1 1 1 1 304486 304487 304488 304489 304490 304491 304492 304493
304706 304704 304160 304161 304162 304163 304164 304165 304166 304167 304168 304169 304170 304171 304172 304702 304700 304697
304720 304709 1 1 1 1 1 1 1 1 304502 304503 304504 304505 304506 304507 304508 304509
304721 304719 304160 304161 304162 304163 304164 304165 304166 304167 304168 304169 304170 304171 304172 304717 304715 304712
304735 304724 1 1 1 1 1 1 1 1 304518 304519 304520 304521 304522 304523 304524 304525
304736 304734 304160 304161 304162 304163 304164 304165 304166 304167 304168 304169 304170 304171 304172 304732 304730 304727
304750 304739 1 1 1 1 1 1 1 1 304534 304535 304536 304537 304538 304539 304540 304541
304751 304749 304160 304161 304162 304163 304164 304165 304166 304167 304168 304169 304170 304171 304172 304747 304745 304742
304765 304754 1 1 1 1 1 1 1 1 304550 304551 304552 304553 304554 304555 304556 304557
304766 304764 304160 304161 304162 304163 304164 304165 304166 304167 304168 304169 304170 304171 304172 304762 304760 304757
304780 304769 1 1 1 1 1 1 1 1 304566 304567 304568 304569 304570 304571 304572 304573
304781 304779 304160 304161 304162 304163 304164 304165 304166 304167 304168 304169 304170 304171 304172 304777 304775 304772
304795 304784 1 1 1 1 1 1 1 1 304582 304583 304584 304585 304586 304587 304588 304589
304796 304794 304160 304161 304162 304163 304164 304165 304166 304167 304168 304169 304170 304171 304172 304792 304790 304787
304812 304810 304811
304813 1 1
304821 304464 304465
304822 33 33
304869 304868 304867
305345 1 1 1 1 1 305344 305401 305402
305385 1 1 1 1 1 305384 305401 305402
306179 306051 306052 306053 306054 306055 306056 306057 306058 306059 306060 306061 306062 306063 306064 306065 306066 306067 306068 306069 306070 306071 306072 306073 306074 306075 306076 306077 306078 306079 306080 306081 306082 306083 306084 306085 306086 306087 306088 306089 306090 306091 306092 306093 306094 306095 306096 306097 306098 306099 306100 306101 306102 306103 306104 306105 306106 306107 306108 306109 306110 306111 306112 306113 306114 306115 306116 306117 306118 306119 306120 306121 306122 306123 306124 306125 306126 306127 306128 306129 306130 306131 306132 306133 306134 306135 306136 306137 306138 306139 306140 306141 306142 306143 306144 306145 306146 306147 306148 306149 306150 306151 306152 306153 306154 306155 306156 306157 306158 306159 306160 306161 306162 306163 306164 306165 306166 306167 306168 306169 306170 306171 306172 306173 306174 306175 306176 306177 306178
306415 306414 306413 306412 306411 306410 306409 306408 306407 306406 306405 306404 306403 306402 306401 306400 306399 306398 306397 306396 306395 306394 306393 306392 306391 306390 306389 306388 306387 306386 306385 306384 306383 306382 306381 306380 306379 306378 306377 306376 306375 306374 306373 306372 306371 306370 306369 306368 306367 306366 306365 306364 306363 306362 306361 306360 306359 306358 306357 306356 306355 306354 306353 306352 306351 306350 306349 306348 306347 306346 306345 306344 306343 306342 306341 306340 306339 306338 306337 306336 306335 306334 306333 306332 306331 306330 306329 306328 306327 306326 306325 306324 306323 306322 306321 306320 306319 306318 306317 306316 306315 306314 306313 306312 306311 306310 306309 306308 306307 306306 306305 306304 306303 306302 306301 306300 306299 306298 306297 306296 306295 306294 306293 306292 306291 306290 306289 306288 306287
307578 307577 307576 307575 307574 307573 307572 307571 307570 307569 307568 307567 307566 307565 307564 307563 307562 307561 307560 307559 307558 307557 307556 307555 307554 307553 307552 307551 307550 307549 307548 307547 307546 307545 307544 307543 307542 307541 307540 307539 307538 307537 307536 307535 307534 307533 307532 307531 307530 307529 307528 307527 307526 307525 307524 307523 307522 307521 307520 307519 307518 307517 307516 307515 307514 307513 307512 307511 307510 307509 307508 307507 307506 307505 307504 307503 307502 307501 307500 307499 307498 307497 307496 307495 307494 307493 307492 307491 307490 307489 307488 307487 307486 307485 307484 307483 307482 307481 307480 307479 307478 307477 307476 307475 307474 307473 307472 307471 307470 307469 307468 307467 307466 307465 307464 307463 307462 307461 307460 307459 307458 307457 307456 307455 307454 307453 307452 307451 307450
308554 308426 308427 308428 308429 308430 308431 308432 308433 308434 308435 308436 308437 308438 308439 308440 308441 308442 308443 308444 308445 308446 308447 308448 308449 308450 308451 308452 308453 308454 308455 308456 308457 308458 308459 308460 308461 308462 308463 308464 308465 308466 308467 308468 308469 308470 308471 308472 308473 308474 308475 308476 308477 308478 308479 308480 308481 308482 308483 308484 308485 308486 308487 308488 308489 308490 308491 308492 308493 308494 308495 308496 308497 308498 308499 308500 308501 308502 308503 308504 308505 308506 308507 308508 308509 308510 308511 308512 308513 308514 308515 308516 308517 308518 308519 308520 308521 308522 308523 308524 308525 308526 308527 308528 308529 308530 308531 308532 308533 308534 308535 308536 308537 308538 308539 308540 308541 308542 308543 308544 308545 308546 308547 308548 308549 308550 308551 308552 308553
308722 308719 306047 306046 306045 306044
308723 308721 308715 308714 308713 308712
308779 308778 308776 308773 308770 308767 308764 308761 308758 308755 308752
308780 1 1 1 1 1 1 1 1 1 1
308825 308824 308822 308819 308816 308813 308810 308807 308804 308801 308798
308826 1 1 1 1 1 1 1 1 1 1
308833 308832 304160 304161 304162 304163 304164 304165 304166 304167 308830
308834 1 1 1 1 1 1 1 1 1 1
308842 308841 304160 304161 304162 304163 304164 304165 304166 304167 304168 304169 304170 304171 304172
308843 1 1 1 1 1 1 1 1 1 1 1 1 1 1
308901 308900 308898 308895 308892 308889 308886 308883 308880 308877 308874 308871 308868 308865 308862
308902 1 1 1 1 1 1 1 1 1 1 1 1 1 1
308960 308959 308955 308952 308949 308946 308943 308940 308937 308934 308931 308928 308925 308922
308961 1 1 1 1 1 1 1 1 1 1 1 1 1
309009 309008 309006 309003 309000 308997 308994 308991 308988 308985 308982 308979 308975 308976
309010 1 1 1 1 1 1 1 1 1 1 1 1 1
309058 309057 309055 309052 309049 309046 309043 309040 309037 309034
309059 1 1 1 1 1 1 1 1 1
309114 309113 309111 309108 309105 309102 309099 309096 309093 309090 309087 309083 309084
309115 1 1 1 1 1 1 1 1 1 1 1 1
309144 309143 304160 304161 304162 304163 304164 304165 304166 304167 309137 309138 309139 309140 309141
309145 1 1 1 1 1 1 1 1 1 1 1 1 1 1
309180 309154 304160 304161 304162 304163 304164 304165 304166 304167 304168 304169 304170 304171 304172 1 1 1
309181 309179 1 1 1 1 1 1 1 1 309177 309175 309172 309169 309166 309163 309160 309157
309239 1 309200 309201 309202 309203 309204 309205 309206 309207
309240 1 309231 309232 309233 309234 309235 309236 309237 309238
309280 309279 309277 309274 309271 309268 309265 309262 309259 309256
309281 1 1 1 1 1 1 1 1 1
309336 309335 309333 309330 309327 309324 309321 309318 309315 309312 309309 309305 309306
309337 1 1 1 1 1 1 1 1 1 1 1 1
309366 309365 304160 304161 304162 304163 304164 304165 304166 304167 309359 309360 309361 309362 309363
309367 1 1 1 1 1 1 1 1 1 1 1 1 1 1
309402 309376 304160 304161 304162 304163 304164 304165 304166 304167 304168 304169 304170 304171 304172 1 1 1
309403 309401 1 1 1 1 1 1 1 1 309399 309397 309394 309391 309388 309385 309382 309379
309433 309407 304160 304161 304162 304163 304164 304165 304166 304167 304168 304169 304170 304171 304172 1 1 1
309434 309432 1 1 1 1 1 1 1 1 309430 309428 309425 309422 309419 309416 309413 309410
309492 1 309453 309454 309455 309456 309457 309458 309459 309460
309493 1 309484 309485 309486 309487 309488 309489 309490 309491
309526 1 309453 309454 309455 309456 309457 309458 309459 309460
309527 1 309518 309519 309520 309521 309522 309523 309524 309525
309569 309568 309566 309563 309560 309557 309554 309551 309548 309545
309570 1 1 1 1 1 1 1 1 1
309625 309624 309622 309619 309616 309613 309610 309607 309604 309601 309598 309594 309595
309626 1 1 1 1 1 1 1 1 1 1 1 1
309655 309654 304160 304161 304162 304163 304164 304165 304166 304167 309648 309649 309650 309651 309652
309656 1 1 1 1 1 1 1 1 1 1 1 1 1 1
309691 309665 304160 304161 304162 304163 304164 304165 304166 304167 304168 304169 304170 304171 304172 1 1 1
309692 309690 1 1 1 1 1 1 1 1 309688 309686 309683 309680 309677 309674 309671 309668
309722 309696 304160 304161 304162 304163 304164 304165 304166 304167 304168 304169 304170 304171 304172 1 1 1
309723 309721 1 1 1 1 1 1 1 1 309719 309717 309714 309711 309708 309705 309702 309699
309781 1 309742 309743 309744 309745 309746 309747 309748 309749
309782 1 309773 309774 309775 309776 309777 309778 309779 309780
309815 1 309742 309743 309744 309745 309746 309747 309748 309749
309816 1 309807 309808 309809 309810 309811 309812 309813 309814
309858 309857 309855 309852 309849 309846 309843 309840 309837 309834
309859 1 1 1 1 1 1 1 1 1
309914 309913 309911 309908 309905 309902 309899 309896 309893 309890 309887 309883 309884
309915 1 1 1 1 1 1 1 1 1 1 1 1
309944 309943 304160 304161 304162 304163 304164 304165 304166 304167 309937 309938 309939 309940 309941
309945 1 1 1 1 1 1 1 1 1 1 1 1 1 1
309980 309954 304160 304161 304162 304163 304164 304165 304166 304167 304168 304169 304170 304171 304172 1 1 1
309981 309979 1 1 1 1 1 1 1 1 309977 309975 309972 309969 309966 309963 309960 309957
310011 309985 304160 304161 304162 304163 304164 304165 304166 304167 304168 304169 304170 304171 304172 1 1 1
310012 310010 1 1 1 1 1 1 1 1 310008 310006 310003 310000 309997 309994 309991 309988
310070 1 310031 310032 310033 310034 310035 310036 310037 310038
310071 1 310062 310063 310064 310065 310066 310067 310068 310069
310104 1 310031 310032 310033 310034 310035 310036 310037 310038
310105 1 310096 310097 310098 310099 310100 310101 310102 310103
310147 310146 310144 310141 310138 310135 310132 310129 310126 310123
310148 1 1 1 1 1 1 1 1 1
310203 310202 310200 310197 310194 310191 310188 310185 310182 310179 310176 310172 310173
310204 1 1 1 1 1 1 1 1 1 1 1 1
310233 310232 304160 304161 304162 304163 304164 304165 304166 304167 310226 310227 310228 310229 310230
310234 1 1 1 1 1 1 1 1 1 1 1 1 1 1
310269 310243 304160 304161 304162 304163 304164 304165 304166 304167 304168 304169 304170 304171 304172 1 1 1
310270 310268 1 1 1 1 1 1 1 1 310266 310264 310261 310258 310255 310252 310249 310246
310300 310274 304160 304161 304162 304163 304164 304165 304166 304167 304168 304169 304170 304171 304172 1 1 1
310301 310299 1 1 1 1 1 1 1 1 310297 310295 310292 310289 310286 310283 310280 310277
310359 1 310320 310321 310322 310323 310324 310325 310326 310327
310360 1 310351 310352 310353 310354 310355 310356 310357 310358
310393 1 310320 310321 310322 310323 310324 310325 310326 310327
310394 1 310385 310386 310387 310388 310389 310390 310391 310392
310436 310435 310433 310430 310427 310424 310421 310418 310415 310412
310437 1 1 1 1 1 1 1 1 1
310492 310491 310489 310486 310483 310480 310477 310474 310471 310468 310465 310461 310462
310493 1 1 1 1 1 1 1 1 1 1 1 1
310522 310521 304160 304161 304162 304163 304164 304165 304166 304167 310515 310516 310517 310518 310519
310523 1 1 1 1 1 1 1 1 1 1 1 1 1 1
310558 310532 304160 304161 304162 304163 304164 304165 304166 304167 304168 304169 304170 304171 304172 1 1 1
310559 310557 1 1 1 1 1 1 1 1 310555 310553 310550 310547 310544 310541 310538 310535
310589 310563 304160 304161 304162 304163 304164 304165 304166 304167 304168 304169 304170 304171 304172 1 1 1
310590 310588 1 1 1 1 1 1 1 1 310586 310584 310581 310578 310575 310572 310569 310566
310648 1 310609 310610 310611 310612 310613 310614 310615 310616
310649 1 310640 310641 310642 310643 310644 310645 310646 310647
310682 1 310609 310610 310611 310612 310613 310614 310615 310616
310683 1 310674 310675 310676 310677 310678 310679 310680 310681
310725 310724 310722 310719 310716 310713 310710 310707 310704 310701
310726 1 1 1 1 1 1 1 1 1
310781 310780 310778 310775 310772 310769 310766 310763 310760 310757 310754 310750 310751
310782 1 1 1 1 1 1 1 1 1 1 1 1
310811 310810 304160 304161 304162 304163 304164 304165 304166 304167 310804 310805 310806 310807 310808
310812 1 1 1 1 1 1 1 1 1 1 1 1 1 1
310847 310821 304160 304161 304162 304163 304164 304165 304166 304167 304168 304169 304170 304171 304172 1 1 1
310848 310846 1 1 1 1 1 1 1 1 310844 310842 310839 310836 310833 310830 310827 310824
310878 310852 304160 304161 304162 304163 304164 304165 304166 304167 304168 304169 304170 304171 304172 1 1 1
310879 310877 1 1 1 1 1 1 1 1 310875 310873 310870 310867 310864 310861 310858 310855
310937 1 310898 310899 310900 310901 310902 310903 310904 310905
310938 1 310929 310930 310931 310932 310933 310934 310935 310936
310971 1 310898 310899 310900 310901 310902 310903 310904 310905
310972 1 310963 310964 310965 310966 310967 310968 310969 310970
311014 311013 311011 311008 311005 311002 310999 310996 310993 310990
311015 1 1 1 1 1 1 1 1 1
311070 311069 311067 311064 311061 311058 311055 311052 311049 311046 311043 311039 311040
311071 1 1 1 1 1 1 1 1 1 1 1 1
311100 311099 304160 304161 304162 304163 304164 304165 304166 304167 311093 311094 311095 311096 311097
311101 1 1 1 1 1 1 1 1 1 1 1 1 1 1
311136 311110 304160 304161 304162 304163 304164 304165 304166 304167 304168 304169 304170 304171 304172 1 1 1
311137 311135 1 1 1 1 1 1 1 1 311133 311131 311128 311125 311122 311119 311116 311113
311167 311141 304160 304161 304162 304163 304164 304165 304166 304167 304168 304169 304170 304171 304172 1 1 1
311168 311166 1 1 1 1 1 1 1 1 311164 311162 311159 311156 311153 311150 311147 311144
311226 1 311187 311188 311189 311190 311191 311192 311193 311194
311227 1 311218 311219 311220 311221 311222 311223 311224 311225
311260 1 311187 311188 311189 311190 311191 311192 311193 311194
311261 1 311252 311253 311254 311255 311256 311257 311258 311259
311524 311523 311522 311521 311520 311519 311518 311517
311533 311530 311531 311532
311534 1 1 1
311648 99015 99016 99017 99018 99019
311649 1 1 1 1 1
311665 311664 311662 311659 311656 311653
311666 1 1 1 1 1
311679 311678 311676 311673 311670
311680 1 1 1 1
311687 311686 311684 311627 311628
311688 1 1 1 1
311695 311694 311692
311696 1 1
311730 98997 98998
311731 33 33
311797 98997 98998
311798 311595 311589
311849 311847 311848
311850 1 1
312033 312032 312030 312027 312024 312021
312034 1 1 1 1 1
312045 312044 312042
312046 1 1
312062 312061 312059 312055 312056
312063 1 1 1 1
312067 315060 315061 315062 315063 315064
312068 1 1 1 1 1
312090 312089 312087 312084 312081
312091 1 1 1 1
312115 312114 312113 312112 312111 312110 312109 312108
312124 312121 312122 312123
312125 1 1 1
312241 315058 315059
312242 312186 312180
312283 312281 312282
312284 1 1
312327 312326 312325 312324 312323 312322 312321 312320
312336 312333 312334 312335
312337 1 1 1
312361 312360 312358 312355 312352 312349
312362 1 1 1 1 1
312373 312372 312370
312374 1 1
312390 312389 312387 312383 312384
312391 1 1 1 1
312395 123994 123995 123996 123997 123998
312396 1 1 1 1 1
312418 312417 312415 312412 312409
312419 1 1 1 1
312578 312577 312576 312575 312574 312573 312572 312571
312608 312607 312598 312599
312609 4 33 33
312613 312612 312598 312599
312614 1 1 1
312666 99015 99016 99017 99018 99019 99020 99021 99022
312667 312633 312634 312635 312636 312637 312638 312639 312640
312694 312693 312692 312691 312690 312689 312688 312687
312724 312723 312714 312715
312725 4 33 33
312729 312728 312714 312715
312730 1 1 1
312797 312796 312787 312788
312798 4 33 33
312802 312801 312787 312788
312803 1 1 1
312855 315060 315061 315062 315063 315064 315065 315066 315067
312856 312822 312823 312824 312825 312826 312827 312828 312829
312883 312882 312881 312880 312879 312878 312877 312876
312913 312912 312903 312904
312914 4 33 33
312918 312917 312903 312904
312919 1 1 1
312971 123994 123995 123996 123997 123998 123999 124000 124001
312972 312938 312939 312940 312941 312942 312943 312944 312945
313049 313048 313047 313046 313045 313044 313043 313042
313078 313077 313068 313069
313079 4 33 33
313083 313082 313068 313069
313084 1 1 1
313101 313100 313099 313098 313097 313096 313095 313094
313130 313129 313120 313121
313131 4 33 33
313135 313134 313120 313121
313136 1 1 1
313154 313149 313150 313151 313152 313153
313173 313163 313164 313165 313166 313167 313168 313169 313170 313171 313172
313187 313186 313185
313197 313196 313195
313234 313233 313232 313231 313230 313229 313228 313227 313226 313225 313224 313223 313222 313221 313220 313219 313218 313217
313312 313311 313310 313309 313308 313307 313306 313305 313304 313303 313302 313301 313300 313299 313298 313297 313296 313295
313332 313330 313331
313347 313346 313345
313358 313357 313356
313388 313387 313386 313385 313384 313383 313382 313381 313380 313379 313378 313377 313376 313375 313374 313373 313372 313371 313370 313369 313368
313422 313421 313420 313419 313418 313417 313416 313415 313414 313413 313412 313411 313410 313409 313408 313407 313406 313405 313404 313403 313402
313444 313442 313443
313507 1 314990
313508 313182 313178
313527 313524 313192
313528 313526 313352
313533 313532 313192
313534 1 1
313624 313623 312991
313625 1 1
313627 313614 313615 313616 313617 313618 313619 313620 313621
313628 1 1 1 1 1 1 1 1
313630 1 313590 313591 313592 313593 313594 313595 313596 313597
313631 1 313614 313615 313616 313617 313618 313619 313620 313621
313637 313590 313591 313592 313593 313594 313595 313596 313597
313638 1 1 1 1 1 1 1 4
313693 313692 313691 313690 313689 313688 313687 313686
313722 313721 313712 313713
313723 4 33 33
313727 313726 313712 313713
313728 1 1 1
313745 313744 313743 313742 313741 313740 313739 313738
313774 313773 313764 313765
313775 4 33 33
313779 313778 313764 313765
313780 1 1 1
313803 313793 313794 313795 313796 313797 313798 313799 313800 313801 313802
313822 313821 313820
313833 313832 313831
313914 313913 313912 313911 313910 313909 313908 313907 313906 313905 313904 313903 313902 313901 313900 313899 313898 313897
313934 313932 313933
313947 313946 313945
313958 313957 313956
313988 313987 313986 313985 313984 313983 313982 313981 313980 313979 313978 313977 313976 313975 313974 313973 313972 313971 313970 313969 313968
314012 314010 314011
314026 1 314990
314027 313812 313808
314044 314043 313827
314045 1 1
314052 314049 313827
314053 314051 313952
314129 314128 313650
314130 1 1
314132 314119 314120 314121 314122 314123 314124 314125 314126
314133 1 1 1 1 1 1 1 1
314135 1 314095 314096 314097 314098 314099 314100 314101 314102
314136 1 314119 314120 314121 314122 314123 314124 314125 314126
314142 314095 314096 314097 314098 314099 314100 314101 314102
314143 1 1 1 1 1 1 1 4
314165 314164 314163 314162 314161 314160 314159 314158
314194 314193 314184 314185
314195 4 33 33
314199 314198 314184 314185
314200 1 1 1
314658 1 1 1 1 1 1 1 314657
314691 1 1 1 1 1 1 1 314690
314878 1 1 1 1 1 1 1 314877
314901 1 1 1 1 1 1 1 314900
315039 1 1 1 1 1 1 1 315038
315056 1 1 1 1 1 1 1 315055
315136 1 1 1 1 1 1 1 315135
315167 1 1 1 1 1 1 1 315166
315343 1 1 1 1 1 1 1 315342
315347 1 1 1 1 1 1 1 315346
315389 315388 50930 315386
315390 4 6778 1
315471 51138 51139
315472 33 33
315501 315500 50930 315498
315502 4 6778 1
315518 51138 51139
315519 315452 315446
315545 315543 315544
315546 1 1
315592 315591 335491 335492
315593 4 6778 1
315678 315675 50930 315673
315679 315677 315640 315641
315684 51111 51109 51106 51103 51100 51097 51094
315685 315645 315646 315647 315648 315649 315650 315651
315737 315734 335491 335492
315738 315736 315719 315720
318380 318044 318045 318046 318047 318048 318049 318050 318051 318052 318053 318054 318055 318056 318057 318058 318059 318060 318061 318062 318063 318064 318065 318066 318067 318068 318069 318070 318071 318072 318073 318074 318075 318076 318077 318078 318079 318080 318081 318082 318083 318084 318085 318086 318087 318088 318089 318090 318091 318092 318093 318094 318095 318096 318097 318098 318099 318100 318101 318102 318103 318104 318105 318106 318107 318108 318109 318110 318111 318112 318113 318114 318115 318116 318117 318118 318119 318120 318121 318122 318123 318124 318125 318126 318127 318128 318129 318130 318131 318132 318133 318134 318135 318136 318137 318138 318139 318140 318141 318142 318143 318144 318145 318146 318147 318148 318149 318150 318151 318152 318153 318154 318155 318156 318157 318158 318159 318160 318161 318162 318163 318164 318165 318166 318167 318168 318169 318170 318171 318172 318173 318174 318175 318176 318177 318178 318179 318180 318181 318182 318183 318184 318185 318186 318187 318188 318189 318190 318191 318192 318193 318194 318195 318196 318197 318198 318199 318200 318201 318202 318203 318204 318205 318206 318207 318208 318209 318210 318211 318212 318213 318214 318215 318216 318217 318218 318219 318220 318221 318222 318223 318224 318225 318226 318227 318228 318229 318230 318231 318232 318233 318234 318235 318236 318237 318238 318239 318240 318241 318242 318243 318244 318245 318246 318247 318248 318249 318250 318251 318252 318253 318254 318255 318256 318257 318258 318259 318260 318261 318262 318263 318264 318265 318266 318267 318268 318269 318270 318271 318272 318273 318274 318275 318276 318277 318278 318279 318280 318281 318282 318283 318284 318285 318286 318287 318288 318289 318290 318291 318292 318293 318294 318295 318296 318297 318298 318299 318300 318301 318302 318303 318304 318305 318306 318307 318308 318309 318310 318311 318312 318313 318314 318315 318316 318317 318318 318319 318320 318321 318322 318323 318324 318325 318326 318327 318328 318329 318330 318331 318332 318333 318334 318335 318336 318337 318338 318339 318340 318341 318342 318343 318344 318345 318346 318347 318348 318349 318350 318351 318352 318353 318354 318355 318356 318357 318358 318359 318360 318361 318362 318363 318364 318365 318366 318367 318368 318369 318370 318371 318372 318373 318374 318375 318376 318377 318378 318379
318736 318400 318401 318402 318403 318404 318405 318406 318407 318408 318409 318410 318411 318412 318413 318414 318415 318416 318417 318418 318419 318420 318421 318422 318423 318424 318425 318426 318427 318428 318429 318430 318431 318432 318433 318434 318435 318436 318437 318438 318439 318440 318441 318442 318443 318444 318445 318446 318447 318448 318449 318450 318451 318452 318453 318454 318455 318456 318457 318458 318459 318460 318461 318462 318463 318464 318465 318466 318467 318468 318469 318470 318471 318472 318473 318474 318475 318476 318477 318478 318479 318480 318481 318482 318483 318484 318485 318486 318487 318488 318489 318490 318491 318492 318493 318494 318495 318496 318497 318498 318499 318500 318501 318502 318503 318504 318505 318506 318507 318508 318509 318510 318511 318512 318513 318514 318515 318516 318517 318518 318519 318520 318521 318522 318523 318524 318525 318526 318527 318528 318529 318530 318531 318532 318533 318534 318535 318536 318537 318538 318539 318540 318541 318542 318543 318544 318545 318546 318547 318548 318549 318550 318551 318552 318553 318554 318555 318556 318557 318558 318559 318560 318561 318562 318563 318564 318565 318566 318567 318568 318569 318570 318571 318572 318573 318574 318575 318576 318577 318578 318579 318580 318581 318582 318583 318584 318585 318586 318587 318588 318589 318590 318591 318592 318593 318594 318595 318596 318597 318598 318599 318600 318601 318602 318603 318604 318605 318606 318607 318608 318609 318610 318611 318612 318613 318614 318615 318616 318617 318618 318619 318620 318621 318622 318623 318624 318625 318626 318627 318628 318629 318630 318631 318632 318633 318634 318635 318636 318637 318638 318639 318640 318641 318642 318643 318644 318645 318646 318647 318648 318649 318650 318651 318652 318653 318654 318655 318656 318657 318658 318659 318660 318661 318662 318663 318664 318665 318666 318667 318668 318669 318670 318671 318672 318673 318674 318675 318676 318677 318678 318679 318680 318681 318682 318683 318684 318685 318686 318687 318688 318689 318690 318691 318692 318693 318694 318695 318696 318697 318698 318699 318700 318701 318702 318703 318704 318705 318706 318707 318708 318709 318710 318711 318712 318713 318714 318715 318716 318717 318718 318719 318720 318721 318722 318723 318724 318725 318726 318727 318728 318729 318730 318731 318732 318733 318734 318735
318880 318879 318878 318877 318876 318875 318874 318873 318872 318871 318870 318869 318868 318867 318866 318865 318864 318863 318862 318861 318860 318859 318858 318857 318856 318855 318854 318853 318852 318851 318850 318849 318848 318847 318846 318845 318844 318843 318842 318841 318840 318839 318838 318837 318836 318835 318834 318833 318832 318831 318830 318829 318828 318827 318826 318825 318824 318823 318822 318821 318820 318819 318818 318817 318816 318815 318814 318813 318812 318811 318810 318809 318808 318807 318806 318805 318804 318803 318802 318801 318800 318799 318798 318797 318796 318795 318794 318793 318792 318791 318790 318789 318788 318787 318786 318785 318784 318783 318782 318781 318780 318779 318778 318777 318776 318775 318774 318773 318772 318771 318770 318769 318768 318767 318766 318765 318764 318763 318762 318761 318760 318759 318758 318757 318756 318755 318754 318753 318752
319103 319102 319101 319100 319099 319098 319097 319096 319095 319094 319093 319092 319091 319090 319089 319088 319087 319086 319085 319084 319083 319082 319081 319080 319079 319078 319077 319076 319075 319074 319073 319072 319071 319070 319069 319068 319067 319066 319065 319064 319063 319062 319061 319060 319059 319058 319057 319056 319055 319054 319053 319052 319051 319050 319049 319048 319047 319046 319045 319044 319043 319042 319041 319040 319039 319038 319037 319036 319035 319034 319033 319032 319031 319030 319029 319028 319027 319026 319025 319024 319023 319022 319021 319020 319019 319018 319017 319016 319015 319014 319013 319012 319011 319010 319009 319008 319007 319006 319005 319004 319003 319002 319001 319000 318999 318998 318997 318996 318995 318994 318993 318992 318991 318990 318989 318988 318987 318986 318985 318984 318983 318982 318981 318980 318979 318978 318977 318976 318975
320240 320239 320238 320237 320236 320235 320234 320233 320232 320231 320230 320229 320228 320227 320226 320225 320224 320223 320222 320221 320220 320219 320218 320217 320216 320215 320214 320213 320212 320211 320210 320209 320208 320207 320206 320205 320204 320203 320202 320201 320200 320199 320198 320197 320196 320195 320194 320193 320192 320191 320190 320189 320188 320187 320186 320185 320184 320183 320182 320181 320180 320179 320178 320177 320176 320175 320174 320173 320172 320171 320170 320169 320168 320167 320166 320165 320164 320163 320162 320161 320160 320159 320158 320157 320156 320155 320154 320153 320152 320151 320150 320149 320148 320147 320146 320145 320144 320143 320142 320141 320140 320139 320138 320137 320136 320135 320134 320133 320132 320131 320130 320129 320128 320127 320126 320125 320124 320123 320122 320121 320120 320119 320118 320117 320116 320115 320114 320113 320112 320111 320110 320109 320108 320107 320106 320105 320104 320103 320102 320101 320100 320099 320098 320097 320096 320095 320094 320093 320092 320091 320090 320089 320088 320087 320086 320085 320084 320083 320082 320081 320080 320079 320078 320077 320076 320075 320074 320073 320072 320071 320070 320069 320068 320067 320066 320065 320064 320063 320062 320061 320060 320059 320058 320057 320056 320055 320054 320053 320052 320051 320050 320049 320048 320047 320046 320045 320044 320043 320042 320041 320040 320039 320038 320037 320036 320035 320034 320033 320032 320031 320030 320029 320028 320027 320026 320025 320024 320023 320022 320021 320020 320019 320018 320017 320016 320015 320014 320013 320012 320011 320010 320009 320008 320007 320006 320005 320004 320003 320002 320001 320000 319999 319998 319997 319996 319995 319994 319993 319992 319991 319990 319989 319988 319987 319986 319985 319984 319983 319982 319981 319980 319979 319978 319977 319976 319975 319974 319973 319972 319971 319970 319969 319968 319967 319966 319965 319964 319963 319962 319961 319960 319959 319958 319957 319956 319955 319954 319953 319952 319951 319950 319949 319948 319947 319946 319945 319944 319943 319942 319941 319940 319939 319938 319937 319936 319935 319934 319933 319932 319931 319930 319929 319928 319927 319926 319925 319924 319923 319922 319921 319920 319919 319918 319917 319916 319915 319914 319913 319912 319911 319910 319909 319908 319907 319906 319905 319904 319903 319902 319901 319900 319899 319898 319897 319896 319895 319894 319893 319892 319891 319890 319889 319888 319887 319886 319885 319884 319883 319882 319881 319880 319879 319878 319877 319876 319875 319874 319873 319872 319871 319870 319869 319868 319867 319866 319865 319864 319863 319862 319861 319860 319859 319858 319857 319856 319855 319854 319853 319852 319851 319850 319849 319848 319847 319846 319845 319844 319843 319842 319841 319840 319839 319838 319837 319836 319835 319834 319833 319832 319831 319830 319829 319828 319827 319826 319825 319824 319823 319822 319821 319820 319819 319818 319817 319816 319815 319814 319813 319812 319811 319810 319809 319808 319807 319806 319805 319804 319803 319802 319801 319800 319799 319798 319797 319796 319795 319794 319793 319792 319791 319790 319789 319788 319787 319786 319785 319784 319783 319782 319781 319780 319779 319778 319777 319776 319775 319774 319773 319772 319771 319770 319769 319768 319767 319766 319765 319764 319763 319762 319761 319760 319759 319758 319757 319756 319755 319754 319753 319752 319751 319750 319749 319748 319747 319746 319745 319744 319743 319742 319741 319740 319739 319738 319737 319736 319735 319734 319733 319732 319731 319730 319729 319728 319727 319726 319725 319724 319723 319722 319721 319720 319719 319718 319717 319716 319715 319714 319713 319712 319711 319710 319709 319708 319707 319706 319705 319704 319703 319702 319701 319700 319699 319698 319697 319696 319695 319694 319693 319692 319691 319690 319689 319688 319687 319686 319685 319684 319683 319682 319681 319680 319679 319678 319677 319676 319675 319674 319673 319672 319671 319670 319669 319668 319667 319666 319665 319664 319663 319662 319661 319660 319659 319658 319657 319656 319655 319654 319653 319652 319651 319650 319649 319648 319647 319646 319645 319644 319643 319642 319641 319640 319639 319638 319637 319636 319635 319634 319633 319632 319631 319630 319629 319628 319627 319626 319625 319624 319623 319622 319621 319620 319619 319618 319617 319616 319615 319614 319613 319612 319611 319610 319609 319608 319607 319606 319605 319604 319603 319602 319601 319600 319599 319598 319597 319596 319595 319594 319593 319592 319591 319590 319589 319588 319587 319586 319585 319584 319583 319582 319581 319580 319579 319578 319577 319576 319575 319574 319573 319572 319571 319570 319569 319568 319567 319566 319565 319564 319563 319562 319561 319560 319559 319558 319557 319556 319555 319554 319553 319552 319551 319550 319549 319548 319547 319546 319545 319544 319543 319542 319541 319540 319539 319538 319537 319536 319535 319534 319533 319532 319531 319530 319529 319528 319527 319526 319525 319524 319523 319522 319521 319520 319519 319518 319517 319516 319515 319514 319513 319512 319511 319510 319509 319508 319507 319506 319505 319504 319503 319502 319501 319500 319499 319498 319497 319496 319495 319494 319493 319492 319491 319490 319489 319488 319487 319486 319485 319484 319483 319482 319481 319480 319479 319478 319477 319476 319475 319474 319473 319472 319471 319470 319469 319468 319467 319466 319465 319464 319463 319462 319461 319460 319459 319458 319457 319456 319455 319454 319453 319452 319451 319450 319449 319448 319447 319446 319445 319444 319443 319442 319441 319440 319439 319438 319437 319436 319435 319434 319433 319432 319431 319430 319429 319428 319427 319426 319425 319424 319423 319422 319421 319420 319419 319418 319417 319416 319415 319414 319413 319412 319411 319410 319409 319408 319407 319406 319405 319404 319403 319402 319401 319400 319399 319398 319397 319396 319395 319394 319393 319392 319391 319390 319389 319388 319387 319386 319385 319384 319383 319382 319381 319380 319379 319378 319377 319376 319375 319374 319373 319372 319371 319370 319369 319368 319367 319366 319365 319364 319363 319362 319361 319360 319359 319358 319357 319356 319355 319354 319353 319352 319351 319350 319349 319348 319347 319346 319345 319344 319343 319342 319341 319340 319339 319338 319337 319336 319335 319334 319333 319332 319331 319330 319329 319328 319327 319326 319325 319324 319323 319322 319321 319320 319319 319318 319317 319316 319315 319314 319313 319312 319311 319310 319309 319308 319307 319306 319305 319304 319303 319302 319301 319300 319299 319298 319297 319296 319295 319294 319293 319292 319291 319290 319289 319288 319287 319286 319285 319284 319283 319282 319281 319280 319279 319278 319277 319276 319275 319274 319273 319272 319271 319270 319269 319268 319267 319266 319265 319264 319263 319262 319261 319260 319259 319258 319257 319256 319255 319254 319253 319252 319251 319250 319249 319248 319247 319246 319245 319244 319243 319242 319241 319240 319239 319238 319237 319236 319235 319234 319233 319232 319231 319230 319229 319228 319227 319226 319225 319224 319223 319222 319221 319220 319219 319218 319217 319216 319215
324697 324696 324695 324694 324693 324692 324691 324690 324689 324688 324687 324686 324685 324684 324683 324682 324681 324680 324679 324678 324677 324676 324675 324674 324673 324672 324671 324670 324669 324668 324667 324666 324665 324664 324663 324662 324661 324660 324659 324658 324657 324656 324655 324654 324653 324652 324651 324650 324649 324648 324647 324646 324645 324644 324643 324642 324641 324640 324639 324638 324637 324636 324635 324634 324633 324632 324631 324630 324629 324628 324627 324626 324625 324624 324623 324622 324621 324620 324619 324618 324617 324616 324615 324614 324613 324612 324611 324610 324609 324608 324607 324606 324605 324604 324603 324602 324601 324600 324599 324598 324597 324596 324595 324594 324593 324592 324591 324590 324589 324588 324587 324586 324585 324584 324583 324582 324581 324580 324579 324578 324577 324576 324575 324574 324573 324572 324571 324570 324569 324568 324567 324566 324565 324564 324563 324562 324561 324560 324559 324558 324557 324556 324555 324554 324553 324552 324551 324550 324549 324548 324547 324546 324545 324544 324543 324542 324541 324540 324539 324538 324537 324536 324535 324534 324533 324532 324531 324530 324529 324528 324527 324526 324525 324524 324523 324522 324521 324520 324519 324518 324517 324516 324515 324514 324513 324512 324511 324510 324509 324508 324507 324506 324505 324504 324503 324502 324501 324500 324499 324498 324497 324496 324495 324494 324493 324492 324491 324490 324489 324488 324487 324486 324485 324484 324483 324482 324481 324480 324479 324478 324477 324476 324475 324474 324473 324472 324471 324470 324469 324468 324467 324466 324465 324464 324463 324462 324461 324460 324459 324458 324457 324456 324455 324454 324453 324452 324451 324450 324449 324448 324447 324446 324445 324444 324443 324442 324441 324440 324439 324438 324437 324436 324435 324434 324433 324432 324431 324430 324429 324428 324427 324426 324425 324424 324423 324422 324421 324420 324419 324418 324417 324416 324415 324414 324413 324412 324411 324410 324409 324408 324407 324406 324405 324404 324403 324402 324401 324400 324399 324398 324397 324396 324395 324394 324393 324392 324391 324390 324389 324388 324387 324386 324385 324384 324383 324382 324381 324380 324379 324378 324377 324376 324375 324374 324373 324372 324371 324370 324369 324368 324367 324366 324365 324364 324363 324362 324361 324360 324359 324358 324357 324356 324355 324354 324353 324352 324351 324350 324349 324348 324347 324346 324345 324344 324343 324342 324341 324340 324339 324338 324337 324336 324335 324334 324333 324332 324331 324330 324329 324328 324327 324326 324325 324324 324323 324322 324321 324320 324319 324318 324317 324316 324315 324314 324313 324312 324311 324310 324309 324308 324307 324306 324305 324304 324303 324302 324301 324300 324299 324298 324297 324296 324295 324294 324293 324292 324291 324290 324289 324288 324287 324286 324285 324284 324283 324282 324281 324280 324279 324278 324277 324276 324275 324274 324273 324272 324271 324270 324269 324268 324267 324266 324265 324264 324263 324262 324261 324260 324259 324258 324257 324256 324255 324254 324253 324252 324251 324250 324249 324248 324247 324246 324245 324244 324243 324242 324241 324240 324239 324238 324237 324236 324235 324234 324233 324232 324231 324230 324229 324228 324227 324226 324225 324224 324223 324222 324221 324220 324219 324218 324217 324216 324215 324214 324213 324212 324211 324210 324209 324208 324207 324206 324205 324204 324203 324202 324201 324200 324199 324198 324197 324196 324195 324194 324193 324192 324191 324190 324189 324188 324187 324186 324185 324184 324183 324182 324181 324180 324179 324178 324177 324176 324175 324174 324173 324172 324171 324170 324169 324168 324167 324166 324165 324164 324163 324162 324161 324160 324159 324158 324157 324156 324155 324154 324153 324152 324151 324150 324149 324148 324147 324146 324145 324144 324143 324142 324141 324140 324139 324138 324137 324136 324135 324134 324133 324132 324131 324130 324129 324128 324127 324126 324125 324124 324123 324122 324121 324120 324119 324118 324117 324116 324115 324114 324113 324112 324111 324110 324109 324108 324107 324106 324105 324104 324103 324102 324101 324100 324099 324098 324097 324096 324095 324094 324093 324092 324091 324090 324089 324088 324087 324086 324085 324084 324083 324082 324081 324080 324079 324078 324077 324076 324075 324074 324073 324072 324071 324070 324069 324068 324067 324066 324065 324064 324063 324062 324061 324060 324059 324058 324057 324056 324055 324054 324053 324052 324051 324050 324049 324048 324047 324046 324045 324044 324043 324042 324041 324040 324039 324038 324037 324036 324035 324034 324033 324032 324031 324030 324029 324028 324027 324026 324025 324024 324023 324022 324021 324020 324019 324018 324017 324016 324015 324014 324013 324012 324011 324010 324009 324008 324007 324006 324005 324004 324003 324002 324001 324000 323999 323998 323997 323996 323995 323994 323993 323992 323991 323990 323989 323988 323987 323986 323985 323984 323983 323982 323981 323980 323979 323978 323977 323976 323975 323974 323973 323972 323971 323970 323969 323968 323967 323966 323965 323964 323963 323962 323961 323960 323959 323958 323957 323956 323955 323954 323953 323952 323951 323950 323949 323948 323947 323946 323945 323944 323943 323942 323941 323940 323939 323938 323937 323936 323935 323934 323933 323932 323931 323930 323929 323928 323927 323926 323925 323924 323923 323922 323921 323920 323919 323918 323917 323916 323915 323914 323913 323912 323911 323910 323909 323908 323907 323906 323905 323904 323903 323902 323901 323900 323899 323898 323897 323896 323895 323894 323893 323892 323891 323890 323889 323888 323887 323886 323885 323884 323883 323882 323881 323880 323879 323878 323877 323876 323875 323874 323873 323872 323871 323870 323869 323868 323867 323866 323865 323864 323863 323862 323861 323860 323859 323858 323857 323856 323855 323854 323853 323852 323851 323850 323849 323848 323847 323846 323845 323844 323843 323842 323841 323840 323839 323838 323837 323836 323835 323834 323833 323832 323831 323830 323829 323828 323827 323826 323825 323824 323823 323822 323821 323820 323819 323818 323817 323816 323815 323814 323813 323812 323811 323810 323809 323808 323807 323806 323805 323804 323803 323802 323801 323800 323799 323798 323797 323796 323795 323794 323793 323792 323791 323790 323789 323788 323787 323786 323785 323784 323783 323782 323781 323780 323779 323778 323777 323776 323775 323774 323773 323772 323771 323770 323769 323768 323767 323766 323765 323764 323763 323762 323761 323760 323759 323758 323757 323756 323755 323754 323753 323752 323751 323750 323749 323748 323747 323746 323745 323744 323743 323742 323741 323740 323739 323738 323737 323736 323735 323734 323733 323732 323731 323730 323729 323728 323727 323726 323725 323724 323723 323722 323721 323720 323719 323718 323717 323716 323715 323714 323713 323712 323711 323710 323709 323708 323707 323706 323705 323704 323703 323702 323701 323700 323699 323698 323697 323696 323695 323694 323693 323692 323691 323690 323689 323688 323687 323686 323685 323684 323683 323682 323681 323680 323679 323678 323677 323676 323675 323674 323673 323672
325129 325045 325046 325047 325048 325049 325050 325051 325052 325053 325054 325055 325056 325057 325058 325059 325060 325061 325062 325063 325064 325065 325066 325067 325068 325069 325070 325071 325072 325073 325074 325075 325076 325077 325078 325079 325080 325081 325082 325083 325084 325085 325086 325087 325088 325089 325090 325091 325092 325093 325094 325095 325096 325097 325098 325099 325100 325101 325102 325103 325104 325105 325106 325107 325108 325109 325110 325111 325112 325113 325114 325115 325116 325117 325118 325119 325120 325121 325122 325123 325124 325125 325126 325127 325128
325276 325275 325274 325273 325272 325271 325270 325269 325268 325267 325266 325265 325264 325263 325262 325261 325260 325259 325258 325257 325256 325255 325254 325253 325252 325251 325250 325249 325248 325247 325246 325245 325244 325243 325242 325241 325240 325239 325238 325237 325236 325235 325234 325233 325232 325231 325230 325229 325228 325227 325226 325225 325224 325223 325222 325221 325220 325219 325218 325217 325216 325215 325214 325213 325212 325211 325210 325209 325208 325207 325206 325205 325204 325203 325202 325201 325200 325199 325198 325197 325196 325195 325194 325193 325192 325191 325190 325189 325188 325187 325186 325185 325184 325183 325182 325181 325180 325179 325178 325177 325176 325175 325174 325173 325172 325171 325170 325169 325168 325167 325166 325165 325164 325163 325162 325161 325160 325159 325158 325157 325156 325155 325154 325153 325152 325151 325150 325149 325148
325500 325499 325498 325497 325496 325495 325494 325493 325492 325491 325490 325489 325488 325487 325486 325485 325484 325483 325482 325481 325480 325479 325478 325477 325476 325475 325474 325473 325472 325471 325470 325469 325468 325467 325466 325465 325464 325463 325462 325461 325460 325459 325458 325457 325456 325455 325454 325453 325452 325451 325450 325449 325448 325447 325446 325445 325444 325443 325442 325441 325440 325439 325438 325437 325436 325435 325434 325433 325432 325431 325430 325429 325428 325427 325426 325425 325424 325423 325422 325421 325420 325419 325418 325417 325416 325415 325414 325413 325412 325411 325410 325409 325408 325407 325406 325405 325404 325403 325402 325401 325400 325399 325398 325397 325396 325395 325394 325393 325392 325391 325390 325389 325388 325387 325386 325385 325384 325383 325382 325381 325380 325379 325378 325377 325376 325375 325374 325373 325372
326630 326629 326628 326627 326626 326625 326624 326623 326622 326621 326620 326619 326618 326617 326616 326615 326614 326613 326612 326611 326610 326609 326608 326607 326606 326605 326604 326603 326602 326601 326600 326599 326598 326597 326596 326595 326594 326593 326592 326591 326590 326589 326588 326587 326586 326585 326584 326583 326582 326581 326580 326579 326578 326577 326576 326575 326574 326573 326572 326571 326570 326569 326568 326567 326566 326565 326564 326563 326562 326561 326560 326559 326558 326557 326556 326555 326554 326553 326552 326551 326550 326549 326548 326547 326546 326545 326544 326543 326542 326541 326540 326539 326538 326537 326536 326535 326534 326533 326532 326531 326530 326529 326528 326527 326526 326525 326524 326523 326522 326521 326520 326519 326518 326517 326516 326515 326514 326513 326512 326511 326510 326509 326508 326507 326506 326505 326504 326503 326502 326501 326500 326499 326498 326497 326496 326495 326494 326493 326492 326491 326490 326489 326488 326487 326486 326485 326484 326483 326482 326481 326480 326479 326478 326477 326476 326475 326474 326473 326472 326471 326470 326469 326468 326467 326466 326465 326464 326463 326462 326461 326460 326459 326458 326457 326456 326455 326454 326453 326452 326451 326450 326449 326448 326447 326446 326445 326444 326443 326442 326441 326440 326439 326438 326437 326436 326435 326434 326433 326432 326431 326430 326429 326428 326427 326426 326425 326424 326423 326422 326421 326420 326419 326418 326417 326416 326415 326414 326413 326412 326411 326410 326409 326408 326407 326406 326405 326404 326403 326402 326401 326400 326399 326398 326397 326396 326395 326394 326393 326392 326391 326390 326389 326388 326387 326386 326385 326384 326383 326382 326381 326380 326379 326378 326377 326376 326375 326374 326373 326372 326371 326370 326369 326368 326367 326366 326365 326364 326363 326362 326361 326360 326359 326358 326357 326356 326355 326354 326353 326352 326351 326350 326349 326348 326347 326346 326345 326344 326343 326342 326341 326340 326339 326338 326337 326336 326335 326334 326333 326332 326331 326330 326329 326328 326327 326326 326325 326324 326323 326322 326321 326320 326319 326318 326317 326316 326315 326314 326313 326312 326311 326310 326309 326308 326307 326306 326305 326304 326303 326302 326301 326300 326299 326298 326297 326296 326295 326294 326293 326292 326291 326290 326289 326288 326287 326286 326285 326284 326283 326282 326281 326280 326279 326278 326277 326276 326275 326274 326273 326272 326271 326270 326269 326268 326267 326266 326265 326264 326263 326262 326261 326260 326259 326258 326257 326256 326255 326254 326253 326252 326251 326250 326249 326248 326247 326246 326245 326244 326243 326242 326241 326240 326239 326238 326237 326236 326235 326234 326233 326232 326231 326230 326229 326228 326227 326226 326225 326224 326223 326222 326221 326220 326219 326218 326217 326216 326215 326214 326213 326212 326211 326210 326209 326208 326207 326206 326205 326204 326203 326202 326201 326200 326199 326198 326197 326196 326195 326194 326193 326192 326191 326190 326189 326188 326187 326186 326185 326184 326183 326182 326181 326180 326179 326178 326177 326176 326175 326174 326173 326172 326171 326170 326169 326168 326167 326166 326165 326164 326163 326162 326161 326160 326159 326158 326157 326156 326155 326154 326153 326152 326151 326150 326149 326148 326147 326146 326145 326144 326143 326142 326141 326140 326139 326138 326137 326136 326135 326134 326133 326132 326131 326130 326129 326128 326127 326126 326125 326124 326123 326122 326121 326120 326119 326118 326117 326116 326115 326114 326113 326112 326111 326110 326109 326108 326107 326106 326105 326104 326103 326102 326101 326100 326099 326098 326097 326096 326095 326094 326093 326092 326091 326090 326089 326088 326087 326086 326085 326084 326083 326082 326081 326080 326079 326078 326077 326076 326075 326074 326073 326072 326071 326070 326069 326068 326067 326066 326065 326064 326063 326062 326061 326060 326059 326058 326057 326056 326055 326054 326053 326052 326051 326050 326049 326048 326047 326046 326045 326044 326043 326042 326041 326040 326039 326038 326037 326036 326035 326034 326033 326032 326031 326030 326029 326028 326027 326026 326025 326024 326023 326022 326021 326020 326019 326018 326017 326016 326015 326014 326013 326012 326011 326010 326009 326008 326007 326006 326005 326004 326003 326002 326001 326000 325999 325998 325997 325996 325995 325994 325993 325992 325991 325990 325989 325988 325987 325986 325985 325984 325983 325982 325981 325980 325979 325978 325977 325976 325975 325974 325973 325972 325971 325970 325969 325968 325967 325966 325965 325964 325963 325962 325961 325960 325959 325958 325957 325956 325955 325954 325953 325952 325951 325950 325949 325948 325947 325946 325945 325944 325943 325942 325941 325940 325939 325938 325937 325936 325935 325934 325933 325932 325931 325930 325929 325928 325927 325926 325925 325924 325923 325922 325921 325920 325919 325918 325917 325916 325915 325914 325913 325912 325911 325910 325909 325908 325907 325906 325905 325904 325903 325902 325901 325900 325899 325898 325897 325896 325895 325894 325893 325892 325891 325890 325889 325888 325887 325886 325885 325884 325883 325882 325881 325880 325879 325878 325877 325876 325875 325874 325873 325872 325871 325870 325869 325868 325867 325866 325865 325864 325863 325862 325861 325860 325859 325858 325857 325856 325855 325854 325853 325852 325851 325850 325849 325848 325847 325846 325845 325844 325843 325842 325841 325840 325839 325838 325837 325836 325835 325834 325833 325832 325831 325830 325829 325828 325827 325826 325825 325824 325823 325822 325821 325820 325819 325818 325817 325816 325815 325814 325813 325812 325811 325810 325809 325808 325807 325806 325805 325804 325803 325802 325801 325800 325799 325798 325797 325796 325795 325794 325793 325792 325791 325790 325789 325788 325787 325786 325785 325784 325783 325782 325781 325780 325779 325778 325777 325776 325775 325774 325773 325772 325771 325770 325769 325768 325767 325766 325765 325764 325763 325762 325761 325760 325759 325758 325757 325756 325755 325754 325753 325752 325751 325750 325749 325748 325747 325746 325745 325744 325743 325742 325741 325740 325739 325738 325737 325736 325735 325734 325733 325732 325731 325730 325729 325728 325727 325726 325725 325724 325723 325722 325721 325720 325719 325718 325717 325716 325715 325714 325713 325712 325711 325710 325709 325708 325707 325706 325705 325704 325703 325702 325701 325700 325699 325698 325697 325696 325695 325694 325693 325692 325691 325690 325689 325688 325687 325686 325685 325684 325683 325682 325681 325680 325679 325678 325677 325676 325675 325674 325673 325672 325671 325670 325669 325668 325667 325666 325665 325664 325663 325662 325661 325660 325659 325658 325657 325656 325655 325654 325653 325652 325651 325650 325649 325648 325647 325646 325645 325644 325643 325642 325641 325640 325639 325638 325637 325636 325635 325634 325633 325632 325631 325630 325629 325628 325627 325626 325625 325624 325623 325622 325621 325620 325619 325618 325617 325616 325615 325614 325613 325612 325611 325610 325609 325608 325607 325606 325605 325604 325603 325602
328014 328013 328012 328011 328010 328009 328008 328007 328006 328005 328004 328003 328002 328001 328000 327999 327998 327997 327996 327995 327994 327993 327992 327991 327990 327989 327988 327987 327986 327985 327984 327983 327982 327981 327980 327979 327978 327977 327976 327975 327974 327973 327972 327971 327970 327969 327968 327967 327966 327965 327964 327963 327962 327961 327960 327959 327958 327957 327956 327955 327954 327953 327952 327951 327950 327949 327948 327947 327946 327945 327944 327943 327942 327941 327940 327939 327938 327937 327936 327935 327934 327933 327932 327931 327930 327929 327928 327927 327926 327925 327924 327923 327922 327921 327920 327919 327918 327917 327916 327915 327914 327913 327912 327911 327910 327909 327908 327907 327906 327905 327904 327903 327902 327901 327900 327899 327898 327897 327896 327895 327894 327893 327892 327891 327890 327889 327888 327887 327886 327885 327884 327883 327882 327881 327880 327879 327878 327877 327876 327875 327874 327873 327872 327871 327870 327869 327868 327867 327866 327865 327864 327863 327862 327861 327860 327859 327858 327857 327856 327855 327854 327853 327852 327851 327850 327849 327848 327847 327846 327845 327844 327843 327842 327841 327840 327839 327838 327837 327836 327835 327834 327833 327832 327831 327830 327829 327828 327827 327826 327825 327824 327823 327822 327821 327820 327819 327818 327817 327816 327815 327814 327813 327812 327811 327810 327809 327808 327807 327806 327805 327804 327803 327802 327801 327800 327799 327798 327797 327796 327795 327794 327793 327792 327791 327790 327789 327788 327787 327786 327785 327784 327783 327782 327781 327780 327779 327778 327777 327776 327775 327774 327773 327772 327771 327770 327769 327768 327767 327766 327765 327764 327763 327762 327761 327760 327759 327758 327757 327756 327755 327754 327753 327752 327751 327750 327749 327748 327747 327746 327745 327744 327743 327742 327741 327740 327739 327738 327737 327736 327735 327734 327733 327732 327731 327730 327729 327728 327727 327726 327725 327724 327723 327722 327721 327720 327719 327718 327717 327716 327715 327714 327713 327712 327711 327710 327709 327708 327707 327706 327705 327704 327703 327702 327701 327700 327699 327698 327697 327696 327695 327694 327693 327692 327691 327690 327689 327688 327687 327686 327685 327684 327683 327682 327681 327680 327679 327678 327677 327676 327675 327674 327673 327672 327671 327670 327669 327668 327667 327666 327665 327664 327663 327662 327661 327660 327659 327658 327657 327656 327655 327654 327653 327652 327651 327650 327649 327648 327647 327646 327645 327644 327643 327642 327641 327640 327639 327638 327637 327636 327635 327634 327633 327632 327631 327630 327629 327628 327627 327626 327625 327624 327623 327622 327621 327620 327619 327618 327617 327616 327615 327614 327613 327612 327611 327610 327609 327608 327607 327606 327605 327604 327603 327602 327601 327600 327599 327598 327597 327596 327595 327594 327593 327592 327591 327590 327589 327588 327587 327586 327585 327584 327583 327582 327581 327580 327579 327578 327577 327576 327575 327574 327573 327572 327571 327570 327569 327568 327567 327566 327565 327564 327563 327562 327561 327560 327559 327558 327557 327556 327555 327554 327553 327552 327551 327550 327549 327548 327547 327546 327545 327544 327543 327542 327541 327540 327539 327538 327537 327536 327535 327534 327533 327532 327531 327530 327529 327528 327527 327526 327525 327524 327523 327522 327521 327520 327519 327518 327517 327516 327515 327514 327513 327512 327511 327510 327509 327508 327507 327506 327505 327504 327503 327502 327501 327500 327499 327498 327497 327496 327495 327494 327493 327492 327491 327490 327489 327488 327487 327486 327485 327484 327483 327482 327481 327480 327479 327478 327477 327476 327475 327474 327473 327472 327471 327470 327469 327468 327467 327466 327465 327464 327463 327462 327461 327460 327459 327458 327457 327456 327455 327454 327453 327452 327451 327450 327449 327448 327447 327446 327445 327444 327443 327442 327441 327440 327439 327438 327437 327436 327435 327434 327433 327432 327431 327430 327429 327428 327427 327426 327425 327424 327423 327422 327421 327420 327419 327418 327417 327416 327415 327414 327413 327412 327411 327410 327409 327408 327407 327406 327405 327404 327403 327402 327401 327400 327399 327398 327397 327396 327395 327394 327393 327392 327391 327390 327389 327388 327387 327386 327385 327384 327383 327382 327381 327380 327379 327378 327377 327376 327375 327374 327373 327372 327371 327370 327369 327368 327367 327366 327365 327364 327363 327362 327361 327360 327359 327358 327357 327356 327355 327354 327353 327352 327351 327350 327349 327348 327347 327346 327345 327344 327343 327342 327341 327340 327339 327338 327337 327336 327335 327334 327333 327332 327331 327330 327329 327328 327327 327326 327325 327324 327323 327322 327321 327320 327319 327318 327317 327316 327315 327314 327313 327312 327311 327310 327309 327308 327307 327306 327305 327304 327303 327302 327301 327300 327299 327298 327297 327296 327295 327294 327293 327292 327291 327290 327289 327288 327287 327286 327285 327284 327283 327282 327281 327280 327279 327278 327277 327276 327275 327274 327273 327272 327271 327270 327269 327268 327267 327266 327265 327264 327263 327262 327261 327260 327259 327258 327257 327256 327255 327254 327253 327252 327251 327250 327249 327248 327247 327246 327245 327244 327243 327242 327241 327240 327239 327238 327237 327236 327235 327234 327233 327232 327231 327230 327229 327228 327227 327226 327225 327224 327223 327222 327221 327220 327219 327218 327217 327216 327215 327214 327213 327212 327211 327210 327209 327208 327207 327206 327205 327204 327203 327202 327201 327200 327199 327198 327197 327196 327195 327194 327193 327192 327191 327190 327189 327188 327187 327186 327185 327184 327183 327182 327181 327180 327179 327178 327177 327176 327175 327174 327173 327172 327171 327170 327169 327168 327167 327166 327165 327164 327163 327162 327161 327160 327159 327158 327157 327156 327155 327154 327153 327152 327151 327150 327149 327148 327147 327146 327145 327144 327143 327142 327141 327140 327139 327138 327137 327136 327135 327134 327133 327132 327131 327130 327129 327128 327127 327126 327125 327124 327123 327122 327121 327120 327119 327118 327117 327116 327115 327114 327113 327112 327111 327110 327109 327108 327107 327106 327105 327104 327103 327102 327101 327100 327099 327098 327097 327096 327095 327094 327093 327092 327091 327090 327089 327088 327087 327086 327085 327084 327083 327082 327081 327080 327079 327078 327077 327076 327075 327074 327073 327072 327071 327070 327069 327068 327067 327066 327065 327064 327063 327062 327061 327060 327059 327058 327057 327056 327055 327054 327053 327052 327051 327050 327049 327048 327047 327046 327045 327044 327043 327042 327041 327040 327039 327038 327037 327036 327035 327034 327033 327032 327031 327030 327029 327028 327027 327026 327025 327024 327023 327022 327021 327020 327019 327018 327017 327016 327015 327014 327013 327012 327011 327010 327009 327008 327007 327006 327005 327004 327003 327002 327001 327000 326999 326998 326997 326996 326995 326994 326993 326992 326991 326990 326989 326988 326987 326986
328367 328364 50930 328362
328368 328366 335491 335492
328456 328372 328373 328374 328375 328376 328377 328378 328379 328380 328381 328382 328383 328384 328385 328386 328387 328388 328389 328390 328391 328392 328393 328394 328395 328396 328397 328398 328399 328400 328401 328402 328403 328404 328405 328406 328407 328408 328409 328410 328411 328412 328413 328414 328415 328416 328417 328418 328419 328420 328421 328422 328423 328424 328425 328426 328427 328428 328429 328430 328431 328432 328433 328434 328435 328436 328437 328438 328439 328440 328441 328442 328443 328444 328445 328446 328447 328448 328449 328450 328451 328452 328453 328454 328455
328537 328534 50930 328532
328538 328536 335491 335492
328549 318889 318890 318891 318892 318893 318894 318895 318896 318897 318898 318899 318900 318901 318902 318903 318904 318905 318906 318907 318908 318909 318910 318911 318912 318913 318914 318915 318916 318917 318918 318919 318920 318921 318922 318923 318924 318925 318926 318927 318928 318929 318930 318931 318932 318933 318934 318935 318936 318937 318938 318939 318940 318941 318942 318943 318944 318945 318946 318947 318948 318949 318950 318951 318952 318953 318954 318955 318956 318957 318958 318959 318960 318961 318962 318963 318964 318965 318966 318967 318968 318969 318970 318971 318972
328550 325285 325286 325287 325288 325289 325290 325291 325292 325293 325294 325295 325296 325297 325298 325299 325300 325301 325302 325303 325304 325305 325306 325307 325308 325309 325310 325311 325312 325313 325314 325315 325316 325317 325318 325319 325320 325321 325322 325323 325324 325325 325326 325327 325328 325329 325330 325331 325332 325333 325334 325335 325336 325337 325338 325339 325340 325341 325342 325343 325344 325345 325346 325347 325348 325349 325350 325351 325352 325353 325354 325355 325356 325357 325358 325359 325360 325361 325362 325363 325364 325365 325366 325367 325368
328553 318889 318890 318891 318892 318893 318894 318895 318896 318897 318898 318899 318900 318901 318902 318903 318904 318905 318906 318907 318908 318909 318910 318911 318912 318913 318914 318915 318916 318917 318918 318919 318920 318921 318922 318923 318924 318925 318926 318927 318928 318929 318930 318931 318932 318933 318934 318935 318936 318937 318938 318939 318940 318941 318942 318943 318944 318945 318946 318947 318948 318949 318950 318951 318952 318953 318954 318955 318956 318957 318958 318959 318960 318961 318962 318963 318964 318965 318966 318967 318968 318969 318970 318971 318972
328554 1 1 1 1 1 1 1 1 1 1 1 1 1 1 1 1 1 1 1 1 1 1 1 1 1 1 1 1 1 1 1 1 1 1 1 1 1 1 1 1 1 1 1 1 1 1 1 1 1 1 1 1 1 1 1 1 1 1 1 1 1 1 1 1 1 1 1 1 1 1 1 1 1 1 1 1 1 1 1 1 1 1 1 1
330859 315749 315750 315751 315752 315753 315754 315755 315756 315757 315758 315759 315760 315761 315762 315763 315764 315765 315766 315767 315768 315769 315770 315771 315772 315773 315774 315775 315776 315777 315778 315779 315780 315781 315782 315783 315784 315785 315786 315787 315788 315789 315790 315791 315792 315793 315794 315795 315796 315797 315798 315799 315800 315801 315802 315803 315804 315805 315806 315807 315808 315809 315810 315811 315812 315813 315814 315815 315816 315817 315818 315819 315820 315821 315822 315823 315824 315825 315826 315827 315828 315829 315830 315831 315832
330860 1 1 1 1 1 1 1 1 1 1 1 1 1 1 1 1 1 1 1 1 1 1 1 1 1 1 1 1 1 1 1 1 1 1 1 1 1 1 1 1 1 1 1 1 1 1 1 1 1 1 1 1 1 1 1 1 1 1 1 1 1 1 1 1 1 1 1 1 1 1 1 1 1 1 1 1 1 1 1 1 1 1 1 1
330862 330851 330852 330853 330854 330855 330856 330857 330858
330863 1 1 1 1 1 1 1 1
330865 1 330827 330828 330829 330830 330831 330832 330833 330834
330866 1 330851 330852 330853 330854 330855 330856 330857 330858
330872 330827 330828 330829 330830 330831 330832 330833 330834
330873 1 1 1 1 1 1 1 4
332498 332162 332163 332164 332165 332166 332167 332168 332169 332170 332171 332172 332173 332174 332175 332176 332177 332178 332179 332180 332181 332182 332183 332184 332185 332186 332187 332188 332189 332190 332191 332192 332193 332194 332195 332196 332197 332198 332199 332200 332201 332202 332203 332204 332205 332206 332207 332208 332209 332210 332211 332212 332213 332214 332215 332216 332217 332218 332219 332220 332221 332222 332223 332224 332225 332226 332227 332228 332229 332230 332231 332232 332233 332234 332235 332236 332237 332238 332239 332240 332241 332242 332243 332244 332245 332246 332247 332248 332249 332250 332251 332252 332253 332254 332255 332256 332257 332258 332259 332260 332261 332262 332263 332264 332265 332266 332267 332268 332269 332270 332271 332272 332273 332274 332275 332276 332277 332278 332279 332280 332281 332282 332283 332284 332285 332286 332287 332288 332289 332290 332291 332292 332293 332294 332295 332296 332297 332298 332299 332300 332301 332302 332303 332304 332305 332306 332307 332308 332309 332310 332311 332312 332313 332314 332315 332316 332317 332318 332319 332320 332321 332322 332323 332324 332325 332326 332327 332328 332329 332330 332331 332332 332333 332334 332335 332336 332337 332338 332339 332340 332341 332342 332343 332344 332345 332346 332347 332348 332349 332350 332351 332352 332353 332354 332355 332356 332357 332358 332359 332360 332361 332362 332363 332364 332365 332366 332367 332368 332369 332370 332371 332372 332373 332374 332375 332376 332377 332378 332379 332380 332381 332382 332383 332384 332385 332386 332387 332388 332389 332390 332391 332392 332393 332394 332395 332396 332397 332398 332399 332400 332401 332402 332403 332404 332405 332406 332407 332408 332409 332410 332411 332412 332413 332414 332415 332416 332417 332418 332419 332420 332421 332422 332423 332424 332425 332426 332427 332428 332429 332430 332431 332432 332433 332434 332435 332436 332437 332438 332439 332440 332441 332442 332443 332444 332445 332446 332447 332448 332449 332450 332451 332452 332453 332454 332455 332456 332457 332458 332459 332460 332461 332462 332463 332464 332465 332466 332467 332468 332469 332470 332471 332472 332473 332474 332475 332476 332477 332478 332479 332480 332481 332482 332483 332484 332485 332486 332487 332488 332489 332490 332491 332492 332493 332494 332495 332496 332497
332643 332642 332641 332640 332639 332638 332637 332636 332635 332634 332633 332632 332631 332630 332629 332628 332627 332626 332625 332624 332623 332622 332621 332620 332619 332618 332617 332616 332615 332614 332613 332612 332611 332610 332609 332608 332607 332606 332605 332604 332603 332602 332601 332600 332599 332598 332597 332596 332595 332594 332593 332592 332591 332590 332589 332588 332587 332586 332585 332584 332583 332582 332581 332580 332579 332578 332577 332576 332575 332574 332573 332572 332571 332570 332569 332568 332567 332566 332565 332564 332563 332562 332561 332560 332559 332558 332557 332556 332555 332554 332553 332552 332551 332550 332549 332548 332547 332546 332545 332544 332543 332542 332541 332540 332539 332538 332537 332536 332535 332534 332533 332532 332531 332530 332529 332528 332527 332526 332525 332524 332523 332522 332521 332520 332519 332518 332517 332516 332515
333773 333772 333771 333770 333769 333768 333767 333766 333765 333764 333763 333762 333761 333760 333759 333758 333757 333756 333755 333754 333753 333752 333751 333750 333749 333748 333747 333746 333745 333744 333743 333742 333741 333740 333739 333738 333737 333736 333735 333734 333733 333732 333731 333730 333729 333728 333727 333726 333725 333724 333723 333722 333721 333720 333719 333718 333717 333716 333715 333714 333713 333712 333711 333710 333709 333708 333707 333706 333705 333704 333703 333702 333701 333700 333699 333698 333697 333696 333695 333694 333693 333692 333691 333690 333689 333688 333687 333686 333685 333684 333683 333682 333681 333680 333679 333678 333677 333676 333675 333674 333673 333672 333671 333670 333669 333668 333667 333666 333665 333664 333663 333662 333661 333660 333659 333658 333657 333656 333655 333654 333653 333652 333651 333650 333649 333648 333647 333646 333645 333644 333643 333642 333641 333640 333639 333638 333637 333636 333635 333634 333633 333632 333631 333630 333629 333628 333627 333626 333625 333624 333623 333622 333621 333620 333619 333618 333617 333616 333615 333614 333613 333612 333611 333610 333609 333608 333607 333606 333605 333604 333603 333602 333601 333600 333599 333598 333597 333596 333595 333594 333593 333592 333591 333590 333589 333588 333587 333586 333585 333584 333583 333582 333581 333580 333579 333578 333577 333576 333575 333574 333573 333572 333571 333570 333569 333568 333567 333566 333565 333564 333563 333562 333561 333560 333559 333558 333557 333556 333555 333554 333553 333552 333551 333550 333549 333548 333547 333546 333545 333544 333543 333542 333541 333540 333539 333538 333537 333536 333535 333534 333533 333532 333531 333530 333529 333528 333527 333526 333525 333524 333523 333522 333521 333520 333519 333518 333517 333516 333515 333514 333513 333512 333511 333510 333509 333508 333507 333506 333505 333504 333503 333502 333501 333500 333499 333498 333497 333496 333495 333494 333493 333492 333491 333490 333489 333488 333487 333486 333485 333484 333483 333482 333481 333480 333479 333478 333477 333476 333475 333474 333473 333472 333471 333470 333469 333468 333467 333466 333465 333464 333463 333462 333461 333460 333459 333458 333457 333456 333455 333454 333453 333452 333451 333450 333449 333448 333447 333446 333445 333444 333443 333442 333441 333440 333439 333438 333437 333436 333435 333434 333433 333432 333431 333430 333429 333428 333427 333426 333425 333424 333423 333422 333421 333420 333419 333418 333417 333416 333415 333414 333413 333412 333411 333410 333409 333408 333407 333406 333405 333404 333403 333402 333401 333400 333399 333398 333397 333396 333395 333394 333393 333392 333391 333390 333389 333388 333387 333386 333385 333384 333383 333382 333381 333380 333379 333378 333377 333376 333375 333374 333373 333372 333371 333370 333369 333368 333367 333366 333365 333364 333363 333362 333361 333360 333359 333358 333357 333356 333355 333354 333353 333352 333351 333350 333349 333348 333347 333346 333345 333344 333343 333342 333341 333340 333339 333338 333337 333336 333335 333334 333333 333332 333331 333330 333329 333328 333327 333326 333325 333324 333323 333322 333321 333320 333319 333318 333317 333316 333315 333314 333313 333312 333311 333310 333309 333308 333307 333306 333305 333304 333303 333302 333301 333300 333299 333298 333297 333296 333295 333294 333293 333292 333291 333290 333289 333288 333287 333286 333285 333284 333283 333282 333281 333280 333279 333278 333277 333276 333275 333274 333273 333272 333271 333270 333269 333268 333267 333266 333265 333264 333263 333262 333261 333260 333259 333258 333257 333256 333255 333254 333253 333252 333251 333250 333249 333248 333247 333246 333245 333244 333243 333242 333241 333240 333239 333238 333237 333236 333235 333234 333233 333232 333231 333230 333229 333228 333227 333226 333225 333224 333223 333222 333221 333220 333219 333218 333217 333216 333215 333214 333213 333212 333211 333210 333209 333208 333207 333206 333205 333204 333203 333202 333201 333200 333199 333198 333197 333196 333195 333194 333193 333192 333191 333190 333189 333188 333187 333186 333185 333184 333183 333182 333181 333180 333179 333178 333177 333176 333175 333174 333173 333172 333171 333170 333169 333168 333167 333166 333165 333164 333163 333162 333161 333160 333159 333158 333157 333156 333155 333154 333153 333152 333151 333150 333149 333148 333147 333146 333145 333144 333143 333142 333141 333140 333139 333138 333137 333136 333135 333134 333133 333132 333131 333130 333129 333128 333127 333126 333125 333124 333123 333122 333121 333120 333119 333118 333117 333116 333115 333114 333113 333112 333111 333110 333109 333108 333107 333106 333105 333104 333103 333102 333101 333100 333099 333098 333097 333096 333095 333094 333093 333092 333091 333090 333089 333088 333087 333086 333085 333084 333083 333082 333081 333080 333079 333078 333077 333076 333075 333074 333073 333072 333071 333070 333069 333068 333067 333066 333065 333064 333063 333062 333061 333060 333059 333058 333057 333056 333055 333054 333053 333052 333051 333050 333049 333048 333047 333046 333045 333044 333043 333042 333041 333040 333039 333038 333037 333036 333035 333034 333033 333032 333031 333030 333029 333028 333027 333026 333025 333024 333023 333022 333021 333020 333019 333018 333017 333016 333015 333014 333013 333012 333011 333010 333009 333008 333007 333006 333005 333004 333003 333002 333001 333000 332999 332998 332997 332996 332995 332994 332993 332992 332991 332990 332989 332988 332987 332986 332985 332984 332983 332982 332981 332980 332979 332978 332977 332976 332975 332974 332973 332972 332971 332970 332969 332968 332967 332966 332965 332964 332963 332962 332961 332960 332959 332958 332957 332956 332955 332954 332953 332952 332951 332950 332949 332948 332947 332946 332945 332944 332943 332942 332941 332940 332939 332938 332937 332936 332935 332934 332933 332932 332931 332930 332929 332928 332927 332926 332925 332924 332923 332922 332921 332920 332919 332918 332917 332916 332915 332914 332913 332912 332911 332910 332909 332908 332907 332906 332905 332904 332903 332902 332901 332900 332899 332898 332897 332896 332895 332894 332893 332892 332891 332890 332889 332888 332887 332886 332885 332884 332883 332882 332881 332880 332879 332878 332877 332876 332875 332874 332873 332872 332871 332870 332869 332868 332867 332866 332865 332864 332863 332862 332861 332860 332859 332858 332857 332856 332855 332854 332853 332852 332851 332850 332849 332848 332847 332846 332845 332844 332843 332842 332841 332840 332839 332838 332837 332836 332835 332834 332833 332832 332831 332830 332829 332828 332827 332826 332825 332824 332823 332822 332821 332820 332819 332818 332817 332816 332815 332814 332813 332812 332811 332810 332809 332808 332807 332806 332805 332804 332803 332802 332801 332800 332799 332798 332797 332796 332795 332794 332793 332792 332791 332790 332789 332788 332787 332786 332785 332784 332783 332782 332781 332780 332779 332778 332777 332776 332775 332774 332773 332772 332771 332770 332769 332768 332767 332766 332765 332764 332763 332762 332761 332760 332759 332758 332757 332756 332755 332754 332753 332752 332751 332750 332749 332748 332747 332746 332745
334207 334123 334124 334125 334126 334127 334128 334129 334130 334131 334132 334133 334134 334135 334136 334137 334138 334139 334140 334141 334142 334143 334144 334145 334146 334147 334148 334149 334150 334151 334152 334153 334154 334155 334156 334157 334158 334159 334160 334161 334162 334163 334164 334165 334166 334167 334168 334169 334170 334171 334172 334173 334174 334175 334176 334177 334178 334179 334180 334181 334182 334183 334184 334185 334186 334187 334188 334189 334190 334191 334192 334193 334194 334195 334196 334197 334198 334199 334200 334201 334202 334203 334204 334205 334206
335096 330884 330885 330886 330887 330888 330889 330890 330891 330892 330893 330894 330895 330896 330897 330898 330899 330900 330901 330902 330903 330904 330905 330906 330907 330908 330909 330910 330911 330912 330913 330914 330915 330916 330917 330918 330919 330920 330921 330922 330923 330924 330925 330926 330927 330928 330929 330930 330931 330932 330933 330934 330935 330936 330937 330938 330939 330940 330941 330942 330943 330944 330945 330946 330947 330948 330949 330950 330951 330952 330953 330954 330955 330956 330957 330958 330959 330960 330961 330962 330963 330964 330965 330966 330967
335097 1 1 1 1 1 1 1 1 1 1 1 1 1 1 1 1 1 1 1 1 1 1 1 1 1 1 1 1 1 1 1 1 1 1 1 1 1 1 1 1 1 1 1 1 1 1 1 1 1 1 1 1 1 1 1 1 1 1 1 1 1 1 1 1 1 1 1 1 1 1 1 1 1 1 1 1 1 1 1 1 1 1 1 1
335099 335088 335089 335090 335091 335092 335093 335094 335095
335100 1 1 1 1 1 1 1 1
335102 1 335064 335065 335066 335067 335068 335069 335070 335071
335103 1 335088 335089 335090 335091 335092 335093 335094 335095
335337 335064 335065 335066 335067 335068 335069 335070 335071
335338 1 1 1 1 1 1 1 4
335631 335630 335628 335625 335622 335619
335632 1 1 1 1 1
335671 335647 335648 335645 335646 335643 335644 335641 335642
335672 1 1 1 1 1 1 1 1
335675 335647 335648 335645 335646 335643 335644 335641 335642
335676 33 33 33 33 33 33 33 33
335741 335647 335648 335645 335646 335643 335644 335641 335642
335742 1 1 1 1 1 1 1 1
335745 335647 335648 335645 335646 335643 335644 335641 335642
335746 33 33 33 33 33 33 33 33
335826 335825 335823
335827 1 1
335835 335834 335832
335836 1 4
335844 335843 335841
335845 1 37
335853 335852 335850
335854 1 6779
335862 335861 335859
335863 4 1
335871 335870 335868
335872 4 42
335888 335887 335885
335889 1 1
335897 335896 335894
335898 1 4
335906 335905 335903
335907 1 42
335915 335914 335912
335916 1 37
335924 335923 335921
335925 1 6779
335933 335932 335930
335934 4 1
335942 335941 335939
335943 4 42
335959 335958 335956
335960 1 4
335968 335967 335965
335969 1 42
335977 335976 335974
335978 1 37
335986 335985 335983
335987 1 6779
335995 335994 335992
335996 4 1
336004 336003 336001
336005 4 42
336360 336359 53479 336357
336361 4 6778 1
336442 53683 53684
336443 33 33
336472 336471 53479 336469
336473 4 6778 1
336480 336479 53656 53653
336481 41 1 1
336492 53683 53684
336493 336423 336417
336519 336517 336518
336520 1 1
336568 336567 53479 336565
336569 4 6778 1
336654 336651 53479 336649
336655 336653 336616 336617
336679 336676 336674 336671 336668 336665 336662 53641
336680 336678 336622 336623 336624 336625 336626 336627
336734 336731 53479 336729
336735 336733 336714 336715
339379 339043 339044 339045 339046 339047 339048 339049 339050 339051 339052 339053 339054 339055 339056 339057 339058 339059 339060 339061 339062 339063 339064 339065 339066 339067 339068 339069 339070 339071 339072 339073 339074 339075 339076 339077 339078 339079 339080 339081 339082 339083 339084 339085 339086 339087 339088 339089 339090 339091 339092 339093 339094 339095 339096 339097 339098 339099 339100 339101 339102 339103 339104 339105 339106 339107 339108 339109 339110 339111 339112 339113 339114 339115 339116 339117 339118 339119 339120 339121 339122 339123 339124 339125 339126 339127 339128 339129 339130 339131 339132 339133 339134 339135 339136 339137 339138 339139 339140 339141 339142 339143 339144 339145 339146 339147 339148 339149 339150 339151 339152 339153 339154 339155 339156 339157 339158 339159 339160 339161 339162 339163 339164 339165 339166 339167 339168 339169 339170 339171 339172 339173 339174 339175 339176 339177 339178 339179 339180 339181 339182 339183 339184 339185 339186 339187 339188 339189 339190 339191 339192 339193 339194 339195 339196 339197 339198 339199 339200 339201 339202 339203 339204 339205 339206 339207 339208 339209 339210 339211 339212 339213 339214 339215 339216 339217 339218 339219 339220 339221 339222 339223 339224 339225 339226 339227 339228 339229 339230 339231 339232 339233 339234 339235 339236 339237 339238 339239 339240 339241 339242 339243 339244 339245 339246 339247 339248 339249 339250 339251 339252 339253 339254 339255 339256 339257 339258 339259 339260 339261 339262 339263 339264 339265 339266 339267 339268 339269 339270 339271 339272 339273 339274 339275 339276 339277 339278 339279 339280 339281 339282 339283 339284 339285 339286 339287 339288 339289 339290 339291 339292 339293 339294 339295 339296 339297 339298 339299 339300 339301 339302 339303 339304 339305 339306 339307 339308 339309 339310 339311 339312 339313 339314 339315 339316 339317 339318 339319 339320 339321 339322 339323 339324 339325 339326 339327 339328 339329 339330 339331 339332 339333 339334 339335 339336 339337 339338 339339 339340 339341 339342 339343 339344 339345 339346 339347 339348 339349 339350 339351 339352 339353 339354 339355 339356 339357 339358 339359 339360 339361 339362 339363 339364 339365 339366 339367 339368 339369 339370 339371 339372 339373 339374 339375 339376 339377 339378
339737 339401 339402 339403 339404 339405 339406 339407 339408 339409 339410 339411 339412 339413 339414 339415 339416 339417 339418 339419 339420 339421 339422 339423 339424 339425 339426 339427 339428 339429 339430 339431 339432 339433 339434 339435 339436 339437 339438 339439 339440 339441 339442 339443 339444 339445 339446 339447 339448 339449 339450 339451 339452 339453 339454 339455 339456 339457 339458 339459 339460 339461 339462 339463 339464 339465 339466 339467 339468 339469 339470 339471 339472 339473 339474 339475 339476 339477 339478 339479 339480 339481 339482 339483 339484 339485 339486 339487 339488 339489 339490 339491 339492 339493 339494 339495 339496 339497 339498 339499 339500 339501 339502 339503 339504 339505 339506 339507 339508 339509 339510 339511 339512 339513 339514 339515 339516 339517 339518 339519 339520 339521 339522 339523 339524 339525 339526 339527 339528 339529 339530 339531 339532 339533 339534 339535 339536 339537 339538 339539 339540 339541 339542 339543 339544 339545 339546 339547 339548 339549 339550 339551 339552 339553 339554 339555 339556 339557 339558 339559 339560 339561 339562 339563 339564 339565 339566 339567 339568 339569 339570 339571 339572 339573 339574 339575 339576 339577 339578 339579 339580 339581 339582 339583 339584 339585 339586 339587 339588 339589 339590 339591 339592 339593 339594 339595 339596 339597 339598 339599 339600 339601 339602 339603 339604 339605 339606 339607 339608 339609 339610 339611 339612 339613 339614 339615 339616 339617 339618 339619 339620 339621 339622 339623 339624 339625 339626 339627 339628 339629 339630 339631 339632 339633 339634 339635 339636 339637 339638 339639 339640 339641 339642 339643 339644 339645 339646 339647 339648 339649 339650 339651 339652 339653 339654 339655 339656 339657 339658 339659 339660 339661 339662 339663 339664 339665 339666 339667 339668 339669 339670 339671 339672 339673 339674 339675 339676 339677 339678 339679 339680 339681 339682 339683 339684 339685 339686 339687 339688 339689 339690 339691 339692 339693 339694 339695 339696 339697 339698 339699 339700 339701 339702 339703 339704 339705 339706 339707 339708 339709 339710 339711 339712 339713 339714 339715 339716 339717 339718 339719 339720 339721 339722 339723 339724 339725 339726 339727 339728 339729 339730 339731 339732 339733 339734 339735 339736
339881 339880 339879 339878 339877 339876 339875 339874 339873 339872 339871 339870 339869 339868 339867 339866 339865 339864 339863 339862 339861 339860 339859 339858 339857 339856 339855 339854 339853 339852 339851 339850 339849 339848 339847 339846 339845 339844 339843 339842 339841 339840 339839 339838 339837 339836 339835 339834 339833 339832 339831 339830 339829 339828 339827 339826 339825 339824 339823 339822 339821 339820 339819 339818 339817 339816 339815 339814 339813 339812 339811 339810 339809 339808 339807 339806 339805 339804 339803 339802 339801 339800 339799 339798 339797 339796 339795 339794 339793 339792 339791 339790 339789 339788 339787 339786 339785 339784 339783 339782 339781 339780 339779 339778 339777 339776 339775 339774 339773 339772 339771 339770 339769 339768 339767 339766 339765 339764 339763 339762 339761 339760 339759 339758 339757 339756 339755 339754 339753
341018 341017 341016 341015 341014 341013 341012 341011 341010 341009 341008 341007 341006 341005 341004 341003 341002 341001 341000 340999 340998 340997 340996 340995 340994 340993 340992 340991 340990 340989 340988 340987 340986 340985 340984 340983 340982 340981 340980 340979 340978 340977 340976 340975 340974 340973 340972 340971 340970 340969 340968 340967 340966 340965 340964 340963 340962 340961 340960 340959 340958 340957 340956 340955 340954 340953 340952 340951 340950 340949 340948 340947 340946 340945 340944 340943 340942 340941 340940 340939 340938 340937 340936 340935 340934 340933 340932 340931 340930 340929 340928 340927 340926 340925 340924 340923 340922 340921 340920 340919 340918 340917 340916 340915 340914 340913 340912 340911 340910 340909 340908 340907 340906 340905 340904 340903 340902 340901 340900 340899 340898 340897 340896 340895 340894 340893 340892 340891 340890 340889 340888 340887 340886 340885 340884 340883 340882 340881 340880 340879 340878 340877 340876 340875 340874 340873 340872 340871 340870 340869 340868 340867 340866 340865 340864 340863 340862 340861 340860 340859 340858 340857 340856 340855 340854 340853 340852 340851 340850 340849 340848 340847 340846 340845 340844 340843 340842 340841 340840 340839 340838 340837 340836 340835 340834 340833 340832 340831 340830 340829 340828 340827 340826 340825 340824 340823 340822 340821 340820 340819 340818 340817 340816 340815 340814 340813 340812 340811 340810 340809 340808 340807 340806 340805 340804 340803 340802 340801 340800 340799 340798 340797 340796 340795 340794 340793 340792 340791 340790 340789 340788 340787 340786 340785 340784 340783 340782 340781 340780 340779 340778 340777 340776 340775 340774 340773 340772 340771 340770 340769 340768 340767 340766 340765 340764 340763 340762 340761 340760 340759 340758 340757 340756 340755 340754 340753 340752 340751 340750 340749 340748 340747 340746 340745 340744 340743 340742 340741 340740 340739 340738 340737 340736 340735 340734 340733 340732 340731 340730 340729 340728 340727 340726 340725 340724 340723 340722 340721 340720 340719 340718 340717 340716 340715 340714 340713 340712 340711 340710 340709 340708 340707 340706 340705 340704 340703 340702 340701 340700 340699 340698 340697 340696 340695 340694 340693 340692 340691 340690 340689 340688 340687 340686 340685 340684 340683 340682 340681 340680 340679 340678 340677 340676 340675 340674 340673 340672 340671 340670 340669 340668 340667 340666 340665 340664 340663 340662 340661 340660 340659 340658 340657 340656 340655 340654 340653 340652 340651 340650 340649 340648 340647 340646 340645 340644 340643 340642 340641 340640 340639 340638 340637 340636 340635 340634 340633 340632 340631 340630 340629 340628 340627 340626 340625 340624 340623 340622 340621 340620 340619 340618 340617 340616 340615 340614 340613 340612 340611 340610 340609 340608 340607 340606 340605 340604 340603 340602 340601 340600 340599 340598 340597 340596 340595 340594 340593 340592 340591 340590 340589 340588 340587 340586 340585 340584 340583 340582 340581 340580 340579 340578 340577 340576 340575 340574 340573 340572 340571 340570 340569 340568 340567 340566 340565 340564 340563 340562 340561 340560 340559 340558 340557 340556 340555 340554 340553 340552 340551 340550 340549 340548 340547 340546 340545 340544 340543 340542 340541 340540 340539 340538 340537 340536 340535 340534 340533 340532 340531 340530 340529 340528 340527 340526 340525 340524 340523 340522 340521 340520 340519 340518 340517 340516 340515 340514 340513 340512 340511 340510 340509 340508 340507 340506 340505 340504 340503 340502 340501 340500 340499 340498 340497 340496 340495 340494 340493 340492 340491 340490 340489 340488 340487 340486 340485 340484 340483 340482 340481 340480 340479 340478 340477 340476 340475 340474 340473 340472 340471 340470 340469 340468 340467 340466 340465 340464 340463 340462 340461 340460 340459 340458 340457 340456 340455 340454 340453 340452 340451 340450 340449 340448 340447 340446 340445 340444 340443 340442 340441 340440 340439 340438 340437 340436 340435 340434 340433 340432 340431 340430 340429 340428 340427 340426 340425 340424 340423 340422 340421 340420 340419 340418 340417 340416 340415 340414 340413 340412 340411 340410 340409 340408 340407 340406 340405 340404 340403 340402 340401 340400 340399 340398 340397 340396 340395 340394 340393 340392 340391 340390 340389 340388 340387 340386 340385 340384 340383 340382 340381 340380 340379 340378 340377 340376 340375 340374 340373 340372 340371 340370 340369 340368 340367 340366 340365 340364 340363 340362 340361 340360 340359 340358 340357 340356 340355 340354 340353 340352 340351 340350 340349 340348 340347 340346 340345 340344 340343 340342 340341 340340 340339 340338 340337 340336 340335 340334 340333 340332 340331 340330 340329 340328 340327 340326 340325 340324 340323 340322 340321 340320 340319 340318 340317 340316 340315 340314 340313 340312 340311 340310 340309 340308 340307 340306 340305 340304 340303 340302 340301 340300 340299 340298 340297 340296 340295 340294 340293 340292 340291 340290 340289 340288 340287 340286 340285 340284 340283 340282 340281 340280 340279 340278 340277 340276 340275 340274 340273 340272 340271 340270 340269 340268 340267 340266 340265 340264 340263 340262 340261 340260 340259 340258 340257 340256 340255 340254 340253 340252 340251 340250 340249 340248 340247 340246 340245 340244 340243 340242 340241 340240 340239 340238 340237 340236 340235 340234 340233 340232 340231 340230 340229 340228 340227 340226 340225 340224 340223 340222 340221 340220 340219 340218 340217 340216 340215 340214 340213 340212 340211 340210 340209 340208 340207 340206 340205 340204 340203 340202 340201 340200 340199 340198 340197 340196 340195 340194 340193 340192 340191 340190 340189 340188 340187 340186 340185 340184 340183 340182 340181 340180 340179 340178 340177 340176 340175 340174 340173 340172 340171 340170 340169 340168 340167 340166 340165 340164 340163 340162 340161 340160 340159 340158 340157 340156 340155 340154 340153 340152 340151 340150 340149 340148 340147 340146 340145 340144 340143 340142 340141 340140 340139 340138 340137 340136 340135 340134 340133 340132 340131 340130 340129 340128 340127 340126 340125 340124 340123 340122 340121 340120 340119 340118 340117 340116 340115 340114 340113 340112 340111 340110 340109 340108 340107 340106 340105 340104 340103 340102 340101 340100 340099 340098 340097 340096 340095 340094 340093 340092 340091 340090 340089 340088 340087 340086 340085 340084 340083 340082 340081 340080 340079 340078 340077 340076 340075 340074 340073 340072 340071 340070 340069 340068 340067 340066 340065 340064 340063 340062 340061 340060 340059 340058 340057 340056 340055 340054 340053 340052 340051 340050 340049 340048 340047 340046 340045 340044 340043 340042 340041 340040 340039 340038 340037 340036 340035 340034 340033 340032 340031 340030 340029 340028 340027 340026 340025 340024 340023 340022 340021 340020 340019 340018 340017 340016 340015 340014 340013 340012 340011 340010 340009 340008 340007 340006 340005 340004 340003 340002 340001 340000 339999 339998 339997 339996 339995 339994 339993
345475 345474 345473 345472 345471 345470 345469 345468 345467 345466 345465 345464 345463 345462 345461 345460 345459 345458 345457 345456 345455 345454 345453 345452 345451 345450 345449 345448 345447 345446 345445 345444 345443 345442 345441 345440 345439 345438 345437 345436 345435 345434 345433 345432 345431 345430 345429 345428 345427 345426 345425 345424 345423 345422 345421 345420 345419 345418 345417 345416 345415 345414 345413 345412 345411 345410 345409 345408 345407 345406 345405 345404 345403 345402 345401 345400 345399 345398 345397 345396 345395 345394 345393 345392 345391 345390 345389 345388 345387 345386 345385 345384 345383 345382 345381 345380 345379 345378 345377 345376 345375 345374 345373 345372 345371 345370 345369 345368 345367 345366 345365 345364 345363 345362 345361 345360 345359 345358 345357 345356 345355 345354 345353 345352 345351 345350 345349 345348 345347 345346 345345 345344 345343 345342 345341 345340 345339 345338 345337 345336 345335 345334 345333 345332 345331 345330 345329 345328 345327 345326 345325 345324 345323 345322 345321 345320 345319 345318 345317 345316 345315 345314 345313 345312 345311 345310 345309 345308 345307 345306 345305 345304 345303 345302 345301 345300 345299 345298 345297 345296 345295 345294 345293 345292 345291 345290 345289 345288 345287 345286 345285 345284 345283 345282 345281 345280 345279 345278 345277 345276 345275 345274 345273 345272 345271 345270 345269 345268 345267 345266 345265 345264 345263 345262 345261 345260 345259 345258 345257 345256 345255 345254 345253 345252 345251 345250 345249 345248 345247 345246 345245 345244 345243 345242 345241 345240 345239 345238 345237 345236 345235 345234 345233 345232 345231 345230 345229 345228 345227 345226 345225 345224 345223 345222 345221 345220 345219 345218 345217 345216 345215 345214 345213 345212 345211 345210 345209 345208 345207 345206 345205 345204 345203 345202 345201 345200 345199 345198 345197 345196 345195 345194 345193 345192 345191 345190 345189 345188 345187 345186 345185 345184 345183 345182 345181 345180 345179 345178 345177 345176 345175 345174 345173 345172 345171 345170 345169 345168 345167 345166 345165 345164 345163 345162 345161 345160 345159 345158 345157 345156 345155 345154 345153 345152 345151 345150 345149 345148 345147 345146 345145 345144 345143 345142 345141 345140 345139 345138 345137 345136 345135 345134 345133 345132 345131 345130 345129 345128 345127 345126 345125 345124 345123 345122 345121 345120 345119 345118 345117 345116 345115 345114 345113 345112 345111 345110 345109 345108 345107 345106 345105 345104 345103 345102 345101 345100 345099 345098 345097 345096 345095 345094 345093 345092 345091 345090 345089 345088 345087 345086 345085 345084 345083 345082 345081 345080 345079 345078 345077 345076 345075 345074 345073 345072 345071 345070 345069 345068 345067 345066 345065 345064 345063 345062 345061 345060 345059 345058 345057 345056 345055 345054 345053 345052 345051 345050 345049 345048 345047 345046 345045 345044 345043 345042 345041 345040 345039 345038 345037 345036 345035 345034 345033 345032 345031 345030 345029 345028 345027 345026 345025 345024 345023 345022 345021 345020 345019 345018 345017 345016 345015 345014 345013 345012 345011 345010 345009 345008 345007 345006 345005 345004 345003 345002 345001 345000 344999 344998 344997 344996 344995 344994 344993 344992 344991 344990 344989 344988 344987 344986 344985 344984 344983 344982 344981 344980 344979 344978 344977 344976 344975 344974 344973 344972 344971 344970 344969 344968 344967 344966 344965 344964 344963 344962 344961 344960 344959 344958 344957 344956 344955 344954 344953 344952 344951 344950 344949 344948 344947 344946 344945 344944 344943 344942 344941 344940 344939 344938 344937 344936 344935 344934 344933 344932 344931 344930 344929 344928 344927 344926 344925 344924 344923 344922 344921 344920 344919 344918 344917 344916 344915 344914 344913 344912 344911 344910 344909 344908 344907 344906 344905 344904 344903 344902 344901 344900 344899 344898 344897 344896 344895 344894 344893 344892 344891 344890 344889 344888 344887 344886 344885 344884 344883 344882 344881 344880 344879 344878 344877 344876 344875 344874 344873 344872 344871 344870 344869 344868 344867 344866 344865 344864 344863 344862 344861 344860 344859 344858 344857 344856 344855 344854 344853 344852 344851 344850 344849 344848 344847 344846 344845 344844 344843 344842 344841 344840 344839 344838 344837 344836 344835 344834 344833 344832 344831 344830 344829 344828 344827 344826 344825 344824 344823 344822 344821 344820 344819 344818 344817 344816 344815 344814 344813 344812 344811 344810 344809 344808 344807 344806 344805 344804 344803 344802 344801 344800 344799 344798 344797 344796 344795 344794 344793 344792 344791 344790 344789 344788 344787 344786 344785 344784 344783 344782 344781 344780 344779 344778 344777 344776 344775 344774 344773 344772 344771 344770 344769 344768 344767 344766 344765 344764 344763 344762 344761 344760 344759 344758 344757 344756 344755 344754 344753 344752 344751 344750 344749 344748 344747 344746 344745 344744 344743 344742 344741 344740 344739 344738 344737 344736 344735 344734 344733 344732 344731 344730 344729 344728 344727 344726 344725 344724 344723 344722 344721 344720 344719 344718 344717 344716 344715 344714 344713 344712 344711 344710 344709 344708 344707 344706 344705 344704 344703 344702 344701 344700 344699 344698 344697 344696 344695 344694 344693 344692 344691 344690 344689 344688 344687 344686 344685 344684 344683 344682 344681 344680 344679 344678 344677 344676 344675 344674 344673 344672 344671 344670 344669 344668 344667 344666 344665 344664 344663 344662 344661 344660 344659 344658 344657 344656 344655 344654 344653 344652 344651 344650 344649 344648 344647 344646 344645 344644 344643 344642 344641 344640 344639 344638 344637 344636 344635 344634 344633 344632 344631 344630 344629 344628 344627 344626 344625 344624 344623 344622 344621 344620 344619 344618 344617 344616 344615 344614 344613 344612 344611 344610 344609 344608 344607 344606 344605 344604 344603 344602 344601 344600 344599 344598 344597 344596 344595 344594 344593 344592 344591 344590 344589 344588 344587 344586 344585 344584 344583 344582 344581 344580 344579 344578 344577 344576 344575 344574 344573 344572 344571 344570 344569 344568 344567 344566 344565 344564 344563 344562 344561 344560 344559 344558 344557 344556 344555 344554 344553 344552 344551 344550 344549 344548 344547 344546 344545 344544 344543 344542 344541 344540 344539 344538 344537 344536 344535 344534 344533 344532 344531 344530 344529 344528 344527 344526 344525 344524 344523 344522 344521 344520 344519 344518 344517 344516 344515 344514 344513 344512 344511 344510 344509 344508 344507 344506 344505 344504 344503 344502 344501 344500 344499 344498 344497 344496 344495 344494 344493 344492 344491 344490 344489 344488 344487 344486 344485 344484 344483 344482 344481 344480 344479 344478 344477 344476 344475 344474 344473 344472 344471 344470 344469 344468 344467 344466 344465 344464 344463 344462 344461 344460 344459 344458 344457 344456 344455 344454 344453 344452 344451 344450
345907 345823 345824 345825 345826 345827 345828 345829 345830 345831 345832 345833 345834 345835 345836 345837 345838 345839 345840 345841 345842 345843 345844 345845 345846 345847 345848 345849 345850 345851 345852 345853 345854 345855 345856 345857 345858 345859 345860 345861 345862 345863 345864 345865 345866 345867 345868 345869 345870 345871 345872 345873 345874 345875 345876 345877 345878 345879 345880 345881 345882 345883 345884 345885 345886 345887 345888 345889 345890 345891 345892 345893 345894 345895 345896 345897 345898 345899 345900 345901 345902 345903 345904 345905 345906
346055 346054 346053 346052 346051 346050 346049 346048 346047 346046 346045 346044 346043 346042 346041 346040 346039 346038 346037 346036 346035 346034 346033 346032 346031 346030 346029 346028 346027 346026 346025 346024 346023 346022 346021 346020 346019 346018 346017 346016 346015 346014 346013 346012 346011 346010 346009 346008 346007 346006 346005 346004 346003 346002 346001 346000 345999 345998 345997 345996 345995 345994 345993 345992 345991 345990 345989 345988 345987 345986 345985 345984 345983 345982 345981 345980 345979 345978 345977 345976 345975 345974 345973 345972 345971 345970 345969 345968 345967 345966 345965 345964 345963 345962 345961 345960 345959 345958 345957 345956 345955 345954 345953 345952 345951 345950 345949 345948 345947 345946 345945 345944 345943 345942 345941 345940 345939 345938 345937 345936 345935 345934 345933 345932 345931 345930 345929 345928 345927
347187 347186 347185 347184 347183 347182 347181 347180 347179 347178 347177 347176 347175 347174 347173 347172 347171 347170 347169 347168 347167 347166 347165 347164 347163 347162 347161 347160 347159 347158 347157 347156 347155 347154 347153 347152 347151 347150 347149 347148 347147 347146 347145 347144 347143 347142 347141 347140 347139 347138 347137 347136 347135 347134 347133 347132 347131 347130 347129 347128 347127 347126 347125 347124 347123 347122 347121 347120 347119 347118 347117 347116 347115 347114 347113 347112 347111 347110 347109 347108 347107 347106 347105 347104 347103 347102 347101 347100 347099 347098 347097 347096 347095 347094 347093 347092 347091 347090 347089 347088 347087 347086 347085 347084 347083 347082 347081 347080 347079 347078 347077 347076 347075 347074 347073 347072 347071 347070 347069 347068 347067 347066 347065 347064 347063 347062 347061 347060 347059 347058 347057 347056 347055 347054 347053 347052 347051 347050 347049 347048 347047 347046 347045 347044 347043 347042 347041 347040 347039 347038 347037 347036 347035 347034 347033 347032 347031 347030 347029 347028 347027 347026 347025 347024 347023 347022 347021 347020 347019 347018 347017 347016 347015 347014 347013 347012 347011 347010 347009 347008 347007 347006 347005 347004 347003 347002 347001 347000 346999 346998 346997 346996 346995 346994 346993 346992 346991 346990 346989 346988 346987 346986 346985 346984 346983 346982 346981 346980 346979 346978 346977 346976 346975 346974 346973 346972 346971 346970 346969 346968 346967 346966 346965 346964 346963 346962 346961 346960 346959 346958 346957 346956 346955 346954 346953 346952 346951 346950 346949 346948 346947 346946 346945 346944 346943 346942 346941 346940 346939 346938 346937 346936 346935 346934 346933 346932 346931 346930 346929 346928 346927 346926 346925 346924 346923 346922 346921 346920 346919 346918 346917 346916 346915 346914 346913 346912 346911 346910 346909 346908 346907 346906 346905 346904 346903 346902 346901 346900 346899 346898 346897 346896 346895 346894 346893 346892 346891 346890 346889 346888 346887 346886 346885 346884 346883 346882 346881 346880 346879 346878 346877 346876 346875 346874 346873 346872 346871 346870 346869 346868 346867 346866 346865 346864 346863 346862 346861 346860 346859 346858 346857 346856 346855 346854 346853 346852 346851 346850 346849 346848 346847 346846 346845 346844 346843 346842 346841 346840 346839 346838 346837 346836 346835 346834 346833 346832 346831 346830 346829 346828 346827 346826 346825 346824 346823 346822 346821 346820 346819 346818 346817 346816 346815 346814 346813 346812 346811 346810 346809 346808 346807 346806 346805 346804 346803 346802 346801 346800 346799 346798 346797 346796 346795 346794 346793 346792 346791 346790 346789 346788 346787 346786 346785 346784 346783 346782 346781 346780 346779 346778 346777 346776 346775 346774 346773 346772 346771 346770 346769 346768 346767 346766 346765 346764 346763 346762 346761 346760 346759 346758 346757 346756 346755 346754 346753 346752 346751 346750 346749 346748 346747 346746 346745 346744 346743 346742 346741 346740 346739 346738 346737 346736 346735 346734 346733 346732 346731 346730 346729 346728 346727 346726 346725 346724 346723 346722 346721 346720 346719 346718 346717 346716 346715 346714 346713 346712 346711 346710 346709 346708 346707 346706 346705 346704 346703 346702 346701 346700 346699 346698 346697 346696 346695 346694 346693 346692 346691 346690 346689 346688 346687 346686 346685 346684 346683 346682 346681 346680 346679 346678 346677 346676 346675 346674 346673 346672 346671 346670 346669 346668 346667 346666 346665 346664 346663 346662 346661 346660 346659 346658 346657 346656 346655 346654 346653 346652 346651 346650 346649 346648 346647 346646 346645 346644 346643 346642 346641 346640 346639 346638 346637 346636 346635 346634 346633 346632 346631 346630 346629 346628 346627 346626 346625 346624 346623 346622 346621 346620 346619 346618 346617 346616 346615 346614 346613 346612 346611 346610 346609 346608 346607 346606 346605 346604 346603 346602 346601 346600 346599 346598 346597 346596 346595 346594 346593 346592 346591 346590 346589 346588 346587 346586 346585 346584 346583 346582 346581 346580 346579 346578 346577 346576 346575 346574 346573 346572 346571 346570 346569 346568 346567 346566 346565 346564 346563 346562 346561 346560 346559 346558 346557 346556 346555 346554 346553 346552 346551 346550 346549 346548 346547 346546 346545 346544 346543 346542 346541 346540 346539 346538 346537 346536 346535 346534 346533 346532 346531 346530 346529 346528 346527 346526 346525 346524 346523 346522 346521 346520 346519 346518 346517 346516 346515 346514 346513 346512 346511 346510 346509 346508 346507 346506 346505 346504 346503 346502 346501 346500 346499 346498 346497 346496 346495 346494 346493 346492 346491 346490 346489 346488 346487 346486 346485 346484 346483 346482 346481 346480 346479 346478 346477 346476 346475 346474 346473 346472 346471 346470 346469 346468 346467 346466 346465 346464 346463 346462 346461 346460 346459 346458 346457 346456 346455 346454 346453 346452 346451 346450 346449 346448 346447 346446 346445 346444 346443 346442 346441 346440 346439 346438 346437 346436 346435 346434 346433 346432 346431 346430 346429 346428 346427 346426 346425 346424 346423 346422 346421 346420 346419 346418 346417 346416 346415 346414 346413 346412 346411 346410 346409 346408 346407 346406 346405 346404 346403 346402 346401 346400 346399 346398 346397 346396 346395 346394 346393 346392 346391 346390 346389 346388 346387 346386 346385 346384 346383 346382 346381 346380 346379 346378 346377 346376 346375 346374 346373 346372 346371 346370 346369 346368 346367 346366 346365 346364 346363 346362 346361 346360 346359 346358 346357 346356 346355 346354 346353 346352 346351 346350 346349 346348 346347 346346 346345 346344 346343 346342 346341 346340 346339 346338 346337 346336 346335 346334 346333 346332 346331 346330 346329 346328 346327 346326 346325 346324 346323 346322 346321 346320 346319 346318 346317 346316 346315 346314 346313 346312 346311 346310 346309 346308 346307 346306 346305 346304 346303 346302 346301 346300 346299 346298 346297 346296 346295 346294 346293 346292 346291 346290 346289 346288 346287 346286 346285 346284 346283 346282 346281 346280 346279 346278 346277 346276 346275 346274 346273 346272 346271 346270 346269 346268 346267 346266 346265 346264 346263 346262 346261 346260 346259 346258 346257 346256 346255 346254 346253 346252 346251 346250 346249 346248 346247 346246 346245 346244 346243 346242 346241 346240 346239 346238 346237 346236 346235 346234 346233 346232 346231 346230 346229 346228 346227 346226 346225 346224 346223 346222 346221 346220 346219 346218 346217 346216 346215 346214 346213 346212 346211 346210 346209 346208 346207 346206 346205 346204 346203 346202 346201 346200 346199 346198 346197 346196 346195 346194 346193 346192 346191 346190 346189 346188 346187 346186 346185 346184 346183 346182 346181 346180 346179 346178 346177 346176 346175 346174 346173 346172 346171 346170 346169 346168 346167 346166 346165 346164 346163 346162 346161 346160 346159
348573 348572 348571 348570 348569 348568 348567 348566 348565 348564 348563 348562 348561 348560 348559 348558 348557 348556 348555 348554 348553 348552 348551 348550 348549 348548 348547 348546 348545 348544 348543 348542 348541 348540 348539 348538 348537 348536 348535 348534 348533 348532 348531 348530 348529 348528 348527 348526 348525 348524 348523 348522 348521 348520 348519 348518 348517 348516 348515 348514 348513 348512 348511 348510 348509 348508 348507 348506 348505 348504 348503 348502 348501 348500 348499 348498 348497 348496 348495 348494 348493 348492 348491 348490 348489 348488 348487 348486 348485 348484 348483 348482 348481 348480 348479 348478 348477 348476 348475 348474 348473 348472 348471 348470 348469 348468 348467 348466 348465 348464 348463 348462 348461 348460 348459 348458 348457 348456 348455 348454 348453 348452 348451 348450 348449 348448 348447 348446 348445 348444 348443 348442 348441 348440 348439 348438 348437 348436 348435 348434 348433 348432 348431 348430 348429 348428 348427 348426 348425 348424 348423 348422 348421 348420 348419 348418 348417 348416 348415 348414 348413 348412 348411 348410 348409 348408 348407 348406 348405 348404 348403 348402 348401 348400 348399 348398 348397 348396 348395 348394 348393 348392 348391 348390 348389 348388 348387 348386 348385 348384 348383 348382 348381 348380 348379 348378 348377 348376 348375 348374 348373 348372 348371 348370 348369 348368 348367 348366 348365 348364 348363 348362 348361 348360 348359 348358 348357 348356 348355 348354 348353 348352 348351 348350 348349 348348 348347 348346 348345 348344 348343 348342 348341 348340 348339 348338 348337 348336 348335 348334 348333 348332 348331 348330 348329 348328 348327 348326 348325 348324 348323 348322 348321 348320 348319 348318 348317 348316 348315 348314 348313 348312 348311 348310 348309 348308 348307 348306 348305 348304 348303 348302 348301 348300 348299 348298 348297 348296 348295 348294 348293 348292 348291 348290 348289 348288 348287 348286 348285 348284 348283 348282 348281 348280 348279 348278 348277 348276 348275 348274 348273 348272 348271 348270 348269 348268 348267 348266 348265 348264 348263 348262 348261 348260 348259 348258 348257 348256 348255 348254 348253 348252 348251 348250 348249 348248 348247 348246 348245 348244 348243 348242 348241 348240 348239 348238 348237 348236 348235 348234 348233 348232 348231 348230 348229 348228 348227 348226 348225 348224 348223 348222 348221 348220 348219 348218 348217 348216 348215 348214 348213 348212 348211 348210 348209 348208 348207 348206 348205 348204 348203 348202 348201 348200 348199 348198 348197 348196 348195 348194 348193 348192 348191 348190 348189 348188 348187 348186 348185 348184 348183 348182 348181 348180 348179 348178 348177 348176 348175 348174 348173 348172 348171 348170 348169 348168 348167 348166 348165 348164 348163 348162 348161 348160 348159 348158 348157 348156 348155 348154 348153 348152 348151 348150 348149 348148 348147 348146 348145 348144 348143 348142 348141 348140 348139 348138 348137 348136 348135 348134 348133 348132 348131 348130 348129 348128 348127 348126 348125 348124 348123 348122 348121 348120 348119 348118 348117 348116 348115 348114 348113 348112 348111 348110 348109 348108 348107 348106 348105 348104 348103 348102 348101 348100 348099 348098 348097 348096 348095 348094 348093 348092 348091 348090 348089 348088 348087 348086 348085 348084 348083 348082 348081 348080 348079 348078 348077 348076 348075 348074 348073 348072 348071 348070 348069 348068 348067 348066 348065 348064 348063 348062 348061 348060 348059 348058 348057 348056 348055 348054 348053 348052 348051 348050 348049 348048 348047 348046 348045 348044 348043 348042 348041 348040 348039 348038 348037 348036 348035 348034 348033 348032 348031 348030 348029 348028 348027 348026 348025 348024 348023 348022 348021 348020 348019 348018 348017 348016 348015 348014 348013 348012 348011 348010 348009 348008 348007 348006 348005 348004 348003 348002 348001 348000 347999 347998 347997 347996 347995 347994 347993 347992 347991 347990 347989 347988 347987 347986 347985 347984 347983 347982 347981 347980 347979 347978 347977 347976 347975 347974 347973 347972 347971 347970 347969 347968 347967 347966 347965 347964 347963 347962 347961 347960 347959 347958 347957 347956 347955 347954 347953 347952 347951 347950 347949 347948 347947 347946 347945 347944 347943 347942 347941 347940 347939 347938 347937 347936 347935 347934 347933 347932 347931 347930 347929 347928 347927 347926 347925 347924 347923 347922 347921 347920 347919 347918 347917 347916 347915 347914 347913 347912 347911 347910 347909 347908 347907 347906 347905 347904 347903 347902 347901 347900 347899 347898 347897 347896 347895 347894 347893 347892 347891 347890 347889 347888 347887 347886 347885 347884 347883 347882 347881 347880 347879 347878 347877 347876 347875 347874 347873 347872 347871 347870 347869 347868 347867 347866 347865 347864 347863 347862 347861 347860 347859 347858 347857 347856 347855 347854 347853 347852 347851 347850 347849 347848 347847 347846 347845 347844 347843 347842 347841 347840 347839 347838 347837 347836 347835 347834 347833 347832 347831 347830 347829 347828 347827 347826 347825 347824 347823 347822 347821 347820 347819 347818 347817 347816 347815 347814 347813 347812 347811 347810 347809 347808 347807 347806 347805 347804 347803 347802 347801 347800 347799 347798 347797 347796 347795 347794 347793 347792 347791 347790 347789 347788 347787 347786 347785 347784 347783 347782 347781 347780 347779 347778 347777 347776 347775 347774 347773 347772 347771 347770 347769 347768 347767 347766 347765 347764 347763 347762 347761 347760 347759 347758 347757 347756 347755 347754 347753 347752 347751 347750 347749 347748 347747 347746 347745 347744 347743 347742 347741 347740 347739 347738 347737 347736 347735 347734 347733 347732 347731 347730 347729 347728 347727 347726 347725 347724 347723 347722 347721 347720 347719 347718 347717 347716 347715 347714 347713 347712 347711 347710 347709 347708 347707 347706 347705 347704 347703 347702 347701 347700 347699 347698 347697 347696 347695 347694 347693 347692 347691 347690 347689 347688 347687 347686 347685 347684 347683 347682 347681 347680 347679 347678 347677 347676 347675 347674 347673 347672 347671 347670 347669 347668 347667 347666 347665 347664 347663 347662 347661 347660 347659 347658 347657 347656 347655 347654 347653 347652 347651 347650 347649 347648 347647 347646 347645 347644 347643 347642 347641 347640 347639 347638 347637 347636 347635 347634 347633 347632 347631 347630 347629 347628 347627 347626 347625 347624 347623 347622 347621 347620 347619 347618 347617 347616 347615 347614 347613 347612 347611 347610 347609 347608 347607 347606 347605 347604 347603 347602 347601 347600 347599 347598 347597 347596 347595 347594 347593 347592 347591 347590 347589 347588 347587 347586 347585 347584 347583 347582 347581 347580 347579 347578 347577 347576 347575 347574 347573 347572 347571 347570 347569 347568 347567 347566 347565 347564 347563 347562 347561 347560 347559 347558 347557 347556 347555 347554 347553 347552 347551 347550 347549 347548 347547 347546 347545
348929 348924 53479 348922
348930 348928 53479 348926
349019 348935 348936 348937 348938 348939 348940 348941 348942 348943 348944 348945 348946 348947 348948 348949 348950 348951 348952 348953 348954 348955 348956 348957 348958 348959 348960 348961 348962 348963 348964 348965 348966 348967 348968 348969 348970 348971 348972 348973 348974 348975 348976 348977 348978 348979 348980 348981 348982 348983 348984 348985 348986 348987 348988 348989 348990 348991 348992 348993 348994 348995 348996 348997 348998 348999 349000 349001 349002 349003 349004 349005 349006 349007 349008 349009 349010 349011 349012 349013 349014 349015 349016 349017 349018
349102 349097 53479 349095
349103 349101 53479 349099
351414 336746 336747 336748 336749 336750 336751 336752 336753 336754 336755 336756 336757 336758 336759 336760 336761 336762 336763 336764 336765 336766 336767 336768 336769 336770 336771 336772 336773 336774 336775 336776 336777 336778 336779 336780 336781 336782 336783 336784 336785 336786 336787 336788 336789 336790 336791 336792 336793 336794 336795 336796 336797 336798 336799 336800 336801 336802 336803 336804 336805 336806 336807 336808 336809 336810 336811 336812 336813 336814 336815 336816 336817 336818 336819 336820 336821 336822 336823 336824 336825 336826 336827 336828 336829
351415 1 1 1 1 1 1 1 1 1 1 1 1 1 1 1 1 1 1 1 1 1 1 1 1 1 1 1 1 1 1 1 1 1 1 1 1 1 1 1 1 1 1 1 1 1 1 1 1 1 1 1 1 1 1 1 1 1 1 1 1 1 1 1 1 1 1 1 1 1 1 1 1 1 1 1 1 1 1 1 1 1 1 1 1
351417 351406 351407 351408 351409 351410 351411 351412 351413
351418 1 1 1 1 1 1 1 1
351420 1 351382 351383 351384 351385 351386 351387 351388 351389
351421 1 351406 351407 351408 351409 351410 351411 351412 351413
351427 351382 351383 351384 351385 351386 351387 351388 351389
351428 1 1 1 1 1 1 1 4
353055 352719 352720 352721 352722 352723 352724 352725 352726 352727 352728 352729 352730 352731 352732 352733 352734 352735 352736 352737 352738 352739 352740 352741 352742 352743 352744 352745 352746 352747 352748 352749 352750 352751 352752 352753 352754 352755 352756 352757 352758 352759 352760 352761 352762 352763 352764 352765 352766 352767 352768 352769 352770 352771 352772 352773 352774 352775 352776 352777 352778 352779 352780 352781 352782 352783 352784 352785 352786 352787 352788 352789 352790 352791 352792 352793 352794 352795 352796 352797 352798 352799 352800 352801 352802 352803 352804 352805 352806 352807 352808 352809 352810 352811 352812 352813 352814 352815 352816 352817 352818 352819 352820 352821 352822 352823 352824 352825 352826 352827 352828 352829 352830 352831 352832 352833 352834 352835 352836 352837 352838 352839 352840 352841 352842 352843 352844 352845 352846 352847 352848 352849 352850 352851 352852 352853 352854 352855 352856 352857 352858 352859 352860 352861 352862 352863 352864 352865 352866 352867 352868 352869 352870 352871 352872 352873 352874 352875 352876 352877 352878 352879 352880 352881 352882 352883 352884 352885 352886 352887 352888 352889 352890 352891 352892 352893 352894 352895 352896 352897 352898 352899 352900 352901 352902 352903 352904 352905 352906 352907 352908 352909 352910 352911 352912 352913 352914 352915 352916 352917 352918 352919 352920 352921 352922 352923 352924 352925 352926 352927 352928 352929 352930 352931 352932 352933 352934 352935 352936 352937 352938 352939 352940 352941 352942 352943 352944 352945 352946 352947 352948 352949 352950 352951 352952 352953 352954 352955 352956 352957 352958 352959 352960 352961 352962 352963 352964 352965 352966 352967 352968 352969 352970 352971 352972 352973 352974 352975 352976 352977 352978 352979 352980 352981 352982 352983 352984 352985 352986 352987 352988 352989 352990 352991 352992 352993 352994 352995 352996 352997 352998 352999 353000 353001 353002 353003 353004 353005 353006 353007 353008 353009 353010 353011 353012 353013 353014 353015 353016 353017 353018 353019 353020 353021 353022 353023 353024 353025 353026 353027 353028 353029 353030 353031 353032 353033 353034 353035 353036 353037 353038 353039 353040 353041 353042 353043 353044 353045 353046 353047 353048 353049 353050 353051 353052 353053 353054
353200 353199 353198 353197 353196 353195 353194 353193 353192 353191 353190 353189 353188 353187 353186 353185 353184 353183 353182 353181 353180 353179 353178 353177 353176 353175 353174 353173 353172 353171 353170 353169 353168 353167 353166 353165 353164 353163 353162 353161 353160 353159 353158 353157 353156 353155 353154 353153 353152 353151 353150 353149 353148 353147 353146 353145 353144 353143 353142 353141 353140 353139 353138 353137 353136 353135 353134 353133 353132 353131 353130 353129 353128 353127 353126 353125 353124 353123 353122 353121 353120 353119 353118 353117 353116 353115 353114 353113 353112 353111 353110 353109 353108 353107 353106 353105 353104 353103 353102 353101 353100 353099 353098 353097 353096 353095 353094 353093 353092 353091 353090 353089 353088 353087 353086 353085 353084 353083 353082 353081 353080 353079 353078 353077 353076 353075 353074 353073 353072
354332 354331 354330 354329 354328 354327 354326 354325 354324 354323 354322 354321 354320 354319 354318 354317 354316 354315 354314 354313 354312 354311 354310 354309 354308 354307 354306 354305 354304 354303 354302 354301 354300 354299 354298 354297 354296 354295 354294 354293 354292 354291 354290 354289 354288 354287 354286 354285 354284 354283 354282 354281 354280 354279 354278 354277 354276 354275 354274 354273 354272 354271 354270 354269 354268 354267 354266 354265 354264 354263 354262 354261 354260 354259 354258 354257 354256 354255 354254 354253 354252 354251 354250 354249 354248 354247 354246 354245 354244 354243 354242 354241 354240 354239 354238 354237 354236 354235 354234 354233 354232 354231 354230 354229 354228 354227 354226 354225 354224 354223 354222 354221 354220 354219 354218 354217 354216 354215 354214 354213 354212 354211 354210 354209 354208 354207 354206 354205 354204 354203 354202 354201 354200 354199 354198 354197 354196 354195 354194 354193 354192 354191 354190 354189 354188 354187 354186 354185 354184 354183 354182 354181 354180 354179 354178 354177 354176 354175 354174 354173 354172 354171 354170 354169 354168 354167 354166 354165 354164 354163 354162 354161 354160 354159 354158 354157 354156 354155 354154 354153 354152 354151 354150 354149 354148 354147 354146 354145 354144 354143 354142 354141 354140 354139 354138 354137 354136 354135 354134 354133 354132 354131 354130 354129 354128 354127 354126 354125 354124 354123 354122 354121 354120 354119 354118 354117 354116 354115 354114 354113 354112 354111 354110 354109 354108 354107 354106 354105 354104 354103 354102 354101 354100 354099 354098 354097 354096 354095 354094 354093 354092 354091 354090 354089 354088 354087 354086 354085 354084 354083 354082 354081 354080 354079 354078 354077 354076 354075 354074 354073 354072 354071 354070 354069 354068 354067 354066 354065 354064 354063 354062 354061 354060 354059 354058 354057 354056 354055 354054 354053 354052 354051 354050 354049 354048 354047 354046 354045 354044 354043 354042 354041 354040 354039 354038 354037 354036 354035 354034 354033 354032 354031 354030 354029 354028 354027 354026 354025 354024 354023 354022 354021 354020 354019 354018 354017 354016 354015 354014 354013 354012 354011 354010 354009 354008 354007 354006 354005 354004 354003 354002 354001 354000 353999 353998 353997 353996 353995 353994 353993 353992 353991 353990 353989 353988 353987 353986 353985 353984 353983 353982 353981 353980 353979 353978 353977 353976 353975 353974 353973 353972 353971 353970 353969 353968 353967 353966 353965 353964 353963 353962 353961 353960 353959 353958 353957 353956 353955 353954 353953 353952 353951 353950 353949 353948 353947 353946 353945 353944 353943 353942 353941 353940 353939 353938 353937 353936 353935 353934 353933 353932 353931 353930 353929 353928 353927 353926 353925 353924 353923 353922 353921 353920 353919 353918 353917 353916 353915 353914 353913 353912 353911 353910 353909 353908 353907 353906 353905 353904 353903 353902 353901 353900 353899 353898 353897 353896 353895 353894 353893 353892 353891 353890 353889 353888 353887 353886 353885 353884 353883 353882 353881 353880 353879 353878 353877 353876 353875 353874 353873 353872 353871 353870 353869 353868 353867 353866 353865 353864 353863 353862 353861 353860 353859 353858 353857 353856 353855 353854 353853 353852 353851 353850 353849 353848 353847 353846 353845 353844 353843 353842 353841 353840 353839 353838 353837 353836 353835 353834 353833 353832 353831 353830 353829 353828 353827 353826 353825 353824 353823 353822 353821 353820 353819 353818 353817 353816 353815 353814 353813 353812 353811 353810 353809 353808 353807 353806 353805 353804 353803 353802 353801 353800 353799 353798 353797 353796 353795 353794 353793 353792 353791 353790 353789 353788 353787 353786 353785 353784 353783 353782 353781 353780 353779 353778 353777 353776 353775 353774 353773 353772 353771 353770 353769 353768 353767 353766 353765 353764 353763 353762 353761 353760 353759 353758 353757 353756 353755 353754 353753 353752 353751 353750 353749 353748 353747 353746 353745 353744 353743 353742 353741 353740 353739 353738 353737 353736 353735 353734 353733 353732 353731 353730 353729 353728 353727 353726 353725 353724 353723 353722 353721 353720 353719 353718 353717 353716 353715 353714 353713 353712 353711 353710 353709 353708 353707 353706 353705 353704 353703 353702 353701 353700 353699 353698 353697 353696 353695 353694 353693 353692 353691 353690 353689 353688 353687 353686 353685 353684 353683 353682 353681 353680 353679 353678 353677 353676 353675 353674 353673 353672 353671 353670 353669 353668 353667 353666 353665 353664 353663 353662 353661 353660 353659 353658 353657 353656 353655 353654 353653 353652 353651 353650 353649 353648 353647 353646 353645 353644 353643 353642 353641 353640 353639 353638 353637 353636 353635 353634 353633 353632 353631 353630 353629 353628 353627 353626 353625 353624 353623 353622 353621 353620 353619 353618 353617 353616 353615 353614 353613 353612 353611 353610 353609 353608 353607 353606 353605 353604 353603 353602 353601 353600 353599 353598 353597 353596 353595 353594 353593 353592 353591 353590 353589 353588 353587 353586 353585 353584 353583 353582 353581 353580 353579 353578 353577 353576 353575 353574 353573 353572 353571 353570 353569 353568 353567 353566 353565 353564 353563 353562 353561 353560 353559 353558 353557 353556 353555 353554 353553 353552 353551 353550 353549 353548 353547 353546 353545 353544 353543 353542 353541 353540 353539 353538 353537 353536 353535 353534 353533 353532 353531 353530 353529 353528 353527 353526 353525 353524 353523 353522 353521 353520 353519 353518 353517 353516 353515 353514 353513 353512 353511 353510 353509 353508 353507 353506 353505 353504 353503 353502 353501 353500 353499 353498 353497 353496 353495 353494 353493 353492 353491 353490 353489 353488 353487 353486 353485 353484 353483 353482 353481 353480 353479 353478 353477 353476 353475 353474 353473 353472 353471 353470 353469 353468 353467 353466 353465 353464 353463 353462 353461 353460 353459 353458 353457 353456 353455 353454 353453 353452 353451 353450 353449 353448 353447 353446 353445 353444 353443 353442 353441 353440 353439 353438 353437 353436 353435 353434 353433 353432 353431 353430 353429 353428 353427 353426 353425 353424 353423 353422 353421 353420 353419 353418 353417 353416 353415 353414 353413 353412 353411 353410 353409 353408 353407 353406 353405 353404 353403 353402 353401 353400 353399 353398 353397 353396 353395 353394 353393 353392 353391 353390 353389 353388 353387 353386 353385 353384 353383 353382 353381 353380 353379 353378 353377 353376 353375 353374 353373 353372 353371 353370 353369 353368 353367 353366 353365 353364 353363 353362 353361 353360 353359 353358 353357 353356 353355 353354 353353 353352 353351 353350 353349 353348 353347 353346 353345 353344 353343 353342 353341 353340 353339 353338 353337 353336 353335 353334 353333 353332 353331 353330 353329 353328 353327 353326 353325 353324 353323 353322 353321 353320 353319 353318 353317 353316 353315 353314 353313 353312 353311 353310 353309 353308 353307 353306 353305 353304
354766 354682 354683 354684 354685 354686 354687 354688 354689 354690 354691 354692 354693 354694 354695 354696 354697 354698 354699 354700 354701 354702 354703 354704 354705 354706 354707 354708 354709 354710 354711 354712 354713 354714 354715 354716 354717 354718 354719 354720 354721 354722 354723 354724 354725 354726 354727 354728 354729 354730 354731 354732 354733 354734 354735 354736 354737 354738 354739 354740 354741 354742 354743 354744 354745 354746 354747 354748 354749 354750 354751 354752 354753 354754 354755 354756 354757 354758 354759 354760 354761 354762 354763 354764 354765
355655 351439 351440 351441 351442 351443 351444 351445 351446 351447 351448 351449 351450 351451 351452 351453 351454 351455 351456 351457 351458 351459 351460 351461 351462 351463 351464 351465 351466 351467 351468 351469 351470 351471 351472 351473 351474 351475 351476 351477 351478 351479 351480 351481 351482 351483 351484 351485 351486 351487 351488 351489 351490 351491 351492 351493 351494 351495 351496 351497 351498 351499 351500 351501 351502 351503 351504 351505 351506 351507 351508 351509 351510 351511 351512 351513 351514 351515 351516 351517 351518 351519 351520 351521 351522
355656 1 1 1 1 1 1 1 1 1 1 1 1 1 1 1 1 1 1 1 1 1 1 1 1 1 1 1 1 1 1 1 1 1 1 1 1 1 1 1 1 1 1 1 1 1 1 1 1 1 1 1 1 1 1 1 1 1 1 1 1 1 1 1 1 1 1 1 1 1 1 1 1 1 1 1 1 1 1 1 1 1 1 1 1
355658 355647 355648 355649 355650 355651 355652 355653 355654
355659 1 1 1 1 1 1 1 1
355661 1 355623 355624 355625 355626 355627 355628 355629 355630
355662 1 355647 355648 355649 355650 355651 355652 355653 355654
355892 355623 355624 355625 355626 355627 355628 355629 355630
355893 1 1 1 1 1 1 1 4
355951 355903 355904 355905 355906 355907 355908 355909 355910 355911 355912 355913 355914 355915 355916 355917 355918
355952 1 1 1 1 1 1 1 1 1 1 1 1 1 1 1 4
356005 1 355903 355904 355905 355906 355907 355908 355909 355910 355911 355912 355913 355914 355915 355916 355917 355918
356006 1 355970 355971 355972 355973 355974 355975 355976 355977 355978 355979 355980 355981 355982 355983 355984 355985
356062 356061 356057 356056
356063 1 1 1
356067 356066 356057 356056
356068 5 33 33
356517 356514 357287 357288
356518 356516 356503 356504
356739 356731 356732 356733 356734 356735 356736 356737 356738
356740 1 1 1 1 1 1 1 1
356742 1 356707 356708 356709 356710 356711 356712 356713 356714
356743 1 356731 356732 356733 356734 356735 356736 356737 356738
356749 356707 356708 356709 356710 356711 356712 356713 356714
356750 1 1 1 1 1 1 1 4
356828 356819 356820 356821 356822 356823 356824 356825 356826
356829 1 1 1 1 1 1 1 1
356831 1 356795 356796 356797 356798 356799 356800 356801 356802
356832 1 356819 356820 356821 356822 356823 356824 356825 356826
357062 356795 356796 356797 356798 356799 356800 356801 356802
357063 1 1 1 1 1 1 1 4
357097 357096 357094
357098 1 1
357107 357106 357104
357108 1 1
357134 357133 357131
357135 1 1
357144 357143 357141
357145 1 1
357383 357380 357288
357384 357382 357371
357569 357561 357562 357563 357564 357565 357566 357567 357568
357570 1 1 1 1 1 1 1 1
357572 1 357537 357538 357539 357540 357541 357542 357543 357544
357573 1 357561 357562 357563 357564 357565 357566 357567 357568
357579 357537 357538 357539 357540 357541 357542 357543 357544
357580 1 1 1 1 1 1 1 4
357656 357647 357648 357649 357650 357651 357652 357653 357654
357657 1 1 1 1 1 1 1 1
357659 1 357623 357624 357625 357626 357627 357628 357629 357630
357660 1 357647 357648 357649 357650 357651 357652 357653 357654
357890 357623 357624 357625 357626 357627 357628 357629 357630
357891 1 1 1 1 1 1 1 4
357940 357939 357909 357910
357941 1 1 1
358087 358086 358084
358088 1 1
358097 358096 358094
358098 1 1
358236 358233 357287 357288
358237 358235 358222 358223
358332 358331
358339 358338
358375 358374 358373 358372 358371 358370 358369 358368 358367
358390 358389 358388 358387 358386 358385 358384 358383 358382
358515 358507 358508 358509 358510 358511 358512 358513 358514
358516 1 1 1 1 1 1 1 1
358518 1 358483 358484 358485 358486 358487 358488 358489 358490
358519 1 358507 358508 358509 358510 358511 358512 358513 358514
358525 358483 358484 358485 358486 358487 358488 358489 358490
358526 1 1 1 1 1 1 1 4
358556 358555
358577 358576 358575 358574 358573 358572 358571 358570 358569
358628 358619 358620 358621 358622 358623 358624 358625 358626
358629 1 1 1 1 1 1 1 1
358631 1 358595 358596 358597 358598 358599 358600 358601 358602
358632 1 358619 358620 358621 358622 358623 358624 358625 358626
358862 358595 358596 358597 358598 358599 358600 358601 358602
358863 1 1 1 1 1 1 1 4
359208 359032 359030 359027 359024 359021 359018 359015 359012 359009 359006 359003 359000 358997 358994 358991 358988 358985 358982 358979 358976 358973 358970 358967 358964 358961 358958 358955 358952 358949 358946 357287 357288
359209 359139 359140 359141 359142 359143 359144 359145 359146 359147 359148 359149 359150 359151 359152 359153 359154 359155 359156 359157 359158 359159 359160 359161 359162 359163 359164 359165 359166 359167 359168 359169 359170
359445 359437 359438 359439 359440 359441 359442 359443 359444
359446 1 1 1 1 1 1 1 1
359448 1 359413 359414 359415 359416 359417 359418 359419 359420
359449 1 359437 359438 359439 359440 359441 359442 359443 359444
359455 359413 359414 359415 359416 359417 359418 359419 359420
359456 1 1 1 1 1 1 1 4
359534 359525 359526 359527 359528 359529 359530 359531 359532
359535 1 1 1 1 1 1 1 1
359537 1 359501 359502 359503 359504 359505 359506 359507 359508
359538 1 359525 359526 359527 359528 359529 359530 359531 359532
359768 359501 359502 359503 359504 359505 359506 359507 359508
359769 1 1 1 1 1 1 1 4
359880 359879 359877
359881 1 1
359890 359889 359887
359891 1 1
360034 360031 357287 357288
360035 360033 360020 360021
360130 360129
360137 360136
360177 360176 360175 360174 360173 360172 360171 360170 360169
360192 360191 360190 360189 360188 360187 360186 360185 360184
360321 360313 360314 360315 360316 360317 360318 360319 360320
360322 1 1 1 1 1 1 1 1
360324 1 360289 360290 360291 360292 360293 360294 360295 360296
360325 1 360313 360314 360315 360316 360317 360318 360319 360320
360331 360289 360290 360291 360292 360293 360294 360295 360296
360332 1 1 1 1 1 1 1 4
360362 360361
360383 360382 360381 360380 360379 360378 360377 360376 360375
360434 360425 360426 360427 360428 360429 360430 360431 360432
360435 1 1 1 1 1 1 1 1
360437 1 360401 360402 360403 360404 360405 360406 360407 360408
360438 1 360425 360426 360427 360428 360429 360430 360431 360432
360672 360401 360402 360403 360404 360405 360406 360407 360408
360673 1 1 1 1 1 1 1 4
361192 361191 361189
361193 1 1
361202 361201 361199
361203 1 1
361371 361368 391623 391622
361372 361370 361345 361346
361449 361448
361456 361455
361481 361480 361479 361478 361477 361476
361507 361506 361505 361504 361503 361502
361534 361533 361532 361531 361530 361529 361528 361527 361526
361549 361548 361547 361546 361545 361544 361543 361542 361541
361675 361666 361667 361668 361669 361670 361671 361672 361673
361676 1 1 1 1 1 1 1 1
361678 1 361642 361643 361644 361645 361646 361647 361648 361649
361679 1 361666 361667 361668 361669 361670 361671 361672 361673
361685 361642 361643 361644 361645 361646 361647 361648 361649
361686 1 1 1 1 1 1 1 4
361716 361715
361737 361736 361735 361734 361733 361732 361731 361730 361729
361788 361779 361780 361781 361782 361783 361784 361785 361786
361789 1 1 1 1 1 1 1 1
361791 1 361755 361756 361757 361758 361759 361760 361761 361762
361792 1 361779 361780 361781 361782 361783 361784 361785 361786
362022 361755 361756 361757 361758 361759 361760 361761 361762
362023 1 1 1 1 1 1 1 4
362037 362036 55988 362034
362038 4 6778 1
362119 56140 56141
362120 33 33
362149 362148 55988 362146
362150 4 6778 1
362161 56140 56141
362162 362100 362094
362185 362183 362184
362186 1 1
362234 362233 55988 362231
362235 4 6778 1
362312 362309 55988 362307
362313 362311 362282 362283
362318 56113 56111 56108
362319 362287 362288 362289
362369 362366 55988 362364
362370 362368 362349 362350
365014 364678 364679 364680 364681 364682 364683 364684 364685 364686 364687 364688 364689 364690 364691 364692 364693 364694 364695 364696 364697 364698 364699 364700 364701 364702 364703 364704 364705 364706 364707 364708 364709 364710 364711 364712 364713 364714 364715 364716 364717 364718 364719 364720 364721 364722 364723 364724 364725 364726 364727 364728 364729 364730 364731 364732 364733 364734 364735 364736 364737 364738 364739 364740 364741 364742 364743 364744 364745 364746 364747 364748 364749 364750 364751 364752 364753 364754 364755 364756 364757 364758 364759 364760 364761 364762 364763 364764 364765 364766 364767 364768 364769 364770 364771 364772 364773 364774 364775 364776 364777 364778 364779 364780 364781 364782 364783 364784 364785 364786 364787 364788 364789 364790 364791 364792 364793 364794 364795 364796 364797 364798 364799 364800 364801 364802 364803 364804 364805 364806 364807 364808 364809 364810 364811 364812 364813 364814 364815 364816 364817 364818 364819 364820 364821 364822 364823 364824 364825 364826 364827 364828 364829 364830 364831 364832 364833 364834 364835 364836 364837 364838 364839 364840 364841 364842 364843 364844 364845 364846 364847 364848 364849 364850 364851 364852 364853 364854 364855 364856 364857 364858 364859 364860 364861 364862 364863 364864 364865 364866 364867 364868 364869 364870 364871 364872 364873 364874 364875 364876 364877 364878 364879 364880 364881 364882 364883 364884 364885 364886 364887 364888 364889 364890 364891 364892 364893 364894 364895 364896 364897 364898 364899 364900 364901 364902 364903 364904 364905 364906 364907 364908 364909 364910 364911 364912 364913 364914 364915 364916 364917 364918 364919 364920 364921 364922 364923 364924 364925 364926 364927 364928 364929 364930 364931 364932 364933 364934 364935 364936 364937 364938 364939 364940 364941 364942 364943 364944 364945 364946 364947 364948 364949 364950 364951 364952 364953 364954 364955 364956 364957 364958 364959 364960 364961 364962 364963 364964 364965 364966 364967 364968 364969 364970 364971 364972 364973 364974 364975 364976 364977 364978 364979 364980 364981 364982 364983 364984 364985 364986 364987 364988 364989 364990 364991 364992 364993 364994 364995 364996 364997 364998 364999 365000 365001 365002 365003 365004 365005 365006 365007 365008 365009 365010 365011 365012 365013
365372 365036 365037 365038 365039 365040 365041 365042 365043 365044 365045 365046 365047 365048 365049 365050 365051 365052 365053 365054 365055 365056 365057 365058 365059 365060 365061 365062 365063 365064 365065 365066 365067 365068 365069 365070 365071 365072 365073 365074 365075 365076 365077 365078 365079 365080 365081 365082 365083 365084 365085 365086 365087 365088 365089 365090 365091 365092 365093 365094 365095 365096 365097 365098 365099 365100 365101 365102 365103 365104 365105 365106 365107 365108 365109 365110 365111 365112 365113 365114 365115 365116 365117 365118 365119 365120 365121 365122 365123 365124 365125 365126 365127 365128 365129 365130 365131 365132 365133 365134 365135 365136 365137 365138 365139 365140 365141 365142 365143 365144 365145 365146 365147 365148 365149 365150 365151 365152 365153 365154 365155 365156 365157 365158 365159 365160 365161 365162 365163 365164 365165 365166 365167 365168 365169 365170 365171 365172 365173 365174 365175 365176 365177 365178 365179 365180 365181 365182 365183 365184 365185 365186 365187 365188 365189 365190 365191 365192 365193 365194 365195 365196 365197 365198 365199 365200 365201 365202 365203 365204 365205 365206 365207 365208 365209 365210 365211 365212 365213 365214 365215 365216 365217 365218 365219 365220 365221 365222 365223 365224 365225 365226 365227 365228 365229 365230 365231 365232 365233 365234 365235 365236 365237 365238 365239 365240 365241 365242 365243 365244 365245 365246 365247 365248 365249 365250 365251 365252 365253 365254 365255 365256 365257 365258 365259 365260 365261 365262 365263 365264 365265 365266 365267 365268 365269 365270 365271 365272 365273 365274 365275 365276 365277 365278 365279 365280 365281 365282 365283 365284 365285 365286 365287 365288 365289 365290 365291 365292 365293 365294 365295 365296 365297 365298 365299 365300 365301 365302 365303 365304 365305 365306 365307 365308 365309 365310 365311 365312 365313 365314 365315 365316 365317 365318 365319 365320 365321 365322 365323 365324 365325 365326 365327 365328 365329 365330 365331 365332 365333 365334 365335 365336 365337 365338 365339 365340 365341 365342 365343 365344 365345 365346 365347 365348 365349 365350 365351 365352 365353 365354 365355 365356 365357 365358 365359 365360 365361 365362 365363 365364 365365 365366 365367 365368 365369 365370 365371
365516 365515 365514 365513 365512 365511 365510 365509 365508 365507 365506 365505 365504 365503 365502 365501 365500 365499 365498 365497 365496 365495 365494 365493 365492 365491 365490 365489 365488 365487 365486 365485 365484 365483 365482 365481 365480 365479 365478 365477 365476 365475 365474 365473 365472 365471 365470 365469 365468 365467 365466 365465 365464 365463 365462 365461 365460 365459 365458 365457 365456 365455 365454 365453 365452 365451 365450 365449 365448 365447 365446 365445 365444 365443 365442 365441 365440 365439 365438 365437 365436 365435 365434 365433 365432 365431 365430 365429 365428 365427 365426 365425 365424 365423 365422 365421 365420 365419 365418 365417 365416 365415 365414 365413 365412 365411 365410 365409 365408 365407 365406 365405 365404 365403 365402 365401 365400 365399 365398 365397 365396 365395 365394 365393 365392 365391 365390 365389 365388
366653 366652 366651 366650 366649 366648 366647 366646 366645 366644 366643 366642 366641 366640 366639 366638 366637 366636 366635 366634 366633 366632 366631 366630 366629 366628 366627 366626 366625 366624 366623 366622 366621 366620 366619 366618 366617 366616 366615 366614 366613 366612 366611 366610 366609 366608 366607 366606 366605 366604 366603 366602 366601 366600 366599 366598 366597 366596 366595 366594 366593 366592 366591 366590 366589 366588 366587 366586 366585 366584 366583 366582 366581 366580 366579 366578 366577 366576 366575 366574 366573 366572 366571 366570 366569 366568 366567 366566 366565 366564 366563 366562 366561 366560 366559 366558 366557 366556 366555 366554 366553 366552 366551 366550 366549 366548 366547 366546 366545 366544 366543 366542 366541 366540 366539 366538 366537 366536 366535 366534 366533 366532 366531 366530 366529 366528 366527 366526 366525 366524 366523 366522 366521 366520 366519 366518 366517 366516 366515 366514 366513 366512 366511 366510 366509 366508 366507 366506 366505 366504 366503 366502 366501 366500 366499 366498 366497 366496 366495 366494 366493 366492 366491 366490 366489 366488 366487 366486 366485 366484 366483 366482 366481 366480 366479 366478 366477 366476 366475 366474 366473 366472 366471 366470 366469 366468 366467 366466 366465 366464 366463 366462 366461 366460 366459 366458 366457 366456 366455 366454 366453 366452 366451 366450 366449 366448 366447 366446 366445 366444 366443 366442 366441 366440 366439 366438 366437 366436 366435 366434 366433 366432 366431 366430 366429 366428 366427 366426 366425 366424 366423 366422 366421 366420 366419 366418 366417 366416 366415 366414 366413 366412 366411 366410 366409 366408 366407 366406 366405 366404 366403 366402 366401 366400 366399 366398 366397 366396 366395 366394 366393 366392 366391 366390 366389 366388 366387 366386 366385 366384 366383 366382 366381 366380 366379 366378 366377 366376 366375 366374 366373 366372 366371 366370 366369 366368 366367 366366 366365 366364 366363 366362 366361 366360 366359 366358 366357 366356 366355 366354 366353 366352 366351 366350 366349 366348 366347 366346 366345 366344 366343 366342 366341 366340 366339 366338 366337 366336 366335 366334 366333 366332 366331 366330 366329 366328 366327 366326 366325 366324 366323 366322 366321 366320 366319 366318 366317 366316 366315 366314 366313 366312 366311 366310 366309 366308 366307 366306 366305 366304 366303 366302 366301 366300 366299 366298 366297 366296 366295 366294 366293 366292 366291 366290 366289 366288 366287 366286 366285 366284 366283 366282 366281 366280 366279 366278 366277 366276 366275 366274 366273 366272 366271 366270 366269 366268 366267 366266 366265 366264 366263 366262 366261 366260 366259 366258 366257 366256 366255 366254 366253 366252 366251 366250 366249 366248 366247 366246 366245 366244 366243 366242 366241 366240 366239 366238 366237 366236 366235 366234 366233 366232 366231 366230 366229 366228 366227 366226 366225 366224 366223 366222 366221 366220 366219 366218 366217 366216 366215 366214 366213 366212 366211 366210 366209 366208 366207 366206 366205 366204 366203 366202 366201 366200 366199 366198 366197 366196 366195 366194 366193 366192 366191 366190 366189 366188 366187 366186 366185 366184 366183 366182 366181 366180 366179 366178 366177 366176 366175 366174 366173 366172 366171 366170 366169 366168 366167 366166 366165 366164 366163 366162 366161 366160 366159 366158 366157 366156 366155 366154 366153 366152 366151 366150 366149 366148 366147 366146 366145 366144 366143 366142 366141 366140 366139 366138 366137 366136 366135 366134 366133 366132 366131 366130 366129 366128 366127 366126 366125 366124 366123 366122 366121 366120 366119 366118 366117 366116 366115 366114 366113 366112 366111 366110 366109 366108 366107 366106 366105 366104 366103 366102 366101 366100 366099 366098 366097 366096 366095 366094 366093 366092 366091 366090 366089 366088 366087 366086 366085 366084 366083 366082 366081 366080 366079 366078 366077 366076 366075 366074 366073 366072 366071 366070 366069 366068 366067 366066 366065 366064 366063 366062 366061 366060 366059 366058 366057 366056 366055 366054 366053 366052 366051 366050 366049 366048 366047 366046 366045 366044 366043 366042 366041 366040 366039 366038 366037 366036 366035 366034 366033 366032 366031 366030 366029 366028 366027 366026 366025 366024 366023 366022 366021 366020 366019 366018 366017 366016 366015 366014 366013 366012 366011 366010 366009 366008 366007 366006 366005 366004 366003 366002 366001 366000 365999 365998 365997 365996 365995 365994 365993 365992 365991 365990 365989 365988 365987 365986 365985 365984 365983 365982 365981 365980 365979 365978 365977 365976 365975 365974 365973 365972 365971 365970 365969 365968 365967 365966 365965 365964 365963 365962 365961 365960 365959 365958 365957 365956 365955 365954 365953 365952 365951 365950 365949 365948 365947 365946 365945 365944 365943 365942 365941 365940 365939 365938 365937 365936 365935 365934 365933 365932 365931 365930 365929 365928 365927 365926 365925 365924 365923 365922 365921 365920 365919 365918 365917 365916 365915 365914 365913 365912 365911 365910 365909 365908 365907 365906 365905 365904 365903 365902 365901 365900 365899 365898 365897 365896 365895 365894 365893 365892 365891 365890 365889 365888 365887 365886 365885 365884 365883 365882 365881 365880 365879 365878 365877 365876 365875 365874 365873 365872 365871 365870 365869 365868 365867 365866 365865 365864 365863 365862 365861 365860 365859 365858 365857 365856 365855 365854 365853 365852 365851 365850 365849 365848 365847 365846 365845 365844 365843 365842 365841 365840 365839 365838 365837 365836 365835 365834 365833 365832 365831 365830 365829 365828 365827 365826 365825 365824 365823 365822 365821 365820 365819 365818 365817 365816 365815 365814 365813 365812 365811 365810 365809 365808 365807 365806 365805 365804 365803 365802 365801 365800 365799 365798 365797 365796 365795 365794 365793 365792 365791 365790 365789 365788 365787 365786 365785 365784 365783 365782 365781 365780 365779 365778 365777 365776 365775 365774 365773 365772 365771 365770 365769 365768 365767 365766 365765 365764 365763 365762 365761 365760 365759 365758 365757 365756 365755 365754 365753 365752 365751 365750 365749 365748 365747 365746 365745 365744 365743 365742 365741 365740 365739 365738 365737 365736 365735 365734 365733 365732 365731 365730 365729 365728 365727 365726 365725 365724 365723 365722 365721 365720 365719 365718 365717 365716 365715 365714 365713 365712 365711 365710 365709 365708 365707 365706 365705 365704 365703 365702 365701 365700 365699 365698 365697 365696 365695 365694 365693 365692 365691 365690 365689 365688 365687 365686 365685 365684 365683 365682 365681 365680 365679 365678 365677 365676 365675 365674 365673 365672 365671 365670 365669 365668 365667 365666 365665 365664 365663 365662 365661 365660 365659 365658 365657 365656 365655 365654 365653 365652 365651 365650 365649 365648 365647 365646 365645 365644 365643 365642 365641 365640 365639 365638 365637 365636 365635 365634 365633 365632 365631 365630 365629 365628
371110 371109 371108 371107 371106 371105 371104 371103 371102 371101 371100 371099 371098 371097 371096 371095 371094 371093 371092 371091 371090 371089 371088 371087 371086 371085 371084 371083 371082 371081 371080 371079 371078 371077 371076 371075 371074 371073 371072 371071 371070 371069 371068 371067 371066 371065 371064 371063 371062 371061 371060 371059 371058 371057 371056 371055 371054 371053 371052 371051 371050 371049 371048 371047 371046 371045 371044 371043 371042 371041 371040 371039 371038 371037 371036 371035 371034 371033 371032 371031 371030 371029 371028 371027 371026 371025 371024 371023 371022 371021 371020 371019 371018 371017 371016 371015 371014 371013 371012 371011 371010 371009 371008 371007 371006 371005 371004 371003 371002 371001 371000 370999 370998 370997 370996 370995 370994 370993 370992 370991 370990 370989 370988 370987 370986 370985 370984 370983 370982 370981 370980 370979 370978 370977 370976 370975 370974 370973 370972 370971 370970 370969 370968 370967 370966 370965 370964 370963 370962 370961 370960 370959 370958 370957 370956 370955 370954 370953 370952 370951 370950 370949 370948 370947 370946 370945 370944 370943 370942 370941 370940 370939 370938 370937 370936 370935 370934 370933 370932 370931 370930 370929 370928 370927 370926 370925 370924 370923 370922 370921 370920 370919 370918 370917 370916 370915 370914 370913 370912 370911 370910 370909 370908 370907 370906 370905 370904 370903 370902 370901 370900 370899 370898 370897 370896 370895 370894 370893 370892 370891 370890 370889 370888 370887 370886 370885 370884 370883 370882 370881 370880 370879 370878 370877 370876 370875 370874 370873 370872 370871 370870 370869 370868 370867 370866 370865 370864 370863 370862 370861 370860 370859 370858 370857 370856 370855 370854 370853 370852 370851 370850 370849 370848 370847 370846 370845 370844 370843 370842 370841 370840 370839 370838 370837 370836 370835 370834 370833 370832 370831 370830 370829 370828 370827 370826 370825 370824 370823 370822 370821 370820 370819 370818 370817 370816 370815 370814 370813 370812 370811 370810 370809 370808 370807 370806 370805 370804 370803 370802 370801 370800 370799 370798 370797 370796 370795 370794 370793 370792 370791 370790 370789 370788 370787 370786 370785 370784 370783 370782 370781 370780 370779 370778 370777 370776 370775 370774 370773 370772 370771 370770 370769 370768 370767 370766 370765 370764 370763 370762 370761 370760 370759 370758 370757 370756 370755 370754 370753 370752 370751 370750 370749 370748 370747 370746 370745 370744 370743 370742 370741 370740 370739 370738 370737 370736 370735 370734 370733 370732 370731 370730 370729 370728 370727 370726 370725 370724 370723 370722 370721 370720 370719 370718 370717 370716 370715 370714 370713 370712 370711 370710 370709 370708 370707 370706 370705 370704 370703 370702 370701 370700 370699 370698 370697 370696 370695 370694 370693 370692 370691 370690 370689 370688 370687 370686 370685 370684 370683 370682 370681 370680 370679 370678 370677 370676 370675 370674 370673 370672 370671 370670 370669 370668 370667 370666 370665 370664 370663 370662 370661 370660 370659 370658 370657 370656 370655 370654 370653 370652 370651 370650 370649 370648 370647 370646 370645 370644 370643 370642 370641 370640 370639 370638 370637 370636 370635 370634 370633 370632 370631 370630 370629 370628 370627 370626 370625 370624 370623 370622 370621 370620 370619 370618 370617 370616 370615 370614 370613 370612 370611 370610 370609 370608 370607 370606 370605 370604 370603 370602 370601 370600 370599 370598 370597 370596 370595 370594 370593 370592 370591 370590 370589 370588 370587 370586 370585 370584 370583 370582 370581 370580 370579 370578 370577 370576 370575 370574 370573 370572 370571 370570 370569 370568 370567 370566 370565 370564 370563 370562 370561 370560 370559 370558 370557 370556 370555 370554 370553 370552 370551 370550 370549 370548 370547 370546 370545 370544 370543 370542 370541 370540 370539 370538 370537 370536 370535 370534 370533 370532 370531 370530 370529 370528 370527 370526 370525 370524 370523 370522 370521 370520 370519 370518 370517 370516 370515 370514 370513 370512 370511 370510 370509 370508 370507 370506 370505 370504 370503 370502 370501 370500 370499 370498 370497 370496 370495 370494 370493 370492 370491 370490 370489 370488 370487 370486 370485 370484 370483 370482 370481 370480 370479 370478 370477 370476 370475 370474 370473 370472 370471 370470 370469 370468 370467 370466 370465 370464 370463 370462 370461 370460 370459 370458 370457 370456 370455 370454 370453 370452 370451 370450 370449 370448 370447 370446 370445 370444 370443 370442 370441 370440 370439 370438 370437 370436 370435 370434 370433 370432 370431 370430 370429 370428 370427 370426 370425 370424 370423 370422 370421 370420 370419 370418 370417 370416 370415 370414 370413 370412 370411 370410 370409 370408 370407 370406 370405 370404 370403 370402 370401 370400 370399 370398 370397 370396 370395 370394 370393 370392 370391 370390 370389 370388 370387 370386 370385 370384 370383 370382 370381 370380 370379 370378 370377 370376 370375 370374 370373 370372 370371 370370 370369 370368 370367 370366 370365 370364 370363 370362 370361 370360 370359 370358 370357 370356 370355 370354 370353 370352 370351 370350 370349 370348 370347 370346 370345 370344 370343 370342 370341 370340 370339 370338 370337 370336 370335 370334 370333 370332 370331 370330 370329 370328 370327 370326 370325 370324 370323 370322 370321 370320 370319 370318 370317 370316 370315 370314 370313 370312 370311 370310 370309 370308 370307 370306 370305 370304 370303 370302 370301 370300 370299 370298 370297 370296 370295 370294 370293 370292 370291 370290 370289 370288 370287 370286 370285 370284 370283 370282 370281 370280 370279 370278 370277 370276 370275 370274 370273 370272 370271 370270 370269 370268 370267 370266 370265 370264 370263 370262 370261 370260 370259 370258 370257 370256 370255 370254 370253 370252 370251 370250 370249 370248 370247 370246 370245 370244 370243 370242 370241 370240 370239 370238 370237 370236 370235 370234 370233 370232 370231 370230 370229 370228 370227 370226 370225 370224 370223 370222 370221 370220 370219 370218 370217 370216 370215 370214 370213 370212 370211 370210 370209 370208 370207 370206 370205 370204 370203 370202 370201 370200 370199 370198 370197 370196 370195 370194 370193 370192 370191 370190 370189 370188 370187 370186 370185 370184 370183 370182 370181 370180 370179 370178 370177 370176 370175 370174 370173 370172 370171 370170 370169 370168 370167 370166 370165 370164 370163 370162 370161 370160 370159 370158 370157 370156 370155 370154 370153 370152 370151 370150 370149 370148 370147 370146 370145 370144 370143 370142 370141 370140 370139 370138 370137 370136 370135 370134 370133 370132 370131 370130 370129 370128 370127 370126 370125 370124 370123 370122 370121 370120 370119 370118 370117 370116 370115 370114 370113 370112 370111 370110 370109 370108 370107 370106 370105 370104 370103 370102 370101 370100 370099 370098 370097 370096 370095 370094 370093 370092 370091 370090 370089 370088 370087 370086 370085
371542 371458 371459 371460 371461 371462 371463 371464 371465 371466 371467 371468 371469 371470 371471 371472 371473 371474 371475 371476 371477 371478 371479 371480 371481 371482 371483 371484 371485 371486 371487 371488 371489 371490 371491 371492 371493 371494 371495 371496 371497 371498 371499 371500 371501 371502 371503 371504 371505 371506 371507 371508 371509 371510 371511 371512 371513 371514 371515 371516 371517 371518 371519 371520 371521 371522 371523 371524 371525 371526 371527 371528 371529 371530 371531 371532 371533 371534 371535 371536 371537 371538 371539 371540 371541
371690 371689 371688 371687 371686 371685 371684 371683 371682 371681 371680 371679 371678 371677 371676 371675 371674 371673 371672 371671 371670 371669 371668 371667 371666 371665 371664 371663 371662 371661 371660 371659 371658 371657 371656 371655 371654 371653 371652 371651 371650 371649 371648 371647 371646 371645 371644 371643 371642 371641 371640 371639 371638 371637 371636 371635 371634 371633 371632 371631 371630 371629 371628 371627 371626 371625 371624 371623 371622 371621 371620 371619 371618 371617 371616 371615 371614 371613 371612 371611 371610 371609 371608 371607 371606 371605 371604 371603 371602 371601 371600 371599 371598 371597 371596 371595 371594 371593 371592 371591 371590 371589 371588 371587 371586 371585 371584 371583 371582 371581 371580 371579 371578 371577 371576 371575 371574 371573 371572 371571 371570 371569 371568 371567 371566 371565 371564 371563 371562
372822 372821 372820 372819 372818 372817 372816 372815 372814 372813 372812 372811 372810 372809 372808 372807 372806 372805 372804 372803 372802 372801 372800 372799 372798 372797 372796 372795 372794 372793 372792 372791 372790 372789 372788 372787 372786 372785 372784 372783 372782 372781 372780 372779 372778 372777 372776 372775 372774 372773 372772 372771 372770 372769 372768 372767 372766 372765 372764 372763 372762 372761 372760 372759 372758 372757 372756 372755 372754 372753 372752 372751 372750 372749 372748 372747 372746 372745 372744 372743 372742 372741 372740 372739 372738 372737 372736 372735 372734 372733 372732 372731 372730 372729 372728 372727 372726 372725 372724 372723 372722 372721 372720 372719 372718 372717 372716 372715 372714 372713 372712 372711 372710 372709 372708 372707 372706 372705 372704 372703 372702 372701 372700 372699 372698 372697 372696 372695 372694 372693 372692 372691 372690 372689 372688 372687 372686 372685 372684 372683 372682 372681 372680 372679 372678 372677 372676 372675 372674 372673 372672 372671 372670 372669 372668 372667 372666 372665 372664 372663 372662 372661 372660 372659 372658 372657 372656 372655 372654 372653 372652 372651 372650 372649 372648 372647 372646 372645 372644 372643 372642 372641 372640 372639 372638 372637 372636 372635 372634 372633 372632 372631 372630 372629 372628 372627 372626 372625 372624 372623 372622 372621 372620 372619 372618 372617 372616 372615 372614 372613 372612 372611 372610 372609 372608 372607 372606 372605 372604 372603 372602 372601 372600 372599 372598 372597 372596 372595 372594 372593 372592 372591 372590 372589 372588 372587 372586 372585 372584 372583 372582 372581 372580 372579 372578 372577 372576 372575 372574 372573 372572 372571 372570 372569 372568 372567 372566 372565 372564 372563 372562 372561 372560 372559 372558 372557 372556 372555 372554 372553 372552 372551 372550 372549 372548 372547 372546 372545 372544 372543 372542 372541 372540 372539 372538 372537 372536 372535 372534 372533 372532 372531 372530 372529 372528 372527 372526 372525 372524 372523 372522 372521 372520 372519 372518 372517 372516 372515 372514 372513 372512 372511 372510 372509 372508 372507 372506 372505 372504 372503 372502 372501 372500 372499 372498 372497 372496 372495 372494 372493 372492 372491 372490 372489 372488 372487 372486 372485 372484 372483 372482 372481 372480 372479 372478 372477 372476 372475 372474 372473 372472 372471 372470 372469 372468 372467 372466 372465 372464 372463 372462 372461 372460 372459 372458 372457 372456 372455 372454 372453 372452 372451 372450 372449 372448 372447 372446 372445 372444 372443 372442 372441 372440 372439 372438 372437 372436 372435 372434 372433 372432 372431 372430 372429 372428 372427 372426 372425 372424 372423 372422 372421 372420 372419 372418 372417 372416 372415 372414 372413 372412 372411 372410 372409 372408 372407 372406 372405 372404 372403 372402 372401 372400 372399 372398 372397 372396 372395 372394 372393 372392 372391 372390 372389 372388 372387 372386 372385 372384 372383 372382 372381 372380 372379 372378 372377 372376 372375 372374 372373 372372 372371 372370 372369 372368 372367 372366 372365 372364 372363 372362 372361 372360 372359 372358 372357 372356 372355 372354 372353 372352 372351 372350 372349 372348 372347 372346 372345 372344 372343 372342 372341 372340 372339 372338 372337 372336 372335 372334 372333 372332 372331 372330 372329 372328 372327 372326 372325 372324 372323 372322 372321 372320 372319 372318 372317 372316 372315 372314 372313 372312 372311 372310 372309 372308 372307 372306 372305 372304 372303 372302 372301 372300 372299 372298 372297 372296 372295 372294 372293 372292 372291 372290 372289 372288 372287 372286 372285 372284 372283 372282 372281 372280 372279 372278 372277 372276 372275 372274 372273 372272 372271 372270 372269 372268 372267 372266 372265 372264 372263 372262 372261 372260 372259 372258 372257 372256 372255 372254 372253 372252 372251 372250 372249 372248 372247 372246 372245 372244 372243 372242 372241 372240 372239 372238 372237 372236 372235 372234 372233 372232 372231 372230 372229 372228 372227 372226 372225 372224 372223 372222 372221 372220 372219 372218 372217 372216 372215 372214 372213 372212 372211 372210 372209 372208 372207 372206 372205 372204 372203 372202 372201 372200 372199 372198 372197 372196 372195 372194 372193 372192 372191 372190 372189 372188 372187 372186 372185 372184 372183 372182 372181 372180 372179 372178 372177 372176 372175 372174 372173 372172 372171 372170 372169 372168 372167 372166 372165 372164 372163 372162 372161 372160 372159 372158 372157 372156 372155 372154 372153 372152 372151 372150 372149 372148 372147 372146 372145 372144 372143 372142 372141 372140 372139 372138 372137 372136 372135 372134 372133 372132 372131 372130 372129 372128 372127 372126 372125 372124 372123 372122 372121 372120 372119 372118 372117 372116 372115 372114 372113 372112 372111 372110 372109 372108 372107 372106 372105 372104 372103 372102 372101 372100 372099 372098 372097 372096 372095 372094 372093 372092 372091 372090 372089 372088 372087 372086 372085 372084 372083 372082 372081 372080 372079 372078 372077 372076 372075 372074 372073 372072 372071 372070 372069 372068 372067 372066 372065 372064 372063 372062 372061 372060 372059 372058 372057 372056 372055 372054 372053 372052 372051 372050 372049 372048 372047 372046 372045 372044 372043 372042 372041 372040 372039 372038 372037 372036 372035 372034 372033 372032 372031 372030 372029 372028 372027 372026 372025 372024 372023 372022 372021 372020 372019 372018 372017 372016 372015 372014 372013 372012 372011 372010 372009 372008 372007 372006 372005 372004 372003 372002 372001 372000 371999 371998 371997 371996 371995 371994 371993 371992 371991 371990 371989 371988 371987 371986 371985 371984 371983 371982 371981 371980 371979 371978 371977 371976 371975 371974 371973 371972 371971 371970 371969 371968 371967 371966 371965 371964 371963 371962 371961 371960 371959 371958 371957 371956 371955 371954 371953 371952 371951 371950 371949 371948 371947 371946 371945 371944 371943 371942 371941 371940 371939 371938 371937 371936 371935 371934 371933 371932 371931 371930 371929 371928 371927 371926 371925 371924 371923 371922 371921 371920 371919 371918 371917 371916 371915 371914 371913 371912 371911 371910 371909 371908 371907 371906 371905 371904 371903 371902 371901 371900 371899 371898 371897 371896 371895 371894 371893 371892 371891 371890 371889 371888 371887 371886 371885 371884 371883 371882 371881 371880 371879 371878 371877 371876 371875 371874 371873 371872 371871 371870 371869 371868 371867 371866 371865 371864 371863 371862 371861 371860 371859 371858 371857 371856 371855 371854 371853 371852 371851 371850 371849 371848 371847 371846 371845 371844 371843 371842 371841 371840 371839 371838 371837 371836 371835 371834 371833 371832 371831 371830 371829 371828 371827 371826 371825 371824 371823 371822 371821 371820 371819 371818 371817 371816 371815 371814 371813 371812 371811 371810 371809 371808 371807 371806 371805 371804 371803 371802 371801 371800 371799 371798 371797 371796 371795 371794
374208 374207 374206 374205 374204 374203 374202 374201 374200 374199 374198 374197 374196 374195 374194 374193 374192 374191 374190 374189 374188 374187 374186 374185 374184 374183 374182 374181 374180 374179 374178 374177 374176 374175 374174 374173 374172 374171 374170 374169 374168 374167 374166 374165 374164 374163 374162 374161 374160 374159 374158 374157 374156 374155 374154 374153 374152 374151 374150 374149 374148 374147 374146 374145 374144 374143 374142 374141 374140 374139 374138 374137 374136 374135 374134 374133 374132 374131 374130 374129 374128 374127 374126 374125 374124 374123 374122 374121 374120 374119 374118 374117 374116 374115 374114 374113 374112 374111 374110 374109 374108 374107 374106 374105 374104 374103 374102 374101 374100 374099 374098 374097 374096 374095 374094 374093 374092 374091 374090 374089 374088 374087 374086 374085 374084 374083 374082 374081 374080 374079 374078 374077 374076 374075 374074 374073 374072 374071 374070 374069 374068 374067 374066 374065 374064 374063 374062 374061 374060 374059 374058 374057 374056 374055 374054 374053 374052 374051 374050 374049 374048 374047 374046 374045 374044 374043 374042 374041 374040 374039 374038 374037 374036 374035 374034 374033 374032 374031 374030 374029 374028 374027 374026 374025 374024 374023 374022 374021 374020 374019 374018 374017 374016 374015 374014 374013 374012 374011 374010 374009 374008 374007 374006 374005 374004 374003 374002 374001 374000 373999 373998 373997 373996 373995 373994 373993 373992 373991 373990 373989 373988 373987 373986 373985 373984 373983 373982 373981 373980 373979 373978 373977 373976 373975 373974 373973 373972 373971 373970 373969 373968 373967 373966 373965 373964 373963 373962 373961 373960 373959 373958 373957 373956 373955 373954 373953 373952 373951 373950 373949 373948 373947 373946 373945 373944 373943 373942 373941 373940 373939 373938 373937 373936 373935 373934 373933 373932 373931 373930 373929 373928 373927 373926 373925 373924 373923 373922 373921 373920 373919 373918 373917 373916 373915 373914 373913 373912 373911 373910 373909 373908 373907 373906 373905 373904 373903 373902 373901 373900 373899 373898 373897 373896 373895 373894 373893 373892 373891 373890 373889 373888 373887 373886 373885 373884 373883 373882 373881 373880 373879 373878 373877 373876 373875 373874 373873 373872 373871 373870 373869 373868 373867 373866 373865 373864 373863 373862 373861 373860 373859 373858 373857 373856 373855 373854 373853 373852 373851 373850 373849 373848 373847 373846 373845 373844 373843 373842 373841 373840 373839 373838 373837 373836 373835 373834 373833 373832 373831 373830 373829 373828 373827 373826 373825 373824 373823 373822 373821 373820 373819 373818 373817 373816 373815 373814 373813 373812 373811 373810 373809 373808 373807 373806 373805 373804 373803 373802 373801 373800 373799 373798 373797 373796 373795 373794 373793 373792 373791 373790 373789 373788 373787 373786 373785 373784 373783 373782 373781 373780 373779 373778 373777 373776 373775 373774 373773 373772 373771 373770 373769 373768 373767 373766 373765 373764 373763 373762 373761 373760 373759 373758 373757 373756 373755 373754 373753 373752 373751 373750 373749 373748 373747 373746 373745 373744 373743 373742 373741 373740 373739 373738 373737 373736 373735 373734 373733 373732 373731 373730 373729 373728 373727 373726 373725 373724 373723 373722 373721 373720 373719 373718 373717 373716 373715 373714 373713 373712 373711 373710 373709 373708 373707 373706 373705 373704 373703 373702 373701 373700 373699 373698 373697 373696 373695 373694 373693 373692 373691 373690 373689 373688 373687 373686 373685 373684 373683 373682 373681 373680 373679 373678 373677 373676 373675 373674 373673 373672 373671 373670 373669 373668 373667 373666 373665 373664 373663 373662 373661 373660 373659 373658 373657 373656 373655 373654 373653 373652 373651 373650 373649 373648 373647 373646 373645 373644 373643 373642 373641 373640 373639 373638 373637 373636 373635 373634 373633 373632 373631 373630 373629 373628 373627 373626 373625 373624 373623 373622 373621 373620 373619 373618 373617 373616 373615 373614 373613 373612 373611 373610 373609 373608 373607 373606 373605 373604 373603 373602 373601 373600 373599 373598 373597 373596 373595 373594 373593 373592 373591 373590 373589 373588 373587 373586 373585 373584 373583 373582 373581 373580 373579 373578 373577 373576 373575 373574 373573 373572 373571 373570 373569 373568 373567 373566 373565 373564 373563 373562 373561 373560 373559 373558 373557 373556 373555 373554 373553 373552 373551 373550 373549 373548 373547 373546 373545 373544 373543 373542 373541 373540 373539 373538 373537 373536 373535 373534 373533 373532 373531 373530 373529 373528 373527 373526 373525 373524 373523 373522 373521 373520 373519 373518 373517 373516 373515 373514 373513 373512 373511 373510 373509 373508 373507 373506 373505 373504 373503 373502 373501 373500 373499 373498 373497 373496 373495 373494 373493 373492 373491 373490 373489 373488 373487 373486 373485 373484 373483 373482 373481 373480 373479 373478 373477 373476 373475 373474 373473 373472 373471 373470 373469 373468 373467 373466 373465 373464 373463 373462 373461 373460 373459 373458 373457 373456 373455 373454 373453 373452 373451 373450 373449 373448 373447 373446 373445 373444 373443 373442 373441 373440 373439 373438 373437 373436 373435 373434 373433 373432 373431 373430 373429 373428 373427 373426 373425 373424 373423 373422 373421 373420 373419 373418 373417 373416 373415 373414 373413 373412 373411 373410 373409 373408 373407 373406 373405 373404 373403 373402 373401 373400 373399 373398 373397 373396 373395 373394 373393 373392 373391 373390 373389 373388 373387 373386 373385 373384 373383 373382 373381 373380 373379 373378 373377 373376 373375 373374 373373 373372 373371 373370 373369 373368 373367 373366 373365 373364 373363 373362 373361 373360 373359 373358 373357 373356 373355 373354 373353 373352 373351 373350 373349 373348 373347 373346 373345 373344 373343 373342 373341 373340 373339 373338 373337 373336 373335 373334 373333 373332 373331 373330 373329 373328 373327 373326 373325 373324 373323 373322 373321 373320 373319 373318 373317 373316 373315 373314 373313 373312 373311 373310 373309 373308 373307 373306 373305 373304 373303 373302 373301 373300 373299 373298 373297 373296 373295 373294 373293 373292 373291 373290 373289 373288 373287 373286 373285 373284 373283 373282 373281 373280 373279 373278 373277 373276 373275 373274 373273 373272 373271 373270 373269 373268 373267 373266 373265 373264 373263 373262 373261 373260 373259 373258 373257 373256 373255 373254 373253 373252 373251 373250 373249 373248 373247 373246 373245 373244 373243 373242 373241 373240 373239 373238 373237 373236 373235 373234 373233 373232 373231 373230 373229 373228 373227 373226 373225 373224 373223 373222 373221 373220 373219 373218 373217 373216 373215 373214 373213 373212 373211 373210 373209 373208 373207 373206 373205 373204 373203 373202 373201 373200 373199 373198 373197 373196 373195 373194 373193 373192 373191 373190 373189 373188 373187 373186 373185 373184 373183 373182 373181 373180
374564 374559 55988 374557
374565 374563 55988 374561
374654 374570 374571 374572 374573 374574 374575 374576 374577 374578 374579 374580 374581 374582 374583 374584 374585 374586 374587 374588 374589 374590 374591 374592 374593 374594 374595 374596 374597 374598 374599 374600 374601 374602 374603 374604 374605 374606 374607 374608 374609 374610 374611 374612 374613 374614 374615 374616 374617 374618 374619 374620 374621 374622 374623 374624 374625 374626 374627 374628 374629 374630 374631 374632 374633 374634 374635 374636 374637 374638 374639 374640 374641 374642 374643 374644 374645 374646 374647 374648 374649 374650 374651 374652 374653
374737 374732 55988 374730
374738 374736 55988 374734
377049 362381 362382 362383 362384 362385 362386 362387 362388 362389 362390 362391 362392 362393 362394 362395 362396 362397 362398 362399 362400 362401 362402 362403 362404 362405 362406 362407 362408 362409 362410 362411 362412 362413 362414 362415 362416 362417 362418 362419 362420 362421 362422 362423 362424 362425 362426 362427 362428 362429 362430 362431 362432 362433 362434 362435 362436 362437 362438 362439 362440 362441 362442 362443 362444 362445 362446 362447 362448 362449 362450 362451 362452 362453 362454 362455 362456 362457 362458 362459 362460 362461 362462 362463 362464
377050 1 1 1 1 1 1 1 1 1 1 1 1 1 1 1 1 1 1 1 1 1 1 1 1 1 1 1 1 1 1 1 1 1 1 1 1 1 1 1 1 1 1 1 1 1 1 1 1 1 1 1 1 1 1 1 1 1 1 1 1 1 1 1 1 1 1 1 1 1 1 1 1 1 1 1 1 1 1 1 1 1 1 1 1
377052 377041 377042 377043 377044 377045 377046 377047 377048
377053 1 1 1 1 1 1 1 1
377055 1 377017 377018 377019 377020 377021 377022 377023 377024
377056 1 377041 377042 377043 377044 377045 377046 377047 377048
377062 377017 377018 377019 377020 377021 377022 377023 377024
377063 1 1 1 1 1 1 1 4
378690 378354 378355 378356 378357 378358 378359 378360 378361 378362 378363 378364 378365 378366 378367 378368 378369 378370 378371 378372 378373 378374 378375 378376 378377 378378 378379 378380 378381 378382 378383 378384 378385 378386 378387 378388 378389 378390 378391 378392 378393 378394 378395 378396 378397 378398 378399 378400 378401 378402 378403 378404 378405 378406 378407 378408 378409 378410 378411 378412 378413 378414 378415 378416 378417 378418 378419 378420 378421 378422 378423 378424 378425 378426 378427 378428 378429 378430 378431 378432 378433 378434 378435 378436 378437 378438 378439 378440 378441 378442 378443 378444 378445 378446 378447 378448 378449 378450 378451 378452 378453 378454 378455 378456 378457 378458 378459 378460 378461 378462 378463 378464 378465 378466 378467 378468 378469 378470 378471 378472 378473 378474 378475 378476 378477 378478 378479 378480 378481 378482 378483 378484 378485 378486 378487 378488 378489 378490 378491 378492 378493 378494 378495 378496 378497 378498 378499 378500 378501 378502 378503 378504 378505 378506 378507 378508 378509 378510 378511 378512 378513 378514 378515 378516 378517 378518 378519 378520 378521 378522 378523 378524 378525 378526 378527 378528 378529 378530 378531 378532 378533 378534 378535 378536 378537 378538 378539 378540 378541 378542 378543 378544 378545 378546 378547 378548 378549 378550 378551 378552 378553 378554 378555 378556 378557 378558 378559 378560 378561 378562 378563 378564 378565 378566 378567 378568 378569 378570 378571 378572 378573 378574 378575 378576 378577 378578 378579 378580 378581 378582 378583 378584 378585 378586 378587 378588 378589 378590 378591 378592 378593 378594 378595 378596 378597 378598 378599 378600 378601 378602 378603 378604 378605 378606 378607 378608 378609 378610 378611 378612 378613 378614 378615 378616 378617 378618 378619 378620 378621 378622 378623 378624 378625 378626 378627 378628 378629 378630 378631 378632 378633 378634 378635 378636 378637 378638 378639 378640 378641 378642 378643 378644 378645 378646 378647 378648 378649 378650 378651 378652 378653 378654 378655 378656 378657 378658 378659 378660 378661 378662 378663 378664 378665 378666 378667 378668 378669 378670 378671 378672 378673 378674 378675 378676 378677 378678 378679 378680 378681 378682 378683 378684 378685 378686 378687 378688 378689
378835 378834 378833 378832 378831 378830 378829 378828 378827 378826 378825 378824 378823 378822 378821 378820 378819 378818 378817 378816 378815 378814 378813 378812 378811 378810 378809 378808 378807 378806 378805 378804 378803 378802 378801 378800 378799 378798 378797 378796 378795 378794 378793 378792 378791 378790 378789 378788 378787 378786 378785 378784 378783 378782 378781 378780 378779 378778 378777 378776 378775 378774 378773 378772 378771 378770 378769 378768 378767 378766 378765 378764 378763 378762 378761 378760 378759 378758 378757 378756 378755 378754 378753 378752 378751 378750 378749 378748 378747 378746 378745 378744 378743 378742 378741 378740 378739 378738 378737 378736 378735 378734 378733 378732 378731 378730 378729 378728 378727 378726 378725 378724 378723 378722 378721 378720 378719 378718 378717 378716 378715 378714 378713 378712 378711 378710 378709 378708 378707
379967 379966 379965 379964 379963 379962 379961 379960 379959 379958 379957 379956 379955 379954 379953 379952 379951 379950 379949 379948 379947 379946 379945 379944 379943 379942 379941 379940 379939 379938 379937 379936 379935 379934 379933 379932 379931 379930 379929 379928 379927 379926 379925 379924 379923 379922 379921 379920 379919 379918 379917 379916 379915 379914 379913 379912 379911 379910 379909 379908 379907 379906 379905 379904 379903 379902 379901 379900 379899 379898 379897 379896 379895 379894 379893 379892 379891 379890 379889 379888 379887 379886 379885 379884 379883 379882 379881 379880 379879 379878 379877 379876 379875 379874 379873 379872 379871 379870 379869 379868 379867 379866 379865 379864 379863 379862 379861 379860 379859 379858 379857 379856 379855 379854 379853 379852 379851 379850 379849 379848 379847 379846 379845 379844 379843 379842 379841 379840 379839 379838 379837 379836 379835 379834 379833 379832 379831 379830 379829 379828 379827 379826 379825 379824 379823 379822 379821 379820 379819 379818 379817 379816 379815 379814 379813 379812 379811 379810 379809 379808 379807 379806 379805 379804 379803 379802 379801 379800 379799 379798 379797 379796 379795 379794 379793 379792 379791 379790 379789 379788 379787 379786 379785 379784 379783 379782 379781 379780 379779 379778 379777 379776 379775 379774 379773 379772 379771 379770 379769 379768 379767 379766 379765 379764 379763 379762 379761 379760 379759 379758 379757 379756 379755 379754 379753 379752 379751 379750 379749 379748 379747 379746 379745 379744 379743 379742 379741 379740 379739 379738 379737 379736 379735 379734 379733 379732 379731 379730 379729 379728 379727 379726 379725 379724 379723 379722 379721 379720 379719 379718 379717 379716 379715 379714 379713 379712 379711 379710 379709 379708 379707 379706 379705 379704 379703 379702 379701 379700 379699 379698 379697 379696 379695 379694 379693 379692 379691 379690 379689 379688 379687 379686 379685 379684 379683 379682 379681 379680 379679 379678 379677 379676 379675 379674 379673 379672 379671 379670 379669 379668 379667 379666 379665 379664 379663 379662 379661 379660 379659 379658 379657 379656 379655 379654 379653 379652 379651 379650 379649 379648 379647 379646 379645 379644 379643 379642 379641 379640 379639 379638 379637 379636 379635 379634 379633 379632 379631 379630 379629 379628 379627 379626 379625 379624 379623 379622 379621 379620 379619 379618 379617 379616 379615 379614 379613 379612 379611 379610 379609 379608 379607 379606 379605 379604 379603 379602 379601 379600 379599 379598 379597 379596 379595 379594 379593 379592 379591 379590 379589 379588 379587 379586 379585 379584 379583 379582 379581 379580 379579 379578 379577 379576 379575 379574 379573 379572 379571 379570 379569 379568 379567 379566 379565 379564 379563 379562 379561 379560 379559 379558 379557 379556 379555 379554 379553 379552 379551 379550 379549 379548 379547 379546 379545 379544 379543 379542 379541 379540 379539 379538 379537 379536 379535 379534 379533 379532 379531 379530 379529 379528 379527 379526 379525 379524 379523 379522 379521 379520 379519 379518 379517 379516 379515 379514 379513 379512 379511 379510 379509 379508 379507 379506 379505 379504 379503 379502 379501 379500 379499 379498 379497 379496 379495 379494 379493 379492 379491 379490 379489 379488 379487 379486 379485 379484 379483 379482 379481 379480 379479 379478 379477 379476 379475 379474 379473 379472 379471 379470 379469 379468 379467 379466 379465 379464 379463 379462 379461 379460 379459 379458 379457 379456 379455 379454 379453 379452 379451 379450 379449 379448 379447 379446 379445 379444 379443 379442 379441 379440 379439 379438 379437 379436 379435 379434 379433 379432 379431 379430 379429 379428 379427 379426 379425 379424 379423 379422 379421 379420 379419 379418 379417 379416 379415 379414 379413 379412 379411 379410 379409 379408 379407 379406 379405 379404 379403 379402 379401 379400 379399 379398 379397 379396 379395 379394 379393 379392 379391 379390 379389 379388 379387 379386 379385 379384 379383 379382 379381 379380 379379 379378 379377 379376 379375 379374 379373 379372 379371 379370 379369 379368 379367 379366 379365 379364 379363 379362 379361 379360 379359 379358 379357 379356 379355 379354 379353 379352 379351 379350 379349 379348 379347 379346 379345 379344 379343 379342 379341 379340 379339 379338 379337 379336 379335 379334 379333 379332 379331 379330 379329 379328 379327 379326 379325 379324 379323 379322 379321 379320 379319 379318 379317 379316 379315 379314 379313 379312 379311 379310 379309 379308 379307 379306 379305 379304 379303 379302 379301 379300 379299 379298 379297 379296 379295 379294 379293 379292 379291 379290 379289 379288 379287 379286 379285 379284 379283 379282 379281 379280 379279 379278 379277 379276 379275 379274 379273 379272 379271 379270 379269 379268 379267 379266 379265 379264 379263 379262 379261 379260 379259 379258 379257 379256 379255 379254 379253 379252 379251 379250 379249 379248 379247 379246 379245 379244 379243 379242 379241 379240 379239 379238 379237 379236 379235 379234 379233 379232 379231 379230 379229 379228 379227 379226 379225 379224 379223 379222 379221 379220 379219 379218 379217 379216 379215 379214 379213 379212 379211 379210 379209 379208 379207 379206 379205 379204 379203 379202 379201 379200 379199 379198 379197 379196 379195 379194 379193 379192 379191 379190 379189 379188 379187 379186 379185 379184 379183 379182 379181 379180 379179 379178 379177 379176 379175 379174 379173 379172 379171 379170 379169 379168 379167 379166 379165 379164 379163 379162 379161 379160 379159 379158 379157 379156 379155 379154 379153 379152 379151 379150 379149 379148 379147 379146 379145 379144 379143 379142 379141 379140 379139 379138 379137 379136 379135 379134 379133 379132 379131 379130 379129 379128 379127 379126 379125 379124 379123 379122 379121 379120 379119 379118 379117 379116 379115 379114 379113 379112 379111 379110 379109 379108 379107 379106 379105 379104 379103 379102 379101 379100 379099 379098 379097 379096 379095 379094 379093 379092 379091 379090 379089 379088 379087 379086 379085 379084 379083 379082 379081 379080 379079 379078 379077 379076 379075 379074 379073 379072 379071 379070 379069 379068 379067 379066 379065 379064 379063 379062 379061 379060 379059 379058 379057 379056 379055 379054 379053 379052 379051 379050 379049 379048 379047 379046 379045 379044 379043 379042 379041 379040 379039 379038 379037 379036 379035 379034 379033 379032 379031 379030 379029 379028 379027 379026 379025 379024 379023 379022 379021 379020 379019 379018 379017 379016 379015 379014 379013 379012 379011 379010 379009 379008 379007 379006 379005 379004 379003 379002 379001 379000 378999 378998 378997 378996 378995 378994 378993 378992 378991 378990 378989 378988 378987 378986 378985 378984 378983 378982 378981 378980 378979 378978 378977 378976 378975 378974 378973 378972 378971 378970 378969 378968 378967 378966 378965 378964 378963 378962 378961 378960 378959 378958 378957 378956 378955 378954 378953 378952 378951 378950 378949 378948 378947 378946 378945 378944 378943 378942 378941 378940 378939
380401 380317 380318 380319 380320 380321 380322 380323 380324 380325 380326 380327 380328 380329 380330 380331 380332 380333 380334 380335 380336 380337 380338 380339 380340 380341 380342 380343 380344 380345 380346 380347 380348 380349 380350 380351 380352 380353 380354 380355 380356 380357 380358 380359 380360 380361 380362 380363 380364 380365 380366 380367 380368 380369 380370 380371 380372 380373 380374 380375 380376 380377 380378 380379 380380 380381 380382 380383 380384 380385 380386 380387 380388 380389 380390 380391 380392 380393 380394 380395 380396 380397 380398 380399 380400
381290 377074 377075 377076 377077 377078 377079 377080 377081 377082 377083 377084 377085 377086 377087 377088 377089 377090 377091 377092 377093 377094 377095 377096 377097 377098 377099 377100 377101 377102 377103 377104 377105 377106 377107 377108 377109 377110 377111 377112 377113 377114 377115 377116 377117 377118 377119 377120 377121 377122 377123 377124 377125 377126 377127 377128 377129 377130 377131 377132 377133 377134 377135 377136 377137 377138 377139 377140 377141 377142 377143 377144 377145 377146 377147 377148 377149 377150 377151 377152 377153 377154 377155 377156 377157
381291 1 1 1 1 1 1 1 1 1 1 1 1 1 1 1 1 1 1 1 1 1 1 1 1 1 1 1 1 1 1 1 1 1 1 1 1 1 1 1 1 1 1 1 1 1 1 1 1 1 1 1 1 1 1 1 1 1 1 1 1 1 1 1 1 1 1 1 1 1 1 1 1 1 1 1 1 1 1 1 1 1 1 1 1
381293 381282 381283 381284 381285 381286 381287 381288 381289
381294 1 1 1 1 1 1 1 1
381296 1 381258 381259 381260 381261 381262 381263 381264 381265
381297 1 381282 381283 381284 381285 381286 381287 381288 381289
381527 381258 381259 381260 381261 381262 381263 381264 381265
381528 1 1 1 1 1 1 1 4
381546 381545 391849 391850
381547 1 1 1
382276 382255 382256 382253 382254
382277 33 33 33 33
382405 382255 382256 382253 382254 382251 382252 382249 382250
382406 33 33 33 33 33 33 33 33
382450 382449 382447
382451 1 42
382455 382454 382447
382456 1 6778
382460 382459 382447
382461 1 11
382465 382464 382447
382466 1 5
382470 382469 382447
382471 1 37
382475 382474 382447
382476 4 1
382480 382479 382447
382481 4 4
382485 382484 382447
382486 4 41
382490 382489 382447
382491 4 2
382495 382494 382447
382496 4 42
382500 382499 382447
382501 4 6778
382505 382504 382447
382506 4 11
382510 382509 382447
382511 4 5
382515 382514 382447
382516 4 37
382520 382519 382447
382521 4 43
382525 382524 382447
382526 4 6779
382530 382529 382447
382531 4 6780
382535 382534 382447
382536 4 6781
382540 382539 382447
382541 4 44
382545 382544 382447
382546 4 6782
382550 382549 382447
382551 4 33
382631 382232 382232 382232 382232 382232 382232 382232 382232 382232 382232 382232 382232 382232 382232 382232 382232 8 8 8 8 8 8 8 382237 382237 382237 382232 382232 382237 8 382237 382242
382655 382205 382189 382173 382157 382141 382125 382109 382093 382077 382061 382045 382029 382013 381997 381981 381965 1 1 1 1 1 1 1 381646 381888 382654 381949 381933 381631 1 1 381608
382656 382206 382190 382174 382158 382142 382126 382110 382094 382078 382062 382046 382030 382014 381998 381982 381966 1 1 1 1 1 1 1 381647 381889 382652 381950 381934 381629 1 1 381606
382657 382201 382185 382169 382153 382137 382121 382105 382089 382073 382057 382041 382025 382009 381993 381977 381961 1 1 1 1 1 1 1 381648 381892 382649 381945 381929 381626 1 1 381603
382658 382202 382186 382170 382154 382138 382122 382106 382090 382074 382058 382042 382026 382010 381994 381978 381962 1 1 1 1 1 1 1 381649 381893 382646 381946 381930 381623 1 382638 381600
382659 382197 382181 382165 382149 382133 382117 382101 382085 382069 382053 382037 382021 382005 381989 381973 381957 1 1 1 1 1 1 1 382290 381894 382643 381941 381925 381620 1 1 381597
382660 382198 382182 382166 382150 382134 382118 382102 382086 382070 382054 382038 382022 382006 381990 381974 381958 1 1 1 1 1 1 1 382288 381895 382640 381942 381926 381617 1 382636 381594
382661 382193 382177 382161 382145 382129 382113 382097 382081 382065 382049 382033 382017 382001 381985 381969 381953 1 1 1 1 1 1 1 382285 381896 1 381937 381921 381614 1 6779 381591
382662 382194 382178 382162 382146 382130 382114 382098 382082 382066 382050 382034 382018 382002 381986 381970 381954 1 1 1 1 1 1 1 382282 381897 41 381938 381922 381611 1 41 381588
382902 382901 37220 37219
382903 1 1 1
385293 385292 383037 383038
385294 2 33 33
385301 385300 383039 383040
385302 2 33 33
386548 386547 383037 383038
386549 2 33 33
386554 386553 383039 383040
386555 2 33 33
391038 391033 391037
391039 41 1
391049 391044 391048
391050 41 4
391060 391055 391059
391061 11 37
391071 391066 391070
391072 11 43
391082 391077 391081
391083 11 6779
391093 391088 391092
391094 11 6780
391104 391099 391103
391105 11 6781
391115 391110 391114
391116 11 44
391126 391121 391125
391127 11 6782
391137 391132 391136
391138 11 33
391148 391143 391147
391149 5 1
391176 383024 383024 383024 383024 383024 383024 383024 383024 383024 383024 383024 383024 383024 383024 383024 383024 383024 383024 383024 383024 383024 383024 383024 383024 383024 383024 383024 383024 383024 383024 383024 383024 383024 383024 383024 383024 383024 383024 383024 383024 383024 383024 383024 383024 383024 383024 383024 383024 383024 383024 383024 383024 383024 383024 383024 383024 383024 383024 383024 383024 383024 383024 383024 383024 383024 383024 383024 383024 383024 383024 383024 383024 383024 383024 383024 383024 383024 383024 383024 383024 383024 383024 383024 383024 383024 383024 383024 383024 383024 383024 383024 383024 383024 383024 383024 383024 383024 383024 383024 383024 383024 383024 383024 383024 383024 383024 383024 383024 383024 383024 383024 383024 383024 383024 383024 383024 383024 383024 383024 383024 383024 383024 383024 383024 383024 383024 383024 383024 8 8 8 8 8 8 8 8 8 8 8 8 8 8 8 383024 383024 383024 383024 383024 383024 383024 383024 383024 383024 8 8 8 8 8 8 383024 8 8 8 8 8 8 8 8 8 8 8 8 8 8 8 8 8 8 8 8 8 8 8 8 8 8 8 8 8 8 8 8 8 8 8 8 8 8 8 8 8 8 8 8 8 8 8 8 8 8 8 8 8 8 8 8 8 8 8 8 8 8 383024 383024 8 8 8 8 8 8 8 8 8 8 8 8 8 8 8 8 8 8 8 8 8 383023 383023 383023 383023 383023 383023 383023 383023 383023 383023 383023
391186 388381 390805 384360 385417 387733 389085 383152 384952 383376 389677 387453 386433 384784 390325 388213 387677 390269 384504 386289 387061 389621 383208 384896 391029 389141 387397 385361 384080 390861 388157 385897 385529 388045 390973 384616 385064 387341 389253 383320 384136 390917 389789 387621 386009 384304 390125 388437 387509 389733 384840 386489 386949 389197 383432 385008 390605 388749 387845 385473 383856 390437 388581 385953 385176 386893 390013 383968 385641 387229 389453 383656 383712 390069 388861 387117 386725 384248 390661 388805 386837 388973 383600 386065 387285 389509 383264 385697 389901 388269 386545 385288 384192 390549 388325 386669 385120 387173 389397 383912 385585 387789 388917 383544 384024 389845 388693 386781 386613 384560 389957 388637 387005 389029 383488 385753 387565 389565 383096 385232 390381 388101 386177 384728 384672 390493 387989 386121 386233 1 1 1 1 1 1 1 1 1 1 1 1 1 1 1 381949 382205 382173 382141 382109 382077 382045 382013 381981 382936 1 1 1 1 1 1 1 1 1 1 1 1 1 1 1 1 1 1 1 1 1 1 1 1 1 1 1 1 1 1 1 1 1 1 1 1 1 1 1 1 1 1 1 1 1 1 1 1 1 1 1 1 1 1 1 1 1 1 1 1 1 1 1 1 1 1 1 1 1 1 1 1 1 1 1 1 1 1 1 1 1 1 1 1 1 1 1 1 1 1 1 1 1 4 5 33 4 1 33 42 33 1 1
391187 388379 390803 384358 385415 387731 389083 383150 384950 383374 389675 387451 386431 384782 390323 388211 387675 390267 384502 386287 387059 389619 383206 384894 391027 389139 387395 385359 384078 390859 388155 385895 385527 388043 390971 384614 385062 387339 389251 383318 384134 390915 389787 387619 386007 384302 390123 388435 387507 389731 384838 386487 386947 389195 383430 385006 390603 388747 387843 385471 383854 390435 388579 385951 385174 386891 390011 383966 385639 387227 389451 383654 383710 390067 388859 387115 386723 384246 390659 388803 386835 388971 383598 386063 387283 389507 383262 385695 389899 388267 386543 385286 384190 390547 388323 386667 385118 387171 389395 383910 385583 387787 388915 383542 384022 389843 388691 386779 386611 384558 389955 388635 387003 389027 383486 385751 387563 389563 383094 385230 390379 388099 386175 384726 384670 390491 387987 386119 386231 1 1 1 1 1 1 1 1 1 1 1 1 1 1 1 381950 382206 382174 382142 382110 382078 382046 382014 381982 382937 1 1 1 1 1 1 1 1 1 1 1 1 1 1 1 1 1 1 1 1 1 1 1 1 1 1 1 1 1 1 1 1 1 1 1 1 1 1 1 1 1 1 1 1 1 1 1 1 1 1 1 1 1 1 1 1 1 1 1 1 1 1 1 1 1 1 1 1 1 1 1 1 1 1 1 1 1 1 1 1 1 1 1 1 1 1 1 1 1 1 1 1 1 1 6780 4 1 1 6782 1 4 33 2
391188 388374 390798 384353 385410 387726 389078 383145 384945 383369 389670 387446 386426 384777 390318 388206 387670 390262 384497 386282 387054 389614 383201 384889 391022 389134 387390 385354 384073 390854 388150 385890 385522 388038 390966 384609 385057 387334 389246 383313 384129 390910 389782 387614 386002 384297 390118 388430 387502 389726 384833 386482 386942 389190 383425 385001 390598 388742 387838 385466 383849 390430 388574 385946 385169 386886 390006 383961 385634 387222 389446 383649 383705 390062 388854 387110 386718 384241 390654 388798 386830 388966 383593 386058 387278 389502 383257 385690 389894 388262 386538 385281 384185 390542 388318 386662 385113 387166 389390 383905 385578 387782 388910 383537 384017 389838 388686 386774 386606 384553 389950 388630 386998 389022 383481 385746 387558 389558 383089 385225 390374 388094 386170 384721 384665 390486 387982 386114 386226 1 1 1 1 1 1 1 1 1 1 1 1 1 1 1 381945 382201 382169 382137 382105 382073 382041 382009 381977 382938 1 1 1 1 1 1 1 1 1 1 1 1 1 1 1 1 1 1 1 1 1 1 1 1 1 1 1 1 1 1 1 1 1 1 1 1 1 1 1 1 1 1 1 1 1 1 1 1 1 1 1 1 1 1 1 1 1 1 1 1 1 1 1 1 1 1 1 1 1 1 1 1 1 1 1 1 1 1 1 1 1 1 1 1 1 1 1 1 1 1 1 1 1 1 41 42 1 1 1 1 42 33 37
391189 388372 390796 384351 385408 387724 389076 383143 384943 383367 389668 387444 386424 384775 390316 388204 387668 390260 384495 386280 387052 389612 383199 384887 391020 389132 387388 385352 384071 390852 388148 385888 385520 388036 390964 384607 385055 387332 389244 383311 384127 390908 389780 387612 386000 384295 390116 388428 387500 389724 384831 386480 386940 389188 383423 384999 390596 388740 387836 385464 383847 390428 388572 385944 385167 386884 390004 383959 385632 387220 389444 383647 383703 390060 388852 387108 386716 384239 390652 388796 386828 388964 383591 386056 387276 389500 383255 385688 389892 388260 386536 385279 384183 390540 388316 386660 385111 387164 389388 383903 385576 387780 388908 383535 384015 389836 388684 386772 386604 384551 389948 388628 386996 389020 383479 385744 387556 389556 383087 385223 390372 388092 386168 384719 384663 390484 387980 386112 386224 1 1 1 1 1 1 1 1 1 1 1 1 1 1 1 381946 382202 382170 382138 382106 382074 382042 382010 381978 382939 1 1 1 1 1 1 1 1 1 1 1 1 1 1 1 1 1 1 1 1 1 1 1 1 1 1 1 1 1 1 1 1 1 1 1 1 1 1 1 1 1 1 1 1 1 1 1 1 1 1 1 1 1 1 1 1 1 1 1 1 1 1 1 1 1 1 1 1 1 1 1 1 1 1 1 1 1 1 1 1 1 1 1 1 1 1 1 1 1 1 1 1 1 1 1 1 1 42 42 42 1 1 1
391190 388367 390791 384346 385403 387719 389071 383138 384938 383362 389663 387439 386419 384770 390311 388199 387663 390255 384490 386275 387047 389607 383194 384882 391015 389127 387383 385347 384066 390847 388143 385883 385515 388031 390959 384602 385050 387327 389239 383306 384122 390903 389775 387607 385995 384290 390111 388423 387495 389719 384826 386475 386935 389183 383418 384994 390591 388735 387831 385459 383842 390423 388567 385939 385162 386879 389999 383954 385627 387215 389439 383642 383698 390055 388847 387103 386711 384234 390647 388791 386823 388959 383586 386051 387271 389495 383250 385683 389887 388255 386531 385274 384178 390535 388311 386655 385106 387159 389383 383898 385571 387775 388903 383530 384010 389831 388679 386767 386599 384546 389943 388623 386991 389015 383474 385739 387551 389551 383082 385218 390367 388087 386163 384714 384658 390479 387975 386107 386219 1 1 1 1 1 1 1 1 1 1 1 1 1 1 1 381941 382197 382165 382133 382101 382069 382037 382005 381973 382940 1 1 1 1 1 1 1 1 1 1 1 1 1 1 1 1 1 1 1 1 1 1 1 1 1 1 1 1 1 1 1 1 1 1 1 1 1 1 1 1 1 1 1 1 1 1 1 1 1 1 1 1 1 1 1 1 1 1 1 1 1 1 1 1 1 1 1 1 1 1 1 1 1 1 1 1 1 1 1 1 1 1 1 1 1 1 1 1 1 1 1 1 1 41 41 41 41 1 1 42 41 1 1
391191 388365 390789 384344 385401 387717 389069 383136 384936 383360 389661 387437 386417 384768 390309 388197 387661 390253 384488 386273 387045 389605 383192 384880 391013 389125 387381 385345 384064 390845 388141 385881 385513 388029 390957 384600 385048 387325 389237 383304 384120 390901 389773 387605 385993 384288 390109 388421 387493 389717 384824 386473 386933 389181 383416 384992 390589 388733 387829 385457 383840 390421 388565 385937 385160 386877 389997 383952 385625 387213 389437 383640 383696 390053 388845 387101 386709 384232 390645 388789 386821 388957 383584 386049 387269 389493 383248 385681 389885 388253 386529 385272 384176 390533 388309 386653 385104 387157 389381 383896 385569 387773 388901 383528 384008 389829 388677 386765 386597 384544 389941 388621 386989 389013 383472 385737 387549 389549 383080 385216 390365 388085 386161 384712 384656 390477 387973 386105 386217 1 1 1 1 1 1 1 1 1 1 1 1 1 1 1 381942 382198 382166 382134 382102 382070 382038 382006 381974 382941 1 1 1 1 1 1 1 1 1 1 1 1 1 1 1 1 1 1 1 1 1 1 1 1 1 1 1 1 1 1 1 1 1 1 1 1 1 1 1 1 1 1 1 1 1 1 1 1 1 1 1 1 1 1 1 1 1 1 1 1 1 1 1 1 1 1 1 1 1 1 1 1 1 1 1 1 1 1 1 1 1 1 1 1 1 1 1 1 1 1 1 1 1 11 42 42 41 37 37 42 42 1 1
391192 388360 390784 384339 385396 387712 389064 383131 384931 383355 389656 387432 386412 384763 390304 388192 387656 390248 384483 386268 387040 389600 383187 384875 391008 389120 387376 385340 384059 390840 388136 385876 385508 388024 390952 384595 385043 387320 389232 383299 384115 390896 389768 387600 385988 384283 390104 388416 387488 389712 384819 386468 386928 389176 383411 384987 390584 388728 387824 385452 383835 390416 388560 385932 385155 386872 389992 383947 385620 387208 389432 383635 383691 390048 388840 387096 386704 384227 390640 388784 386816 388952 383579 386044 387264 389488 383243 385676 389880 388248 386524 385267 384171 390528 388304 386648 385099 387152 389376 383891 385564 387768 388896 383523 384003 389824 388672 386760 386592 384539 389936 388616 386984 389008 383467 385732 387544 389544 383075 385211 390360 388080 386156 384707 384651 390472 387968 386100 386212 1 1 1 1 1 1 1 1 1 1 1 1 1 1 1 381937 382193 382161 382129 382097 382065 382033 382001 381969 382942 1 1 1 1 1 1 1 1 1 1 1 1 1 1 1 1 1 1 1 1 1 1 1 1 1 1 1 1 1 1 1 1 1 1 1 1 1 1 1 1 1 1 1 1 1 1 1 1 1 1 1 1 1 1 1 1 1 1 1 1 1 1 1 1 1 1 1 1 1 1 1 1 1 1 1 1 1 1 1 1 1 1 1 1 1 1 1 1 1 1 1 1 1 41 5 5 41 11 6782 1 5 1 11
391193 388358 390782 384337 385394 387710 389062 383129 384929 383353 389654 387430 386410 384761 390302 388190 387654 390246 384481 386266 387038 389598 383185 384873 391006 389118 387374 385338 384057 390838 388134 385874 385506 388022 390950 384593 385041 387318 389230 383297 384113 390894 389766 387598 385986 384281 390102 388414 387486 389710 384817 386466 386926 389174 383409 384985 390582 388726 387822 385450 383833 390414 388558 385930 385153 386870 389990 383945 385618 387206 389430 383633 383689 390046 388838 387094 386702 384225 390638 388782 386814 388950 383577 386042 387262 389486 383241 385674 389878 388246 386522 385265 384169 390526 388302 386646 385097 387150 389374 383889 385562 387766 388894 383521 384001 389822 388670 386758 386590 384537 389934 388614 386982 389006 383465 385730 387542 389542 383073 385209 390358 388078 386154 384705 384649 390470 387966 386098 386210 1 1 1 1 1 1 1 1 1 1 1 1 1 1 1 381938 382194 382162 382130 382098 382066 382034 382002 381970 382943 1 1 1 1 1 1 1 1 1 1 1 1 1 1 1 1 1 1 1 1 1 1 1 1 1 1 1 1 1 1 1 1 1 1 1 1 1 1 1 1 1 1 1 1 1 1 1 1 1 1 1 1 1 1 1 1 1 1 1 1 1 1 1 1 1 1 1 1 1 1 1 1 1 1 1 1 1 1 1 1 1 1 1 1 1 1 1 1 1 1 1 1 1 2 2 2 2 2 2 2 2 33 33
391194 388353 390777 384332 385389 387705 389057 383124 384924 383348 389649 387425 386405 384756 390297 388185 387649 390241 384476 386261 387033 389593 383180 384868 391001 389113 387369 385333 384052 390833 388129 385869 385501 388017 390945 384588 385036 387313 389225 383292 384108 390889 389761 387593 385981 384276 390097 388409 387481 389705 384812 386461 386921 389169 383404 384980 390577 388721 387817 385445 383828 390409 388553 385925 385148 386865 389985 383940 385613 387201 389425 383628 383684 390041 388833 387089 386697 384220 390633 388777 386809 388945 383572 386037 387257 389481 383236 385669 389873 388241 386517 385260 384164 390521 388297 386641 385092 387145 389369 383884 385557 387761 388889 383516 383996 389817 388665 386753 386585 384532 389929 388609 386977 389001 383460 385725 387537 389537 383068 385204 390353 388073 386149 384700 384644 390465 387961 386093 386205 1 1 1 1 1 1 1 1 1 1 1 1 1 1 1 381933 382189 382157 382125 382093 382061 382029 381997 381965 382920 1 1 1 1 1 1 1 1 1 1 1 1 1 1 1 1 1 1 1 1 1 1 1 1 1 1 1 1 1 1 1 1 1 1 1 1 1 1 1 1 1 1 1 1 1 1 1 1 1 1 1 1 1 1 1 1 1 1 1 1 1 1 1 1 1 1 1 1 1 1 1 1 1 1 1 1 1 1 1 1 1 1 1 1 1 1 1 1 1 1 1 1 1 5 4 2 5 1 1 4 5 1 1
391195 388351 390775 384330 385387 387703 389055 383122 384922 383346 389647 387423 386403 384754 390295 388183 387647 390239 384474 386259 387031 389591 383178 384866 390999 389111 387367 385331 384050 390831 388127 385867 385499 388015 390943 384586 385034 387311 389223 383290 384106 390887 389759 387591 385979 384274 390095 388407 387479 389703 384810 386459 386919 389167 383402 384978 390575 388719 387815 385443 383826 390407 388551 385923 385146 386863 389983 383938 385611 387199 389423 383626 383682 390039 388831 387087 386695 384218 390631 388775 386807 388943 383570 386035 387255 389479 383234 385667 389871 388239 386515 385258 384162 390519 388295 386639 385090 387143 389367 383882 385555 387759 388887 383514 383994 389815 388663 386751 386583 384530 389927 388607 386975 388999 383458 385723 387535 389535 383066 385202 390351 388071 386147 384698 384642 390463 387959 386091 386203 1 1 1 1 1 1 1 1 1 1 1 1 1 1 1 381934 382190 382158 382126 382094 382062 382030 381998 381966 382921 1 1 1 1 1 1 2 1 1 1 1 1 1 1 1 1 1 1 1 1 1 1 1 1 1 1 1 1 1 1 1 1 1 1 1 1 1 1 1 1 1 1 1 1 1 1 1 1 1 1 1 1 1 1 1 1 1 1 1 1 1 1 1 1 1 1 1 1 1 1 1 1 1 1 1 1 1 1 1 1 1 1 1 1 1 1 1 1 1 1 1 1 1 6780 1 1 6780 1 1 1 6780 42 1
391196 388346 390770 384325 385382 387698 389050 383117 384917 383341 389642 387418 386398 384749 390290 388178 387642 390234 384469 386254 387026 389586 383173 384861 390994 389106 387362 385326 384045 390826 388122 385862 385494 388010 390938 384581 385029 387306 389218 383285 384101 390882 389754 387586 385974 384269 390090 388402 387474 389698 384805 386454 386914 389162 383397 384973 390570 388714 387810 385438 383821 390402 388546 385918 385141 386858 389978 383933 385606 387194 389418 383621 383677 390034 388826 387082 386690 384213 390626 388770 386802 388938 383565 386030 387250 389474 383229 385662 389866 388234 386510 385253 384157 390514 388290 386634 385085 387138 389362 383877 385550 387754 388882 383509 383989 389810 388658 386746 386578 384525 389922 388602 386970 388994 383453 385718 387530 389530 383061 385197 390346 388066 386142 384693 384637 390458 387954 386086 386198 1 1 1 1 1 1 1 1 1 1 1 1 1 1 1 381929 382185 382153 382121 382089 382057 382025 381993 381961 382922 1 1 1 1 1 1 37 1 1 1 1 1 1 1 1 1 1 1 1 1 1 1 1 1 1 1 1 1 1 1 1 1 1 1 1 1 1 1 1 1 1 1 1 1 1 1 1 1 1 1 1 1 1 1 1 1 1 1 1 1 1 1 1 1 1 1 1 1 1 1 1 1 1 1 1 1 1 1 1 1 1 1 1 1 1 1 1 1 1 1 1 1 4 41 37 1 41 4 2 37 41 42 6781
391197 388344 390768 384323 385380 387696 389048 383115 384915 383339 389640 387416 386396 384747 390288 388176 387640 390232 384467 386252 387024 389584 383171 384859 390992 389104 387360 385324 384043 390824 388120 385860 385492 388008 390936 384579 385027 387304 389216 383283 384099 390880 389752 387584 385972 384267 390088 388400 387472 389696 384803 386452 386912 389160 383395 384971 390568 388712 387808 385436 383819 390400 388544 385916 385139 386856 389976 383931 385604 387192 389416 383619 383675 390032 388824 387080 386688 384211 390624 388768 386800 388936 383563 386028 387248 389472 383227 385660 389864 388232 386508 385251 384155 390512 388288 386632 385083 387136 389360 383875 385548 387752 388880 383507 383987 389808 388656 386744 386576 384523 389920 388600 386968 388992 383451 385716 387528 389528 383059 385195 390344 388064 386140 384691 384635 390456 387952 386084 386196 1 1 1 1 1 1 1 1 1 1 1 1 1 1 1 381930 382186 382154 382122 382090 382058 382026 381994 381962 382923 1 1 1 1 1 1 1 1 1 1 1 1 1 1 1 1 1 1 1 1 1 1 1 1 1 1 1 1 1 1 1 1 1 1 1 1 1 1 1 1 1 1 1 1 1 1 1 1 1 1 1 1 1 1 1 1 1 1 1 1 1 1 1 1 1 1 1 1 1 1 1 1 1 1 1 1 1 1 1 1 1 1 1 1 1 1 1 1 1 1 1 1 1 1 1 1 1 42 42 1 42 1 1
391198 388339 390763 384318 385375 387691 389043 383110 384910 383334 389635 387411 386391 384742 390283 388171 387635 390227 384462 386247 387019 389579 383166 384854 390987 389099 387355 385319 384038 390819 388115 385855 385487 388003 390931 384574 385022 387299 389211 383278 384094 390875 389747 387579 385967 384262 390083 388395 387467 389691 384798 386447 386907 389155 383390 384966 390563 388707 387803 385431 383814 390395 388539 385911 385134 386851 389971 383926 385599 387187 389411 383614 383670 390027 388819 387075 386683 384206 390619 388763 386795 388931 383558 386023 387243 389467 383222 385655 389859 388227 386503 385246 384150 390507 388283 386627 385078 387131 389355 383870 385543 387747 388875 383502 383982 389803 388651 386739 386571 384518 389915 388595 386963 388987 383446 385711 387523 389523 383054 385190 390339 388059 386135 384686 384630 390451 387947 386079 386191 1 1 1 1 1 1 1 1 1 1 1 1 1 1 1 381925 382181 382149 382117 382085 382053 382021 381989 381957 382924 1 1 1 1 1 1 1 1 1 1 1 1 1 1 1 1 1 1 1 1 1 1 1 1 1 1 1 1 1 1 1 1 1 1 1 1 1 1 1 1 1 1 1 1 1 1 1 1 1 1 1 1 1 1 1 1 1 1 1 1 1 1 1 1 1 1 1 1 1 1 1 1 1 1 1 1 1 1 1 1 1 1 1 1 1 1 1 1 1 1 1 1 1 1 41 1 41 5 5 41 4 1 1
391199 388337 390761 384316 385373 387689 389041 383108 384908 383332 389633 387409 386389 384740 390281 388169 387633 390225 384460 386245 387017 389577 383164 384852 390985 389097 387353 385317 384036 390817 388113 385853 385485 388001 390929 384572 385020 387297 389209 383276 384092 390873 389745 387577 385965 384260 390081 388393 387465 389689 384796 386445 386905 389153 383388 384964 390561 388705 387801 385429 383812 390393 388537 385909 385132 386849 389969 383924 385597 387185 389409 383612 383668 390025 388817 387073 386681 384204 390617 388761 386793 388929 383556 386021 387241 389465 383220 385653 389857 388225 386501 385244 384148 390505 388281 386625 385076 387129 389353 383868 385541 387745 388873 383500 383980 389801 388649 386737 386569 384516 389913 388593 386961 388985 383444 385709 387521 389521 383052 385188 390337 388057 386133 384684 384628 390449 387945 386077 386189 1 1 1 1 1 1 1 1 1 1 1 1 1 1 1 381926 382182 382150 382118 382086 382054 382022 381990 381958 382925 1 1 1 1 1 1 1 1 1 1 1 1 1 1 1 1 1 1 1 1 1 1 1 1 1 1 1 1 1 1 1 1 1 1 1 1 1 1 1 1 1 1 1 1 1 1 1 1 1 1 1 1 1 1 1 1 1 1 1 1 1 1 1 1 1 1 1 1 1 1 1 1 1 1 1 1 1 1 1 1 1 1 1 1 1 1 1 1 1 1 1 1 1 1 42 1 42 42 42 1 1 1 1
391200 388332 390756 384311 385368 387684 389036 383103 384903 383327 389628 387404 386384 384735 390276 388164 387628 390220 384455 386240 387012 389572 383159 384847 390980 389092 387348 385312 384031 390812 388108 385848 385480 387996 390924 384567 385015 387292 389204 383271 384087 390868 389740 387572 385960 384255 390076 388388 387460 389684 384791 386440 386900 389148 383383 384959 390556 388700 387796 385424 383807 390388 388532 385904 385127 386844 389964 383919 385592 387180 389404 383607 383663 390020 388812 387068 386676 384199 390612 388756 386788 388924 383551 386016 387236 389460 383215 385648 389852 388220 386496 385239 384143 390500 388276 386620 385071 387124 389348 383863 385536 387740 388868 383495 383975 389796 388644 386732 386564 384511 389908 388588 386956 388980 383439 385704 387516 389516 383047 385183 390332 388052 386128 384679 384623 390444 387940 386072 386184 1 1 1 1 1 1 1 1 1 1 1 1 1 1 1 381921 382177 382145 382113 382081 382049 382017 381985 381953 382926 1 1 1 1 1 1 11 1 1 1 1 1 1 1 1 1 1 1 1 1 1 1 1 1 1 1 1 1 1 1 1 1 1 1 1 1 1 1 1 1 1 1 1 1 1 1 1 1 1 1 1 1 1 1 1 1 1 1 1 1 1 1 1 1 1 1 1 1 1 1 1 1 1 1 1 1 1 1 1 1 1 1 1 1 1 1 1 1 1 1 1 1 5 5 41 11 5 4 4 41 5 11 11
391201 388330 390754 384309 385366 387682 389034 383101 384901 383325 389626 387402 386382 384733 390274 388162 387626 390218 384453 386238 387010 389570 383157 384845 390978 389090 387346 385310 384029 390810 388106 385846 385478 387994 390922 384565 385013 387290 389202 383269 384085 390866 389738 387570 385958 384253 390074 388386 387458 389682 384789 386438 386898 389146 383381 384957 390554 388698 387794 385422 383805 390386 388530 385902 385125 386842 389962 383917 385590 387178 389402 383605 383661 390018 388810 387066 386674 384197 390610 388754 386786 388922 383549 386014 387234 389458 383213 385646 389850 388218 386494 385237 384141 390498 388274 386618 385069 387122 389346 383861 385534 387738 388866 383493 383973 389794 388642 386730 386562 384509 389906 388586 386954 388978 383437 385702 387514 389514 383045 385181 390330 388050 386126 384677 384621 390442 387938 386070 386182 1 1 1 1 1 1 1 1 1 1 1 1 1 1 1 381922 382178 382146 382114 382082 382050 382018 381986 381954 382927 1 1 1 1 1 1 33 1 1 1 1 1 1 1 1 1 1 1 1 1 1 1 1 1 1 1 1 1 1 1 1 1 1 1 1 1 1 1 1 1 1 1 1 1 1 1 1 1 1 1 1 1 1 1 1 1 1 1 1 1 1 1 1 1 1 1 1 1 1 1 1 1 1 1 1 1 1 1 1 1 1 1 1 1 1 1 1 1 1 1 1 1 2 2 2 5 2 2 2 2 2 33 33
391406 382411 382412
391407 1 1
391411 381888 381889
391412 1 1
391420 1 381894 381895 381896 381897
391421 1 4 1 41 1
391465 391464 37220 37219
391466 1 1 1
391976 391975 57946 391973
391977 4 6778 1
392058 58111 58112
392059 33 33
392088 392087 57946 392085
392089 4 6778 1
392103 58111 58112
392104 392039 392033
392127 392125 392126
392128 1 1
392171 392170 57946 392168
392172 4 6778 1
392228 392225 57946 392223
392229 392227 392194 392195
392247 392244 392242 392239 392236 58078
392248 392246 392200 392201 392202 392203
392294 392291 57946 392289
392295 392293 392278 392279
394938 394602 394603 394604 394605 394606 394607 394608 394609 394610 394611 394612 394613 394614 394615 394616 394617 394618 394619 394620 394621 394622 394623 394624 394625 394626 394627 394628 394629 394630 394631 394632 394633 394634 394635 394636 394637 394638 394639 394640 394641 394642 394643 394644 394645 394646 394647 394648 394649 394650 394651 394652 394653 394654 394655 394656 394657 394658 394659 394660 394661 394662 394663 394664 394665 394666 394667 394668 394669 394670 394671 394672 394673 394674 394675 394676 394677 394678 394679 394680 394681 394682 394683 394684 394685 394686 394687 394688 394689 394690 394691 394692 394693 394694 394695 394696 394697 394698 394699 394700 394701 394702 394703 394704 394705 394706 394707 394708 394709 394710 394711 394712 394713 394714 394715 394716 394717 394718 394719 394720 394721 394722 394723 394724 394725 394726 394727 394728 394729 394730 394731 394732 394733 394734 394735 394736 394737 394738 394739 394740 394741 394742 394743 394744 394745 394746 394747 394748 394749 394750 394751 394752 394753 394754 394755 394756 394757 394758 394759 394760 394761 394762 394763 394764 394765 394766 394767 394768 394769 394770 394771 394772 394773 394774 394775 394776 394777 394778 394779 394780 394781 394782 394783 394784 394785 394786 394787 394788 394789 394790 394791 394792 394793 394794 394795 394796 394797 394798 394799 394800 394801 394802 394803 394804 394805 394806 394807 394808 394809 394810 394811 394812 394813 394814 394815 394816 394817 394818 394819 394820 394821 394822 394823 394824 394825 394826 394827 394828 394829 394830 394831 394832 394833 394834 394835 394836 394837 394838 394839 394840 394841 394842 394843 394844 394845 394846 394847 394848 394849 394850 394851 394852 394853 394854 394855 394856 394857 394858 394859 394860 394861 394862 394863 394864 394865 394866 394867 394868 394869 394870 394871 394872 394873 394874 394875 394876 394877 394878 394879 394880 394881 394882 394883 394884 394885 394886 394887 394888 394889 394890 394891 394892 394893 394894 394895 394896 394897 394898 394899 394900 394901 394902 394903 394904 394905 394906 394907 394908 394909 394910 394911 394912 394913 394914 394915 394916 394917 394918 394919 394920 394921 394922 394923 394924 394925 394926 394927 394928 394929 394930 394931 394932 394933 394934 394935 394936 394937
395296 394960 394961 394962 394963 394964 394965 394966 394967 394968 394969 394970 394971 394972 394973 394974 394975 394976 394977 394978 394979 394980 394981 394982 394983 394984 394985 394986 394987 394988 394989 394990 394991 394992 394993 394994 394995 394996 394997 394998 394999 395000 395001 395002 395003 395004 395005 395006 395007 395008 395009 395010 395011 395012 395013 395014 395015 395016 395017 395018 395019 395020 395021 395022 395023 395024 395025 395026 395027 395028 395029 395030 395031 395032 395033 395034 395035 395036 395037 395038 395039 395040 395041 395042 395043 395044 395045 395046 395047 395048 395049 395050 395051 395052 395053 395054 395055 395056 395057 395058 395059 395060 395061 395062 395063 395064 395065 395066 395067 395068 395069 395070 395071 395072 395073 395074 395075 395076 395077 395078 395079 395080 395081 395082 395083 395084 395085 395086 395087 395088 395089 395090 395091 395092 395093 395094 395095 395096 395097 395098 395099 395100 395101 395102 395103 395104 395105 395106 395107 395108 395109 395110 395111 395112 395113 395114 395115 395116 395117 395118 395119 395120 395121 395122 395123 395124 395125 395126 395127 395128 395129 395130 395131 395132 395133 395134 395135 395136 395137 395138 395139 395140 395141 395142 395143 395144 395145 395146 395147 395148 395149 395150 395151 395152 395153 395154 395155 395156 395157 395158 395159 395160 395161 395162 395163 395164 395165 395166 395167 395168 395169 395170 395171 395172 395173 395174 395175 395176 395177 395178 395179 395180 395181 395182 395183 395184 395185 395186 395187 395188 395189 395190 395191 395192 395193 395194 395195 395196 395197 395198 395199 395200 395201 395202 395203 395204 395205 395206 395207 395208 395209 395210 395211 395212 395213 395214 395215 395216 395217 395218 395219 395220 395221 395222 395223 395224 395225 395226 395227 395228 395229 395230 395231 395232 395233 395234 395235 395236 395237 395238 395239 395240 395241 395242 395243 395244 395245 395246 395247 395248 395249 395250 395251 395252 395253 395254 395255 395256 395257 395258 395259 395260 395261 395262 395263 395264 395265 395266 395267 395268 395269 395270 395271 395272 395273 395274 395275 395276 395277 395278 395279 395280 395281 395282 395283 395284 395285 395286 395287 395288 395289 395290 395291 395292 395293 395294 395295
395440 395439 395438 395437 395436 395435 395434 395433 395432 395431 395430 395429 395428 395427 395426 395425 395424 395423 395422 395421 395420 395419 395418 395417 395416 395415 395414 395413 395412 395411 395410 395409 395408 395407 395406 395405 395404 395403 395402 395401 395400 395399 395398 395397 395396 395395 395394 395393 395392 395391 395390 395389 395388 395387 395386 395385 395384 395383 395382 395381 395380 395379 395378 395377 395376 395375 395374 395373 395372 395371 395370 395369 395368 395367 395366 395365 395364 395363 395362 395361 395360 395359 395358 395357 395356 395355 395354 395353 395352 395351 395350 395349 395348 395347 395346 395345 395344 395343 395342 395341 395340 395339 395338 395337 395336 395335 395334 395333 395332 395331 395330 395329 395328 395327 395326 395325 395324 395323 395322 395321 395320 395319 395318 395317 395316 395315 395314 395313 395312
396577 396576 396575 396574 396573 396572 396571 396570 396569 396568 396567 396566 396565 396564 396563 396562 396561 396560 396559 396558 396557 396556 396555 396554 396553 396552 396551 396550 396549 396548 396547 396546 396545 396544 396543 396542 396541 396540 396539 396538 396537 396536 396535 396534 396533 396532 396531 396530 396529 396528 396527 396526 396525 396524 396523 396522 396521 396520 396519 396518 396517 396516 396515 396514 396513 396512 396511 396510 396509 396508 396507 396506 396505 396504 396503 396502 396501 396500 396499 396498 396497 396496 396495 396494 396493 396492 396491 396490 396489 396488 396487 396486 396485 396484 396483 396482 396481 396480 396479 396478 396477 396476 396475 396474 396473 396472 396471 396470 396469 396468 396467 396466 396465 396464 396463 396462 396461 396460 396459 396458 396457 396456 396455 396454 396453 396452 396451 396450 396449 396448 396447 396446 396445 396444 396443 396442 396441 396440 396439 396438 396437 396436 396435 396434 396433 396432 396431 396430 396429 396428 396427 396426 396425 396424 396423 396422 396421 396420 396419 396418 396417 396416 396415 396414 396413 396412 396411 396410 396409 396408 396407 396406 396405 396404 396403 396402 396401 396400 396399 396398 396397 396396 396395 396394 396393 396392 396391 396390 396389 396388 396387 396386 396385 396384 396383 396382 396381 396380 396379 396378 396377 396376 396375 396374 396373 396372 396371 396370 396369 396368 396367 396366 396365 396364 396363 396362 396361 396360 396359 396358 396357 396356 396355 396354 396353 396352 396351 396350 396349 396348 396347 396346 396345 396344 396343 396342 396341 396340 396339 396338 396337 396336 396335 396334 396333 396332 396331 396330 396329 396328 396327 396326 396325 396324 396323 396322 396321 396320 396319 396318 396317 396316 396315 396314 396313 396312 396311 396310 396309 396308 396307 396306 396305 396304 396303 396302 396301 396300 396299 396298 396297 396296 396295 396294 396293 396292 396291 396290 396289 396288 396287 396286 396285 396284 396283 396282 396281 396280 396279 396278 396277 396276 396275 396274 396273 396272 396271 396270 396269 396268 396267 396266 396265 396264 396263 396262 396261 396260 396259 396258 396257 396256 396255 396254 396253 396252 396251 396250 396249 396248 396247 396246 396245 396244 396243 396242 396241 396240 396239 396238 396237 396236 396235 396234 396233 396232 396231 396230 396229 396228 396227 396226 396225 396224 396223 396222 396221 396220 396219 396218 396217 396216 396215 396214 396213 396212 396211 396210 396209 396208 396207 396206 396205 396204 396203 396202 396201 396200 396199 396198 396197 396196 396195 396194 396193 396192 396191 396190 396189 396188 396187 396186 396185 396184 396183 396182 396181 396180 396179 396178 396177 396176 396175 396174 396173 396172 396171 396170 396169 396168 396167 396166 396165 396164 396163 396162 396161 396160 396159 396158 396157 396156 396155 396154 396153 396152 396151 396150 396149 396148 396147 396146 396145 396144 396143 396142 396141 396140 396139 396138 396137 396136 396135 396134 396133 396132 396131 396130 396129 396128 396127 396126 396125 396124 396123 396122 396121 396120 396119 396118 396117 396116 396115 396114 396113 396112 396111 396110 396109 396108 396107 396106 396105 396104 396103 396102 396101 396100 396099 396098 396097 396096 396095 396094 396093 396092 396091 396090 396089 396088 396087 396086 396085 396084 396083 396082 396081 396080 396079 396078 396077 396076 396075 396074 396073 396072 396071 396070 396069 396068 396067 396066 396065 396064 396063 396062 396061 396060 396059 396058 396057 396056 396055 396054 396053 396052 396051 396050 396049 396048 396047 396046 396045 396044 396043 396042 396041 396040 396039 396038 396037 396036 396035 396034 396033 396032 396031 396030 396029 396028 396027 396026 396025 396024 396023 396022 396021 396020 396019 396018 396017 396016 396015 396014 396013 396012 396011 396010 396009 396008 396007 396006 396005 396004 396003 396002 396001 396000 395999 395998 395997 395996 395995 395994 395993 395992 395991 395990 395989 395988 395987 395986 395985 395984 395983 395982 395981 395980 395979 395978 395977 395976 395975 395974 395973 395972 395971 395970 395969 395968 395967 395966 395965 395964 395963 395962 395961 395960 395959 395958 395957 395956 395955 395954 395953 395952 395951 395950 395949 395948 395947 395946 395945 395944 395943 395942 395941 395940 395939 395938 395937 395936 395935 395934 395933 395932 395931 395930 395929 395928 395927 395926 395925 395924 395923 395922 395921 395920 395919 395918 395917 395916 395915 395914 395913 395912 395911 395910 395909 395908 395907 395906 395905 395904 395903 395902 395901 395900 395899 395898 395897 395896 395895 395894 395893 395892 395891 395890 395889 395888 395887 395886 395885 395884 395883 395882 395881 395880 395879 395878 395877 395876 395875 395874 395873 395872 395871 395870 395869 395868 395867 395866 395865 395864 395863 395862 395861 395860 395859 395858 395857 395856 395855 395854 395853 395852 395851 395850 395849 395848 395847 395846 395845 395844 395843 395842 395841 395840 395839 395838 395837 395836 395835 395834 395833 395832 395831 395830 395829 395828 395827 395826 395825 395824 395823 395822 395821 395820 395819 395818 395817 395816 395815 395814 395813 395812 395811 395810 395809 395808 395807 395806 395805 395804 395803 395802 395801 395800 395799 395798 395797 395796 395795 395794 395793 395792 395791 395790 395789 395788 395787 395786 395785 395784 395783 395782 395781 395780 395779 395778 395777 395776 395775 395774 395773 395772 395771 395770 395769 395768 395767 395766 395765 395764 395763 395762 395761 395760 395759 395758 395757 395756 395755 395754 395753 395752 395751 395750 395749 395748 395747 395746 395745 395744 395743 395742 395741 395740 395739 395738 395737 395736 395735 395734 395733 395732 395731 395730 395729 395728 395727 395726 395725 395724 395723 395722 395721 395720 395719 395718 395717 395716 395715 395714 395713 395712 395711 395710 395709 395708 395707 395706 395705 395704 395703 395702 395701 395700 395699 395698 395697 395696 395695 395694 395693 395692 395691 395690 395689 395688 395687 395686 395685 395684 395683 395682 395681 395680 395679 395678 395677 395676 395675 395674 395673 395672 395671 395670 395669 395668 395667 395666 395665 395664 395663 395662 395661 395660 395659 395658 395657 395656 395655 395654 395653 395652 395651 395650 395649 395648 395647 395646 395645 395644 395643 395642 395641 395640 395639 395638 395637 395636 395635 395634 395633 395632 395631 395630 395629 395628 395627 395626 395625 395624 395623 395622 395621 395620 395619 395618 395617 395616 395615 395614 395613 395612 395611 395610 395609 395608 395607 395606 395605 395604 395603 395602 395601 395600 395599 395598 395597 395596 395595 395594 395593 395592 395591 395590 395589 395588 395587 395586 395585 395584 395583 395582 395581 395580 395579 395578 395577 395576 395575 395574 395573 395572 395571 395570 395569 395568 395567 395566 395565 395564 395563 395562 395561 395560 395559 395558 395557 395556 395555 395554 395553 395552
401034 401033 401032 401031 401030 401029 401028 401027 401026 401025 401024 401023 401022 401021 401020 401019 401018 401017 401016 401015 401014 401013 401012 401011 401010 401009 401008 401007 401006 401005 401004 401003 401002 401001 401000 400999 400998 400997 400996 400995 400994 400993 400992 400991 400990 400989 400988 400987 400986 400985 400984 400983 400982 400981 400980 400979 400978 400977 400976 400975 400974 400973 400972 400971 400970 400969 400968 400967 400966 400965 400964 400963 400962 400961 400960 400959 400958 400957 400956 400955 400954 400953 400952 400951 400950 400949 400948 400947 400946 400945 400944 400943 400942 400941 400940 400939 400938 400937 400936 400935 400934 400933 400932 400931 400930 400929 400928 400927 400926 400925 400924 400923 400922 400921 400920 400919 400918 400917 400916 400915 400914 400913 400912 400911 400910 400909 400908 400907 400906 400905 400904 400903 400902 400901 400900 400899 400898 400897 400896 400895 400894 400893 400892 400891 400890 400889 400888 400887 400886 400885 400884 400883 400882 400881 400880 400879 400878 400877 400876 400875 400874 400873 400872 400871 400870 400869 400868 400867 400866 400865 400864 400863 400862 400861 400860 400859 400858 400857 400856 400855 400854 400853 400852 400851 400850 400849 400848 400847 400846 400845 400844 400843 400842 400841 400840 400839 400838 400837 400836 400835 400834 400833 400832 400831 400830 400829 400828 400827 400826 400825 400824 400823 400822 400821 400820 400819 400818 400817 400816 400815 400814 400813 400812 400811 400810 400809 400808 400807 400806 400805 400804 400803 400802 400801 400800 400799 400798 400797 400796 400795 400794 400793 400792 400791 400790 400789 400788 400787 400786 400785 400784 400783 400782 400781 400780 400779 400778 400777 400776 400775 400774 400773 400772 400771 400770 400769 400768 400767 400766 400765 400764 400763 400762 400761 400760 400759 400758 400757 400756 400755 400754 400753 400752 400751 400750 400749 400748 400747 400746 400745 400744 400743 400742 400741 400740 400739 400738 400737 400736 400735 400734 400733 400732 400731 400730 400729 400728 400727 400726 400725 400724 400723 400722 400721 400720 400719 400718 400717 400716 400715 400714 400713 400712 400711 400710 400709 400708 400707 400706 400705 400704 400703 400702 400701 400700 400699 400698 400697 400696 400695 400694 400693 400692 400691 400690 400689 400688 400687 400686 400685 400684 400683 400682 400681 400680 400679 400678 400677 400676 400675 400674 400673 400672 400671 400670 400669 400668 400667 400666 400665 400664 400663 400662 400661 400660 400659 400658 400657 400656 400655 400654 400653 400652 400651 400650 400649 400648 400647 400646 400645 400644 400643 400642 400641 400640 400639 400638 400637 400636 400635 400634 400633 400632 400631 400630 400629 400628 400627 400626 400625 400624 400623 400622 400621 400620 400619 400618 400617 400616 400615 400614 400613 400612 400611 400610 400609 400608 400607 400606 400605 400604 400603 400602 400601 400600 400599 400598 400597 400596 400595 400594 400593 400592 400591 400590 400589 400588 400587 400586 400585 400584 400583 400582 400581 400580 400579 400578 400577 400576 400575 400574 400573 400572 400571 400570 400569 400568 400567 400566 400565 400564 400563 400562 400561 400560 400559 400558 400557 400556 400555 400554 400553 400552 400551 400550 400549 400548 400547 400546 400545 400544 400543 400542 400541 400540 400539 400538 400537 400536 400535 400534 400533 400532 400531 400530 400529 400528 400527 400526 400525 400524 400523 400522 400521 400520 400519 400518 400517 400516 400515 400514 400513 400512 400511 400510 400509 400508 400507 400506 400505 400504 400503 400502 400501 400500 400499 400498 400497 400496 400495 400494 400493 400492 400491 400490 400489 400488 400487 400486 400485 400484 400483 400482 400481 400480 400479 400478 400477 400476 400475 400474 400473 400472 400471 400470 400469 400468 400467 400466 400465 400464 400463 400462 400461 400460 400459 400458 400457 400456 400455 400454 400453 400452 400451 400450 400449 400448 400447 400446 400445 400444 400443 400442 400441 400440 400439 400438 400437 400436 400435 400434 400433 400432 400431 400430 400429 400428 400427 400426 400425 400424 400423 400422 400421 400420 400419 400418 400417 400416 400415 400414 400413 400412 400411 400410 400409 400408 400407 400406 400405 400404 400403 400402 400401 400400 400399 400398 400397 400396 400395 400394 400393 400392 400391 400390 400389 400388 400387 400386 400385 400384 400383 400382 400381 400380 400379 400378 400377 400376 400375 400374 400373 400372 400371 400370 400369 400368 400367 400366 400365 400364 400363 400362 400361 400360 400359 400358 400357 400356 400355 400354 400353 400352 400351 400350 400349 400348 400347 400346 400345 400344 400343 400342 400341 400340 400339 400338 400337 400336 400335 400334 400333 400332 400331 400330 400329 400328 400327 400326 400325 400324 400323 400322 400321 400320 400319 400318 400317 400316 400315 400314 400313 400312 400311 400310 400309 400308 400307 400306 400305 400304 400303 400302 400301 400300 400299 400298 400297 400296 400295 400294 400293 400292 400291 400290 400289 400288 400287 400286 400285 400284 400283 400282 400281 400280 400279 400278 400277 400276 400275 400274 400273 400272 400271 400270 400269 400268 400267 400266 400265 400264 400263 400262 400261 400260 400259 400258 400257 400256 400255 400254 400253 400252 400251 400250 400249 400248 400247 400246 400245 400244 400243 400242 400241 400240 400239 400238 400237 400236 400235 400234 400233 400232 400231 400230 400229 400228 400227 400226 400225 400224 400223 400222 400221 400220 400219 400218 400217 400216 400215 400214 400213 400212 400211 400210 400209 400208 400207 400206 400205 400204 400203 400202 400201 400200 400199 400198 400197 400196 400195 400194 400193 400192 400191 400190 400189 400188 400187 400186 400185 400184 400183 400182 400181 400180 400179 400178 400177 400176 400175 400174 400173 400172 400171 400170 400169 400168 400167 400166 400165 400164 400163 400162 400161 400160 400159 400158 400157 400156 400155 400154 400153 400152 400151 400150 400149 400148 400147 400146 400145 400144 400143 400142 400141 400140 400139 400138 400137 400136 400135 400134 400133 400132 400131 400130 400129 400128 400127 400126 400125 400124 400123 400122 400121 400120 400119 400118 400117 400116 400115 400114 400113 400112 400111 400110 400109 400108 400107 400106 400105 400104 400103 400102 400101 400100 400099 400098 400097 400096 400095 400094 400093 400092 400091 400090 400089 400088 400087 400086 400085 400084 400083 400082 400081 400080 400079 400078 400077 400076 400075 400074 400073 400072 400071 400070 400069 400068 400067 400066 400065 400064 400063 400062 400061 400060 400059 400058 400057 400056 400055 400054 400053 400052 400051 400050 400049 400048 400047 400046 400045 400044 400043 400042 400041 400040 400039 400038 400037 400036 400035 400034 400033 400032 400031 400030 400029 400028 400027 400026 400025 400024 400023 400022 400021 400020 400019 400018 400017 400016 400015 400014 400013 400012 400011 400010 400009
401466 401382 401383 401384 401385 401386 401387 401388 401389 401390 401391 401392 401393 401394 401395 401396 401397 401398 401399 401400 401401 401402 401403 401404 401405 401406 401407 401408 401409 401410 401411 401412 401413 401414 401415 401416 401417 401418 401419 401420 401421 401422 401423 401424 401425 401426 401427 401428 401429 401430 401431 401432 401433 401434 401435 401436 401437 401438 401439 401440 401441 401442 401443 401444 401445 401446 401447 401448 401449 401450 401451 401452 401453 401454 401455 401456 401457 401458 401459 401460 401461 401462 401463 401464 401465
401611 401610 401609 401608 401607 401606 401605 401604 401603 401602 401601 401600 401599 401598 401597 401596 401595 401594 401593 401592 401591 401590 401589 401588 401587 401586 401585 401584 401583 401582 401581 401580 401579 401578 401577 401576 401575 401574 401573 401572 401571 401570 401569 401568 401567 401566 401565 401564 401563 401562 401561 401560 401559 401558 401557 401556 401555 401554 401553 401552 401551 401550 401549 401548 401547 401546 401545 401544 401543 401542 401541 401540 401539 401538 401537 401536 401535 401534 401533 401532 401531 401530 401529 401528 401527 401526 401525 401524 401523 401522 401521 401520 401519 401518 401517 401516 401515 401514 401513 401512 401511 401510 401509 401508 401507 401506 401505 401504 401503 401502 401501 401500 401499 401498 401497 401496 401495 401494 401493 401492 401491 401490 401489 401488 401487 401486 401485 401484 401483
402743 402742 402741 402740 402739 402738 402737 402736 402735 402734 402733 402732 402731 402730 402729 402728 402727 402726 402725 402724 402723 402722 402721 402720 402719 402718 402717 402716 402715 402714 402713 402712 402711 402710 402709 402708 402707 402706 402705 402704 402703 402702 402701 402700 402699 402698 402697 402696 402695 402694 402693 402692 402691 402690 402689 402688 402687 402686 402685 402684 402683 402682 402681 402680 402679 402678 402677 402676 402675 402674 402673 402672 402671 402670 402669 402668 402667 402666 402665 402664 402663 402662 402661 402660 402659 402658 402657 402656 402655 402654 402653 402652 402651 402650 402649 402648 402647 402646 402645 402644 402643 402642 402641 402640 402639 402638 402637 402636 402635 402634 402633 402632 402631 402630 402629 402628 402627 402626 402625 402624 402623 402622 402621 402620 402619 402618 402617 402616 402615 402614 402613 402612 402611 402610 402609 402608 402607 402606 402605 402604 402603 402602 402601 402600 402599 402598 402597 402596 402595 402594 402593 402592 402591 402590 402589 402588 402587 402586 402585 402584 402583 402582 402581 402580 402579 402578 402577 402576 402575 402574 402573 402572 402571 402570 402569 402568 402567 402566 402565 402564 402563 402562 402561 402560 402559 402558 402557 402556 402555 402554 402553 402552 402551 402550 402549 402548 402547 402546 402545 402544 402543 402542 402541 402540 402539 402538 402537 402536 402535 402534 402533 402532 402531 402530 402529 402528 402527 402526 402525 402524 402523 402522 402521 402520 402519 402518 402517 402516 402515 402514 402513 402512 402511 402510 402509 402508 402507 402506 402505 402504 402503 402502 402501 402500 402499 402498 402497 402496 402495 402494 402493 402492 402491 402490 402489 402488 402487 402486 402485 402484 402483 402482 402481 402480 402479 402478 402477 402476 402475 402474 402473 402472 402471 402470 402469 402468 402467 402466 402465 402464 402463 402462 402461 402460 402459 402458 402457 402456 402455 402454 402453 402452 402451 402450 402449 402448 402447 402446 402445 402444 402443 402442 402441 402440 402439 402438 402437 402436 402435 402434 402433 402432 402431 402430 402429 402428 402427 402426 402425 402424 402423 402422 402421 402420 402419 402418 402417 402416 402415 402414 402413 402412 402411 402410 402409 402408 402407 402406 402405 402404 402403 402402 402401 402400 402399 402398 402397 402396 402395 402394 402393 402392 402391 402390 402389 402388 402387 402386 402385 402384 402383 402382 402381 402380 402379 402378 402377 402376 402375 402374 402373 402372 402371 402370 402369 402368 402367 402366 402365 402364 402363 402362 402361 402360 402359 402358 402357 402356 402355 402354 402353 402352 402351 402350 402349 402348 402347 402346 402345 402344 402343 402342 402341 402340 402339 402338 402337 402336 402335 402334 402333 402332 402331 402330 402329 402328 402327 402326 402325 402324 402323 402322 402321 402320 402319 402318 402317 402316 402315 402314 402313 402312 402311 402310 402309 402308 402307 402306 402305 402304 402303 402302 402301 402300 402299 402298 402297 402296 402295 402294 402293 402292 402291 402290 402289 402288 402287 402286 402285 402284 402283 402282 402281 402280 402279 402278 402277 402276 402275 402274 402273 402272 402271 402270 402269 402268 402267 402266 402265 402264 402263 402262 402261 402260 402259 402258 402257 402256 402255 402254 402253 402252 402251 402250 402249 402248 402247 402246 402245 402244 402243 402242 402241 402240 402239 402238 402237 402236 402235 402234 402233 402232 402231 402230 402229 402228 402227 402226 402225 402224 402223 402222 402221 402220 402219 402218 402217 402216 402215 402214 402213 402212 402211 402210 402209 402208 402207 402206 402205 402204 402203 402202 402201 402200 402199 402198 402197 402196 402195 402194 402193 402192 402191 402190 402189 402188 402187 402186 402185 402184 402183 402182 402181 402180 402179 402178 402177 402176 402175 402174 402173 402172 402171 402170 402169 402168 402167 402166 402165 402164 402163 402162 402161 402160 402159 402158 402157 402156 402155 402154 402153 402152 402151 402150 402149 402148 402147 402146 402145 402144 402143 402142 402141 402140 402139 402138 402137 402136 402135 402134 402133 402132 402131 402130 402129 402128 402127 402126 402125 402124 402123 402122 402121 402120 402119 402118 402117 402116 402115 402114 402113 402112 402111 402110 402109 402108 402107 402106 402105 402104 402103 402102 402101 402100 402099 402098 402097 402096 402095 402094 402093 402092 402091 402090 402089 402088 402087 402086 402085 402084 402083 402082 402081 402080 402079 402078 402077 402076 402075 402074 402073 402072 402071 402070 402069 402068 402067 402066 402065 402064 402063 402062 402061 402060 402059 402058 402057 402056 402055 402054 402053 402052 402051 402050 402049 402048 402047 402046 402045 402044 402043 402042 402041 402040 402039 402038 402037 402036 402035 402034 402033 402032 402031 402030 402029 402028 402027 402026 402025 402024 402023 402022 402021 402020 402019 402018 402017 402016 402015 402014 402013 402012 402011 402010 402009 402008 402007 402006 402005 402004 402003 402002 402001 402000 401999 401998 401997 401996 401995 401994 401993 401992 401991 401990 401989 401988 401987 401986 401985 401984 401983 401982 401981 401980 401979 401978 401977 401976 401975 401974 401973 401972 401971 401970 401969 401968 401967 401966 401965 401964 401963 401962 401961 401960 401959 401958 401957 401956 401955 401954 401953 401952 401951 401950 401949 401948 401947 401946 401945 401944 401943 401942 401941 401940 401939 401938 401937 401936 401935 401934 401933 401932 401931 401930 401929 401928 401927 401926 401925 401924 401923 401922 401921 401920 401919 401918 401917 401916 401915 401914 401913 401912 401911 401910 401909 401908 401907 401906 401905 401904 401903 401902 401901 401900 401899 401898 401897 401896 401895 401894 401893 401892 401891 401890 401889 401888 401887 401886 401885 401884 401883 401882 401881 401880 401879 401878 401877 401876 401875 401874 401873 401872 401871 401870 401869 401868 401867 401866 401865 401864 401863 401862 401861 401860 401859 401858 401857 401856 401855 401854 401853 401852 401851 401850 401849 401848 401847 401846 401845 401844 401843 401842 401841 401840 401839 401838 401837 401836 401835 401834 401833 401832 401831 401830 401829 401828 401827 401826 401825 401824 401823 401822 401821 401820 401819 401818 401817 401816 401815 401814 401813 401812 401811 401810 401809 401808 401807 401806 401805 401804 401803 401802 401801 401800 401799 401798 401797 401796 401795 401794 401793 401792 401791 401790 401789 401788 401787 401786 401785 401784 401783 401782 401781 401780 401779 401778 401777 401776 401775 401774 401773 401772 401771 401770 401769 401768 401767 401766 401765 401764 401763 401762 401761 401760 401759 401758 401757 401756 401755 401754 401753 401752 401751 401750 401749 401748 401747 401746 401745 401744 401743 401742 401741 401740 401739 401738 401737 401736 401735 401734 401733 401732 401731 401730 401729 401728 401727 401726 401725 401724 401723 401722 401721 401720 401719 401718 401717 401716 401715
404129 404128 404127 404126 404125 404124 404123 404122 404121 404120 404119 404118 404117 404116 404115 404114 404113 404112 404111 404110 404109 404108 404107 404106 404105 404104 404103 404102 404101 404100 404099 404098 404097 404096 404095 404094 404093 404092 404091 404090 404089 404088 404087 404086 404085 404084 404083 404082 404081 404080 404079 404078 404077 404076 404075 404074 404073 404072 404071 404070 404069 404068 404067 404066 404065 404064 404063 404062 404061 404060 404059 404058 404057 404056 404055 404054 404053 404052 404051 404050 404049 404048 404047 404046 404045 404044 404043 404042 404041 404040 404039 404038 404037 404036 404035 404034 404033 404032 404031 404030 404029 404028 404027 404026 404025 404024 404023 404022 404021 404020 404019 404018 404017 404016 404015 404014 404013 404012 404011 404010 404009 404008 404007 404006 404005 404004 404003 404002 404001 404000 403999 403998 403997 403996 403995 403994 403993 403992 403991 403990 403989 403988 403987 403986 403985 403984 403983 403982 403981 403980 403979 403978 403977 403976 403975 403974 403973 403972 403971 403970 403969 403968 403967 403966 403965 403964 403963 403962 403961 403960 403959 403958 403957 403956 403955 403954 403953 403952 403951 403950 403949 403948 403947 403946 403945 403944 403943 403942 403941 403940 403939 403938 403937 403936 403935 403934 403933 403932 403931 403930 403929 403928 403927 403926 403925 403924 403923 403922 403921 403920 403919 403918 403917 403916 403915 403914 403913 403912 403911 403910 403909 403908 403907 403906 403905 403904 403903 403902 403901 403900 403899 403898 403897 403896 403895 403894 403893 403892 403891 403890 403889 403888 403887 403886 403885 403884 403883 403882 403881 403880 403879 403878 403877 403876 403875 403874 403873 403872 403871 403870 403869 403868 403867 403866 403865 403864 403863 403862 403861 403860 403859 403858 403857 403856 403855 403854 403853 403852 403851 403850 403849 403848 403847 403846 403845 403844 403843 403842 403841 403840 403839 403838 403837 403836 403835 403834 403833 403832 403831 403830 403829 403828 403827 403826 403825 403824 403823 403822 403821 403820 403819 403818 403817 403816 403815 403814 403813 403812 403811 403810 403809 403808 403807 403806 403805 403804 403803 403802 403801 403800 403799 403798 403797 403796 403795 403794 403793 403792 403791 403790 403789 403788 403787 403786 403785 403784 403783 403782 403781 403780 403779 403778 403777 403776 403775 403774 403773 403772 403771 403770 403769 403768 403767 403766 403765 403764 403763 403762 403761 403760 403759 403758 403757 403756 403755 403754 403753 403752 403751 403750 403749 403748 403747 403746 403745 403744 403743 403742 403741 403740 403739 403738 403737 403736 403735 403734 403733 403732 403731 403730 403729 403728 403727 403726 403725 403724 403723 403722 403721 403720 403719 403718 403717 403716 403715 403714 403713 403712 403711 403710 403709 403708 403707 403706 403705 403704 403703 403702 403701 403700 403699 403698 403697 403696 403695 403694 403693 403692 403691 403690 403689 403688 403687 403686 403685 403684 403683 403682 403681 403680 403679 403678 403677 403676 403675 403674 403673 403672 403671 403670 403669 403668 403667 403666 403665 403664 403663 403662 403661 403660 403659 403658 403657 403656 403655 403654 403653 403652 403651 403650 403649 403648 403647 403646 403645 403644 403643 403642 403641 403640 403639 403638 403637 403636 403635 403634 403633 403632 403631 403630 403629 403628 403627 403626 403625 403624 403623 403622 403621 403620 403619 403618 403617 403616 403615 403614 403613 403612 403611 403610 403609 403608 403607 403606 403605 403604 403603 403602 403601 403600 403599 403598 403597 403596 403595 403594 403593 403592 403591 403590 403589 403588 403587 403586 403585 403584 403583 403582 403581 403580 403579 403578 403577 403576 403575 403574 403573 403572 403571 403570 403569 403568 403567 403566 403565 403564 403563 403562 403561 403560 403559 403558 403557 403556 403555 403554 403553 403552 403551 403550 403549 403548 403547 403546 403545 403544 403543 403542 403541 403540 403539 403538 403537 403536 403535 403534 403533 403532 403531 403530 403529 403528 403527 403526 403525 403524 403523 403522 403521 403520 403519 403518 403517 403516 403515 403514 403513 403512 403511 403510 403509 403508 403507 403506 403505 403504 403503 403502 403501 403500 403499 403498 403497 403496 403495 403494 403493 403492 403491 403490 403489 403488 403487 403486 403485 403484 403483 403482 403481 403480 403479 403478 403477 403476 403475 403474 403473 403472 403471 403470 403469 403468 403467 403466 403465 403464 403463 403462 403461 403460 403459 403458 403457 403456 403455 403454 403453 403452 403451 403450 403449 403448 403447 403446 403445 403444 403443 403442 403441 403440 403439 403438 403437 403436 403435 403434 403433 403432 403431 403430 403429 403428 403427 403426 403425 403424 403423 403422 403421 403420 403419 403418 403417 403416 403415 403414 403413 403412 403411 403410 403409 403408 403407 403406 403405 403404 403403 403402 403401 403400 403399 403398 403397 403396 403395 403394 403393 403392 403391 403390 403389 403388 403387 403386 403385 403384 403383 403382 403381 403380 403379 403378 403377 403376 403375 403374 403373 403372 403371 403370 403369 403368 403367 403366 403365 403364 403363 403362 403361 403360 403359 403358 403357 403356 403355 403354 403353 403352 403351 403350 403349 403348 403347 403346 403345 403344 403343 403342 403341 403340 403339 403338 403337 403336 403335 403334 403333 403332 403331 403330 403329 403328 403327 403326 403325 403324 403323 403322 403321 403320 403319 403318 403317 403316 403315 403314 403313 403312 403311 403310 403309 403308 403307 403306 403305 403304 403303 403302 403301 403300 403299 403298 403297 403296 403295 403294 403293 403292 403291 403290 403289 403288 403287 403286 403285 403284 403283 403282 403281 403280 403279 403278 403277 403276 403275 403274 403273 403272 403271 403270 403269 403268 403267 403266 403265 403264 403263 403262 403261 403260 403259 403258 403257 403256 403255 403254 403253 403252 403251 403250 403249 403248 403247 403246 403245 403244 403243 403242 403241 403240 403239 403238 403237 403236 403235 403234 403233 403232 403231 403230 403229 403228 403227 403226 403225 403224 403223 403222 403221 403220 403219 403218 403217 403216 403215 403214 403213 403212 403211 403210 403209 403208 403207 403206 403205 403204 403203 403202 403201 403200 403199 403198 403197 403196 403195 403194 403193 403192 403191 403190 403189 403188 403187 403186 403185 403184 403183 403182 403181 403180 403179 403178 403177 403176 403175 403174 403173 403172 403171 403170 403169 403168 403167 403166 403165 403164 403163 403162 403161 403160 403159 403158 403157 403156 403155 403154 403153 403152 403151 403150 403149 403148 403147 403146 403145 403144 403143 403142 403141 403140 403139 403138 403137 403136 403135 403134 403133 403132 403131 403130 403129 403128 403127 403126 403125 403124 403123 403122 403121 403120 403119 403118 403117 403116 403115 403114 403113 403112 403111 403110 403109 403108 403107 403106 403105 403104 403103 403102 403101
404484 404479 57946 404477
404485 404483 57946 404481
404574 404490 404491 404492 404493 404494 404495 404496 404497 404498 404499 404500 404501 404502 404503 404504 404505 404506 404507 404508 404509 404510 404511 404512 404513 404514 404515 404516 404517 404518 404519 404520 404521 404522 404523 404524 404525 404526 404527 404528 404529 404530 404531 404532 404533 404534 404535 404536 404537 404538 404539 404540 404541 404542 404543 404544 404545 404546 404547 404548 404549 404550 404551 404552 404553 404554 404555 404556 404557 404558 404559 404560 404561 404562 404563 404564 404565 404566 404567 404568 404569 404570 404571 404572 404573
404657 404652 57946 404650
404658 404656 57946 404654
406968 392305 392306 392307 392308 392309 392310 392311 392312 392313 392314 392315 392316 392317 392318 392319 392320 392321 392322 392323 392324 392325 392326 392327 392328 392329 392330 392331 392332 392333 392334 392335 392336 392337 392338 392339 392340 392341 392342 392343 392344 392345 392346 392347 392348 392349 392350 392351 392352 392353 392354 392355 392356 392357 392358 392359 392360 392361 392362 392363 392364 392365 392366 392367 392368 392369 392370 392371 392372 392373 392374 392375 392376 392377 392378 392379 392380 392381 392382 392383 392384 392385 392386 392387 392388
406969 1 1 1 1 1 1 1 1 1 1 1 1 1 1 1 1 1 1 1 1 1 1 1 1 1 1 1 1 1 1 1 1 1 1 1 1 1 1 1 1 1 1 1 1 1 1 1 1 1 1 1 1 1 1 1 1 1 1 1 1 1 1 1 1 1 1 1 1 1 1 1 1 1 1 1 1 1 1 1 1 1 1 1 1
406971 406960 406961 406962 406963 406964 406965 406966 406967
406972 1 1 1 1 1 1 1 1
406974 1 406936 406937 406938 406939 406940 406941 406942 406943
406975 1 406960 406961 406962 406963 406964 406965 406966 406967
406981 406936 406937 406938 406939 406940 406941 406942 406943
406982 1 1 1 1 1 1 1 4
407268 407267 407261
407269 11 2
407273 407272 407261
407274 1 4
407286 1 407285 407387 407386 407385 407384 407383 407382
407325 1 407324 407379 407378 407377 407376 407375 407374
407520 1 1 1 1 1 1 1 407519
407533 1 1 1 1 1 1 1 407532
407571 1 1 1 1 1 1 1 407570
407593 1 1 1 1 1 1 1 407592
407639 1 1 1 1 1 1 1 407638
407644 1 1 1 1 1 1 1 407643
407678 1 1 1 1 1 1 1 407677
407691 1 1 1 1 1 1 1 407690
407729 1 1 1 1 1 1 1 407728
407750 1 1 1 1 1 1 1 407749
407935 407934 407933 407932 407931
407938 407921 407922 407923 407924 407925 407926 407927 407928
407939 1 1 1 1 407937 407937 407937 407937
407950 407949 407948 407947 407946 407945 407944
408039 407919 407920
408040 1 1
408057 408056 408055 408054
408114 407919 407920
408115 33 33
408252 408251 408250 408249 408248
408255 408238 408239 408240 408241 408242 408243 408244 408245
408256 1 1 1 1 408254 408254 408254 408254
408267 408266 408265 408264 408263 408262 408261
408356 408236 408237
408357 1 1
408374 408373 408372 408371
408431 408236 408237
408432 33 33
408550 408549 408540 408541
408551 1 1 1
408564 408563 408560 408561
408565 1 1 4
408578 408569 408560 408561
408579 408577 408575 408572
408585 408584 408560 408561
408586 1 1 1
408659 408656 408653 408650 408647 408644 408641 408638 408635 408632 408629 408626 408623 408620 408617 408614 408611
408745 1 1 1 1 1 408744 408838 408837
408784 1 1 1 1 1 408783 408834 408833
408843 408842 409153 409154 409155 409156
408844 11 1 1 1 1
408848 408847 408993 408994 408995 408996
408849 11 1 1 1 1
408979 1 1 1 1 1 1 1 408978
408991 1 1 1 1 1 1 1 408990
409032 1 1 1 1 1 1 1 409031
409054 1 1 1 1 1 1 1 409053
409100 1 1 1 1 1 1 1 409099
409105 1 1 1 1 1 1 1 409104
409139 1 1 1 1 1 1 1 409138
409151 1 1 1 1 1 1 1 409150
409192 1 1 1 1 1 1 1 409191
409213 1 1 1 1 1 1 1 409212
409415 409414 409413 409412 409411
409422 409419 409402 409403 409404 409405 409406 409407 409408
409423 409421 1 1 1 409417 409417 409417 409417
409434 409433 409432 409431 409430 409429 409428
409518 409399 409400
409519 1 1
409536 409535 409534 409533
409589 409399 409400
409590 33 33
409744 409743 409742 409741 409740
409751 409748 409731 409732 409733 409734 409735 409736 409737
409752 409750 1 1 1 409746 409746 409746 409746
409763 409762 409761 409760 409759 409758 409757
409847 409728 409729
409848 1 1
409865 409864 409863 409862
409918 409728 409729
409919 33 33
410037 410036 410027 410028
410038 1 1 1
410051 410050 410047 410048
410052 1 1 4
410065 410056 410047 410048
410066 410064 410062 410059
410072 410071 410047 410048
410073 1 1 1
410146 410143 410140 410137 410134 410131 410128 410125 410122 410119 410116 410113 410110 410107 410104 410101 410098
410292 410284 410285 410286 410287 410288 410289 410290 410291
410293 1 1 1 1 1 1 1 4
410306 410305 410301 410300 410299 410298 410297 410296 410295
410307 1 1 1 1 1 1 1 1
